period,location,generation_mwh
2019-01-01,AR,5495.71967
2019-01-01,AR,265.41725
2019-01-01,AR,118.669
2019-01-01,AR,3.16344
2019-01-01,AR,156.73741
2019-01-01,AR,5761.13692
2019-01-01,AR,384.08625
2019-01-01,AR,3.16344
2019-01-01,AR,156.73741
2019-01-01,AR,5879.80592
2019-01-01,AR,6039.70677
2019-01-01,IA,4450.54475
2019-01-01,IA,1138.67796
2019-01-01,IA,0.582
2019-01-01,IA,0.4258
2019-01-01,IA,20.51868
2019-01-01,IA,0.0
2019-01-01,IA,189.71577
2019-01-01,IA,5589.22271
2019-01-01,IA,1139.25996
2019-01-01,IA,20.94448
2019-01-01,IA,189.71577
2019-01-01,IA,5589.80471
2019-01-01,IA,5800.46496
2019-01-01,IL,457.26906
2019-01-01,IL,16827.13467
2019-01-01,IL,62.98436
2019-01-01,IL,0.85121
2019-01-01,IL,27.02385
2019-01-01,IL,0.00058
2019-01-01,IL,233.26005
2019-01-01,IL,17284.40372
2019-01-01,IL,16890.11903
2019-01-01,IL,27.87506
2019-01-01,IL,233.26062
2019-01-01,IL,17347.38808
2019-01-01,IL,17608.52376
2019-01-01,IN,7131.5707
2019-01-01,IN,1898.24534
2019-01-01,IN,650.4741
2019-01-01,IN,0.08204
2019-01-01,IN,19.31288
2019-01-01,IN,42.6403
2019-01-01,IN,350.34675
2019-01-01,IN,9029.81603
2019-01-01,IN,2548.71943
2019-01-01,IN,19.39492
2019-01-01,IN,392.98705
2019-01-01,IN,9680.29013
2019-01-01,IN,10092.6721
2019-01-01,KY,7037.55917
2019-01-01,KY,45.7424
2019-01-01,KY,55.81326
2019-01-01,KY,7083.30156
2019-01-01,KY,45.7424
2019-01-01,KY,55.81326
2019-01-01,KY,7083.30156
2019-01-01,KY,7139.11482
2019-01-01,LA,4243.59226
2019-01-01,LA,422.24364
2019-01-01,LA,287.535
2019-01-01,LA,14.65107
2019-01-01,LA,55.53189
2019-01-01,LA,2793.2451
2019-01-01,LA,4665.8359
2019-01-01,LA,709.77864
2019-01-01,LA,0.37493
2019-01-01,LA,14.65107
2019-01-01,LA,2848.77699
2019-01-01,LA,4953.3709
2019-01-01,LA,7816.79896
2019-01-01,MI,7356.69773
2019-01-01,MI,1657.30843
2019-01-01,MI,1328.55221
2019-01-01,MI,9.21489
2019-01-01,MI,63.69394
2019-01-01,MI,0.92128
2019-01-01,MI,137.20422
2019-01-01,MI,9014.00616
2019-01-01,MI,2985.86064
2019-01-01,MI,0.13987
2019-01-01,MI,72.90883
2019-01-01,MI,138.1255
2019-01-01,MI,10342.55837
2019-01-01,MI,10553.5927
2019-01-01,MN,4278.72313
2019-01-01,MN,936.97341
2019-01-01,MN,32.35124
2019-01-01,MN,2.44604
2019-01-01,MN,15.3175
2019-01-01,MN,4.811
2019-01-01,MN,96.72582
2019-01-01,MN,5215.69654
2019-01-01,MN,969.32465
2019-01-01,MN,17.76354
2019-01-01,MN,101.53682
2019-01-01,MN,5248.04778
2019-01-01,MN,5367.34814
2019-01-01,MO,7567.08879
2019-01-01,MO,418.56231
2019-01-01,MO,8.481
2019-01-01,MO,0.054
2019-01-01,MO,13.928
2019-01-01,MO,3.816
2019-01-01,MO,7985.65109
2019-01-01,MO,427.04331
2019-01-01,MO,13.982
2019-01-01,MO,3.816
2019-01-01,MO,7994.13209
2019-01-01,MO,8011.93009
2019-01-01,MS,4707.82969
2019-01-01,MS,271.18833
2019-01-01,MS,0.0
2019-01-01,MS,153.75888
2019-01-01,MS,4979.01801
2019-01-01,MS,271.18833
2019-01-01,MS,0.0
2019-01-01,MS,153.75888
2019-01-01,MS,4979.01801
2019-01-01,MS,5132.77689
2019-01-01,MT,784.3335
2019-01-01,MT,1738.20927
2019-01-01,MT,44.412
2019-01-01,MT,0.0
2019-01-01,MT,4.19036
2019-01-01,MT,2522.54277
2019-01-01,MT,1782.62127
2019-01-01,MT,4.19036
2019-01-01,MT,2566.95477
2019-01-01,MT,2571.14513
2019-01-01,ND,3330.20302
2019-01-01,ND,608.78948
2019-01-01,ND,0.02
2019-01-01,ND,5.44188
2019-01-01,ND,3938.9925
2019-01-01,ND,608.78948
2019-01-01,ND,0.02
2019-01-01,ND,5.44188
2019-01-01,ND,3938.9925
2019-01-01,ND,3944.45438
2019-01-01,SD,1238.34014
2019-01-01,SD,165.92526
2019-01-01,SD,0.00118
2019-01-01,SD,0.0
2019-01-01,SD,1404.2654
2019-01-01,SD,165.92526
2019-01-01,SD,0.00118
2019-01-01,SD,0.0
2019-01-01,SD,1404.2654
2019-01-01,SD,1404.26658
2019-01-01,TX,7314.6673
2019-01-01,TX,23943.42605
2019-01-01,TX,3601.03922
2019-01-01,TX,4.87067
2019-01-01,TX,60.85755
2019-01-01,TX,357.9162
2019-01-01,TX,3435.54739
2019-01-01,TX,31258.09335
2019-01-01,TX,27544.46527
2019-01-01,TX,97.94887
2019-01-01,TX,65.72822
2019-01-01,TX,3793.4636
2019-01-01,TX,34859.13257
2019-01-01,TX,38718.32439
2019-01-01,WI,4683.69518
2019-01-01,WI,997.68482
2019-01-01,WI,52.07697
2019-01-01,WI,2.38671
2019-01-01,WI,8.63806
2019-01-01,WI,4.85806
2019-01-01,WI,164.30144
2019-01-01,WI,5681.38
2019-01-01,WI,1049.76179
2019-01-01,WI,11.02477
2019-01-01,WI,169.1595
2019-01-01,WI,5733.45697
2019-01-01,WI,5913.64124
2019-02-01,AR,4829.48881
2019-02-01,AR,441.44173
2019-02-01,AR,108.91
2019-02-01,AR,4.07056
2019-02-01,AR,141.85771
2019-02-01,AR,5270.93054
2019-02-01,AR,550.35173
2019-02-01,AR,4.07056
2019-02-01,AR,141.85771
2019-02-01,AR,5379.84054
2019-02-01,AR,5525.76881
2019-02-01,IA,4093.70585
2019-02-01,IA,950.1158
2019-02-01,IA,0.453
2019-02-01,IA,0.27484
2019-02-01,IA,17.83647
2019-02-01,IA,0.002
2019-02-01,IA,151.61512
2019-02-01,IA,5043.82165
2019-02-01,IA,950.5688
2019-02-01,IA,18.11131
2019-02-01,IA,151.61712
2019-02-01,IA,5044.27465
2019-02-01,IA,5214.00308
2019-02-01,IL,411.33578
2019-02-01,IL,14104.40112
2019-02-01,IL,54.05821
2019-02-01,IL,0.66924
2019-02-01,IL,25.90424
2019-02-01,IL,0.00052
2019-02-01,IL,216.73332
2019-02-01,IL,14515.7369
2019-02-01,IL,14158.45932
2019-02-01,IL,26.57349
2019-02-01,IL,216.73385
2019-02-01,IL,14569.7951
2019-02-01,IL,14813.10244
2019-02-01,IN,5786.72724
2019-02-01,IN,1735.67965
2019-02-01,IN,551.32993
2019-02-01,IN,0.12734
2019-02-01,IN,17.46798
2019-02-01,IN,32.51533
2019-02-01,IN,270.70352
2019-02-01,IN,7522.40688
2019-02-01,IN,2287.00958
2019-02-01,IN,17.59531
2019-02-01,IN,303.21885
2019-02-01,IN,8073.73681
2019-02-01,IN,8394.55097
2019-02-01,KY,5496.18934
2019-02-01,KY,27.25732
2019-02-01,KY,49.795
2019-02-01,KY,5523.44666
2019-02-01,KY,27.25732
2019-02-01,KY,49.795
2019-02-01,KY,5523.44666
2019-02-01,KY,5573.24166
2019-02-01,LA,3458.8876
2019-02-01,LA,425.91851
2019-02-01,LA,288.794
2019-02-01,LA,12.03871
2019-02-01,LA,56.66397
2019-02-01,LA,2485.12752
2019-02-01,LA,3884.80611
2019-02-01,LA,714.71251
2019-02-01,LA,0.3015
2019-02-01,LA,12.03871
2019-02-01,LA,2541.79149
2019-02-01,LA,4173.60011
2019-02-01,LA,6727.43031
2019-02-01,MI,6658.91666
2019-02-01,MI,1626.71531
2019-02-01,MI,1232.69688
2019-02-01,MI,8.27569
2019-02-01,MI,58.27126
2019-02-01,MI,0.8049
2019-02-01,MI,114.93517
2019-02-01,MI,8285.63196
2019-02-01,MI,2859.41219
2019-02-01,MI,0.11959
2019-02-01,MI,66.54695
2019-02-01,MI,115.74007
2019-02-01,MI,9518.32884
2019-02-01,MI,9700.61586
2019-02-01,MN,3845.49723
2019-02-01,MN,768.88973
2019-02-01,MN,30.28326
2019-02-01,MN,1.93505
2019-02-01,MN,15.23258
2019-02-01,MN,4.391
2019-02-01,MN,89.14316
2019-02-01,MN,4614.38695
2019-02-01,MN,799.17299
2019-02-01,MN,17.16763
2019-02-01,MN,93.53416
2019-02-01,MN,4644.67021
2019-02-01,MN,4755.372
2019-02-01,MO,6421.55289
2019-02-01,MO,365.97065
2019-02-01,MO,7.512
2019-02-01,MO,0.079
2019-02-01,MO,14.229
2019-02-01,MO,3.46
2019-02-01,MO,6787.52355
2019-02-01,MO,373.48265
2019-02-01,MO,14.308
2019-02-01,MO,3.46
2019-02-01,MO,6795.03555
2019-02-01,MO,6812.80355
2019-02-01,MS,4162.39749
2019-02-01,MS,66.37631
2019-02-01,MS,0.0
2019-02-01,MS,134.18796
2019-02-01,MS,4228.7738
2019-02-01,MS,66.37631
2019-02-01,MS,0.0
2019-02-01,MS,134.18796
2019-02-01,MS,4228.7738
2019-02-01,MS,4362.96176
2019-02-01,MT,828.16517
2019-02-01,MT,1518.5012
2019-02-01,MT,39.913
2019-02-01,MT,0.0
2019-02-01,MT,3.01172
2019-02-01,MT,2346.66637
2019-02-01,MT,1558.4142
2019-02-01,MT,3.01172
2019-02-01,MT,2386.57937
2019-02-01,MT,2389.59108
2019-02-01,ND,2769.58198
2019-02-01,ND,481.49999
2019-02-01,ND,0.048
2019-02-01,ND,4.73238
2019-02-01,ND,3251.08197
2019-02-01,ND,481.49999
2019-02-01,ND,0.048
2019-02-01,ND,4.73238
2019-02-01,ND,3251.08197
2019-02-01,ND,3255.86235
2019-02-01,SD,916.59619
2019-02-01,SD,141.18796
2019-02-01,SD,0.0011
2019-02-01,SD,0.0
2019-02-01,SD,1057.78415
2019-02-01,SD,141.18796
2019-02-01,SD,0.0011
2019-02-01,SD,0.0
2019-02-01,SD,1057.78415
2019-02-01,SD,1057.78524
2019-02-01,TX,6098.68367
2019-02-01,TX,21642.22195
2019-02-01,TX,3021.91974
2019-02-01,TX,5.12189
2019-02-01,TX,56.77768
2019-02-01,TX,330.57254
2019-02-01,TX,2804.3532
2019-02-01,TX,27740.90562
2019-02-01,TX,24664.14169
2019-02-01,TX,85.70017
2019-02-01,TX,61.89957
2019-02-01,TX,3134.92574
2019-02-01,TX,30762.82536
2019-02-01,TX,33959.65067
2019-02-01,WI,4236.16461
2019-02-01,WI,891.713
2019-02-01,WI,40.79107
2019-02-01,WI,2.13403
2019-02-01,WI,8.91135
2019-02-01,WI,4.07879
2019-02-01,WI,143.74677
2019-02-01,WI,5127.87761
2019-02-01,WI,932.50406
2019-02-01,WI,11.04538
2019-02-01,WI,147.82556
2019-02-01,WI,5168.66868
2019-02-01,WI,5327.53961
2019-03-01,AR,4480.47176
2019-03-01,AR,367.53141
2019-03-01,AR,115.587
2019-03-01,AR,3.55046
2019-03-01,AR,154.0732
2019-03-01,AR,4848.00317
2019-03-01,AR,483.11841
2019-03-01,AR,3.55046
2019-03-01,AR,154.0732
2019-03-01,AR,4963.59017
2019-03-01,AR,5121.21383
2019-03-01,IA,4237.01923
2019-03-01,IA,1245.93092
2019-03-01,IA,0.472
2019-03-01,IA,0.39962
2019-03-01,IA,19.18704
2019-03-01,IA,0.005
2019-03-01,IA,177.43701
2019-03-01,IA,5482.95015
2019-03-01,IA,1246.40292
2019-03-01,IA,19.58666
2019-03-01,IA,177.44201
2019-03-01,IA,5483.42215
2019-03-01,IA,5680.45082
2019-03-01,IL,403.1682
2019-03-01,IL,14945.73591
2019-03-01,IL,60.76306
2019-03-01,IL,0.9098
2019-03-01,IL,27.51317
2019-03-01,IL,0.19155
2019-03-01,IL,219.79374
2019-03-01,IL,15348.90411
2019-03-01,IL,15006.49897
2019-03-01,IL,28.42297
2019-03-01,IL,219.98529
2019-03-01,IL,15409.66717
2019-03-01,IL,15658.07544
2019-03-01,IN,6443.98338
2019-03-01,IN,1740.63799
2019-03-01,IN,592.85123
2019-03-01,IN,0.17903
2019-03-01,IN,20.33141
2019-03-01,IN,39.00634
2019-03-01,IN,310.49662
2019-03-01,IN,8184.62137
2019-03-01,IN,2333.48922
2019-03-01,IN,20.51044
2019-03-01,IN,349.50295
2019-03-01,IN,8777.4726
2019-03-01,IN,9147.48599
2019-03-01,KY,5852.03536
2019-03-01,KY,39.00081
2019-03-01,KY,45.41365
2019-03-01,KY,5891.03617
2019-03-01,KY,39.00081
2019-03-01,KY,45.41365
2019-03-01,KY,5891.03617
2019-03-01,KY,5936.44982
2019-03-01,LA,3798.41888
2019-03-01,LA,462.69361
2019-03-01,LA,244.803
2019-03-01,LA,13.00026
2019-03-01,LA,45.69908
2019-03-01,LA,2636.14309
2019-03-01,LA,4261.11249
2019-03-01,LA,707.49661
2019-03-01,LA,0.34203
2019-03-01,LA,13.00026
2019-03-01,LA,2681.84217
2019-03-01,LA,4505.91549
2019-03-01,LA,7200.75792
2019-03-01,MI,6459.0408
2019-03-01,MI,1717.39281
2019-03-01,MI,1206.80824
2019-03-01,MI,7.95915
2019-03-01,MI,60.93955
2019-03-01,MI,0.84018
2019-03-01,MI,124.45224
2019-03-01,MI,8176.4336
2019-03-01,MI,2924.20104
2019-03-01,MI,0.12814
2019-03-01,MI,68.8987
2019-03-01,MI,125.29241
2019-03-01,MI,9383.24184
2019-03-01,MI,9577.43295
2019-03-01,MN,3581.15548
2019-03-01,MN,1013.01651
2019-03-01,MN,42.86685
2019-03-01,MN,2.40697
2019-03-01,MN,18.35382
2019-03-01,MN,5.549
2019-03-01,MN,105.41638
2019-03-01,MN,4594.17199
2019-03-01,MN,1055.88336
2019-03-01,MN,20.76079
2019-03-01,MN,110.96538
2019-03-01,MN,4637.03884
2019-03-01,MN,4768.765
2019-03-01,MO,6055.03551
2019-03-01,MO,490.77894
2019-03-01,MO,9.669
2019-03-01,MO,0.138
2019-03-01,MO,15.678
2019-03-01,MO,3.063
2019-03-01,MO,6545.81445
2019-03-01,MO,500.44794
2019-03-01,MO,15.816
2019-03-01,MO,3.063
2019-03-01,MO,6555.48345
2019-03-01,MO,6574.36245
2019-03-01,MS,4518.75892
2019-03-01,MS,313.81794
2019-03-01,MS,0.0
2019-03-01,MS,139.00743
2019-03-01,MS,4832.57686
2019-03-01,MS,313.81794
2019-03-01,MS,0.0
2019-03-01,MS,139.00743
2019-03-01,MS,4832.57686
2019-03-01,MS,4971.58429
2019-03-01,MT,901.02994
2019-03-01,MT,1633.30007
2019-03-01,MT,43.961
2019-03-01,MT,0.0
2019-03-01,MT,2.21224
2019-03-01,MT,2534.33001
2019-03-01,MT,1677.26107
2019-03-01,MT,2.21224
2019-03-01,MT,2578.29101
2019-03-01,MT,2580.50325
2019-03-01,ND,3109.74299
2019-03-01,ND,667.62507
2019-03-01,ND,0.0
2019-03-01,ND,4.64117
2019-03-01,ND,3777.36806
2019-03-01,ND,667.62507
2019-03-01,ND,0.0
2019-03-01,ND,4.64117
2019-03-01,ND,3777.36806
2019-03-01,ND,3782.00922
2019-03-01,SD,1342.20766
2019-03-01,SD,192.06069
2019-03-01,SD,0.00158
2019-03-01,SD,0.0
2019-03-01,SD,1534.26835
2019-03-01,SD,192.06069
2019-03-01,SD,0.00158
2019-03-01,SD,0.0
2019-03-01,SD,1534.26835
2019-03-01,SD,1534.26994
2019-03-01,TX,6366.0484
2019-03-01,TX,22222.15497
2019-03-01,TX,3475.90202
2019-03-01,TX,4.3587
2019-03-01,TX,59.35206
2019-03-01,TX,320.22112
2019-03-01,TX,2939.80354
2019-03-01,TX,28588.20337
2019-03-01,TX,25698.05698
2019-03-01,TX,70.08913
2019-03-01,TX,63.71076
2019-03-01,TX,3260.02467
2019-03-01,TX,32064.10538
2019-03-01,TX,35387.8408
2019-03-01,WI,4011.37187
2019-03-01,WI,894.89366
2019-03-01,WI,76.40739
2019-03-01,WI,2.43336
2019-03-01,WI,10.6993
2019-03-01,WI,4.6619
2019-03-01,WI,156.91936
2019-03-01,WI,4906.26552
2019-03-01,WI,971.30105
2019-03-01,WI,13.13267
2019-03-01,WI,161.58126
2019-03-01,WI,4982.67292
2019-03-01,WI,5157.38685
2019-04-01,AR,3827.26174
2019-04-01,AR,49.93838
2019-04-01,AR,117.344
2019-04-01,AR,3.17968
2019-04-01,AR,143.29548
2019-04-01,AR,3877.20013
2019-04-01,AR,167.28238
2019-04-01,AR,3.17968
2019-04-01,AR,143.29548
2019-04-01,AR,3994.54413
2019-04-01,AR,4141.01928
2019-04-01,IA,3265.48508
2019-04-01,IA,1213.86814
2019-04-01,IA,0.392
2019-04-01,IA,0.3618
2019-04-01,IA,16.67932
2019-04-01,IA,0.013
2019-04-01,IA,162.91027
2019-04-01,IA,4479.35321
2019-04-01,IA,1214.26014
2019-04-01,IA,17.04112
2019-04-01,IA,162.92327
2019-04-01,IA,4479.74521
2019-04-01,IA,4659.70961
2019-04-01,IL,338.42849
2019-04-01,IL,13735.47531
2019-04-01,IL,58.24526
2019-04-01,IL,0.96801
2019-04-01,IL,26.79995
2019-04-01,IL,0.32757
2019-04-01,IL,201.18019
2019-04-01,IL,14073.9038
2019-04-01,IL,13793.72057
2019-04-01,IL,27.76796
2019-04-01,IL,201.50775
2019-04-01,IL,14132.14906
2019-04-01,IL,14361.42477
2019-04-01,IN,5870.01706
2019-04-01,IN,1429.96951
2019-04-01,IN,584.62218
2019-04-01,IN,0.18729
2019-04-01,IN,24.33572
2019-04-01,IN,39.94517
2019-04-01,IN,276.97407
2019-04-01,IN,7299.98657
2019-04-01,IN,2014.59169
2019-04-01,IN,24.52302
2019-04-01,IN,316.91924
2019-04-01,IN,7884.60875
2019-04-01,IN,8226.051
2019-04-01,KY,4197.66197
2019-04-01,KY,11.51644
2019-04-01,KY,14.86117
2019-04-01,KY,4209.17841
2019-04-01,KY,11.51644
2019-04-01,KY,14.86117
2019-04-01,KY,4209.17841
2019-04-01,KY,4224.03958
2019-04-01,LA,4460.55992
2019-04-01,LA,373.22826
2019-04-01,LA,256.615
2019-04-01,LA,14.62726
2019-04-01,LA,34.90409
2019-04-01,LA,2557.98162
2019-04-01,LA,4833.78818
2019-04-01,LA,629.84326
2019-04-01,LA,0.39599
2019-04-01,LA,14.62726
2019-04-01,LA,2592.88572
2019-04-01,LA,5090.40318
2019-04-01,LA,7697.91616
2019-04-01,MI,5506.71489
2019-04-01,MI,1603.83293
2019-04-01,MI,1289.89975
2019-04-01,MI,7.41087
2019-04-01,MI,49.56068
2019-04-01,MI,0.76533
2019-04-01,MI,122.68789
2019-04-01,MI,7110.54781
2019-04-01,MI,2893.73268
2019-04-01,MI,0.13228
2019-04-01,MI,56.97155
2019-04-01,MI,123.45322
2019-04-01,MI,8400.44756
2019-04-01,MI,8580.87234
2019-04-01,MN,3140.47515
2019-04-01,MN,885.02322
2019-04-01,MN,90.40469
2019-04-01,MN,2.02936
2019-04-01,MN,10.04669
2019-04-01,MN,5.715
2019-04-01,MN,79.71189
2019-04-01,MN,4025.49837
2019-04-01,MN,975.42791
2019-04-01,MN,12.07605
2019-04-01,MN,85.42689
2019-04-01,MN,4115.90306
2019-04-01,MN,4213.406
2019-04-01,MO,4472.6485
2019-04-01,MO,366.89862
2019-04-01,MO,7.014
2019-04-01,MO,0.155
2019-04-01,MO,14.198
2019-04-01,MO,2.509
2019-04-01,MO,4839.54712
2019-04-01,MO,373.91262
2019-04-01,MO,14.353
2019-04-01,MO,2.509
2019-04-01,MO,4846.56112
2019-04-01,MO,4863.42312
2019-04-01,MS,4494.00311
2019-04-01,MS,311.08264
2019-04-01,MS,0.0
2019-04-01,MS,160.88592
2019-04-01,MS,4805.08575
2019-04-01,MS,311.08264
2019-04-01,MS,0.0
2019-04-01,MS,160.88592
2019-04-01,MS,4805.08575
2019-04-01,MS,4965.97167
2019-04-01,MT,965.59137
2019-04-01,MT,998.07385
2019-04-01,MT,42.155
2019-04-01,MT,0.0
2019-04-01,MT,1.92805
2019-04-01,MT,1963.66521
2019-04-01,MT,1040.22885
2019-04-01,MT,1.92805
2019-04-01,MT,2005.82021
2019-04-01,MT,2007.74826
2019-04-01,ND,2362.47629
2019-04-01,ND,600.16417
2019-04-01,ND,0.0
2019-04-01,ND,4.57408
2019-04-01,ND,2962.64046
2019-04-01,ND,600.16417
2019-04-01,ND,0.0
2019-04-01,ND,4.57408
2019-04-01,ND,2962.64046
2019-04-01,ND,2967.21453
2019-04-01,SD,1232.41286
2019-04-01,SD,193.85696
2019-04-01,SD,0.00092
2019-04-01,SD,0.0
2019-04-01,SD,1426.26982
2019-04-01,SD,193.85696
2019-04-01,SD,0.00092
2019-04-01,SD,0.0
2019-04-01,SD,1426.26982
2019-04-01,SD,1426.27074
2019-04-01,TX,4647.33049
2019-04-01,TX,22256.21902
2019-04-01,TX,3287.20534
2019-04-01,TX,5.59632
2019-04-01,TX,38.694
2019-04-01,TX,291.70749
2019-04-01,TX,2900.5815
2019-04-01,TX,26903.54951
2019-04-01,TX,25543.42436
2019-04-01,TX,57.54896
2019-04-01,TX,44.29032
2019-04-01,TX,3192.28899
2019-04-01,TX,30190.75485
2019-04-01,TX,33427.33416
2019-04-01,WI,3539.51893
2019-04-01,WI,711.38359
2019-04-01,WI,111.84807
2019-04-01,WI,2.62366
2019-04-01,WI,10.41611
2019-04-01,WI,3.19346
2019-04-01,WI,145.21853
2019-04-01,WI,4250.90252
2019-04-01,WI,823.23166
2019-04-01,WI,13.03977
2019-04-01,WI,148.41198
2019-04-01,WI,4362.75059
2019-04-01,WI,4524.20234
2019-05-01,AR,4673.52812
2019-05-01,AR,303.42923
2019-05-01,AR,81.754
2019-05-01,AR,3.64294
2019-05-01,AR,141.50284
2019-05-01,AR,4976.95734
2019-05-01,AR,385.18323
2019-05-01,AR,3.64294
2019-05-01,AR,141.50284
2019-05-01,AR,5058.71134
2019-05-01,AR,5203.85712
2019-05-01,IA,3308.16235
2019-05-01,IA,1067.96245
2019-05-01,IA,0.368
2019-05-01,IA,0.58482
2019-05-01,IA,14.72637
2019-05-01,IA,0.001
2019-05-01,IA,164.74561
2019-05-01,IA,4376.12481
2019-05-01,IA,1068.33045
2019-05-01,IA,15.31119
2019-05-01,IA,164.74661
2019-05-01,IA,4376.49281
2019-05-01,IA,4556.55061
2019-05-01,IL,397.54302
2019-05-01,IL,13999.7277
2019-05-01,IL,56.54926
2019-05-01,IL,0.75831
2019-05-01,IL,23.52155
2019-05-01,IL,0.34755
2019-05-01,IL,165.43479
2019-05-01,IL,14397.27072
2019-05-01,IL,14056.27695
2019-05-01,IL,24.27986
2019-05-01,IL,165.78234
2019-05-01,IL,14453.81997
2019-05-01,IL,14643.88218
2019-05-01,IN,5324.45555
2019-05-01,IN,1509.76268
2019-05-01,IN,505.09706
2019-05-01,IN,0.19398
2019-05-01,IN,24.85516
2019-05-01,IN,43.3564
2019-05-01,IN,333.72342
2019-05-01,IN,6834.21823
2019-05-01,IN,2014.85974
2019-05-01,IN,25.04915
2019-05-01,IN,377.07983
2019-05-01,IN,7339.31529
2019-05-01,IN,7741.44426
2019-05-01,KY,5642.77959
2019-05-01,KY,2.49416
2019-05-01,KY,32.01704
2019-05-01,KY,5645.27375
2019-05-01,KY,2.49416
2019-05-01,KY,32.01704
2019-05-01,KY,5645.27375
2019-05-01,KY,5677.29079
2019-05-01,LA,5205.20634
2019-05-01,LA,585.09094
2019-05-01,LA,235.67
2019-05-01,LA,11.32543
2019-05-01,LA,44.01019
2019-05-01,LA,2480.30426
2019-05-01,LA,5790.29728
2019-05-01,LA,820.76094
2019-05-01,LA,0.42923
2019-05-01,LA,11.32543
2019-05-01,LA,2524.31445
2019-05-01,LA,6025.96728
2019-05-01,LA,8561.60716
2019-05-01,MI,5986.65018
2019-05-01,MI,1561.88396
2019-05-01,MI,1423.5066
2019-05-01,MI,9.88566
2019-05-01,MI,51.4077
2019-05-01,MI,0.79619
2019-05-01,MI,101.08352
2019-05-01,MI,7548.53414
2019-05-01,MI,2985.39056
2019-05-01,MI,0.12528
2019-05-01,MI,61.29336
2019-05-01,MI,101.87971
2019-05-01,MI,8972.04074
2019-05-01,MI,9135.21381
2019-05-01,MN,3522.66114
2019-05-01,MN,1010.38786
2019-05-01,MN,55.43613
2019-05-01,MN,2.19207
2019-05-01,MN,11.24058
2019-05-01,MN,6.963
2019-05-01,MN,87.36941
2019-05-01,MN,4533.04899
2019-05-01,MN,1065.82398
2019-05-01,MN,13.43265
2019-05-01,MN,94.33241
2019-05-01,MN,4588.48512
2019-05-01,MN,4696.25018
2019-05-01,MO,5404.66237
2019-05-01,MO,490.35924
2019-05-01,MO,3.568
2019-05-01,MO,0.172
2019-05-01,MO,13.046
2019-05-01,MO,2.01
2019-05-01,MO,5895.02161
2019-05-01,MO,493.92724
2019-05-01,MO,13.218
2019-05-01,MO,2.01
2019-05-01,MO,5898.58961
2019-05-01,MO,5913.81761
2019-05-01,MS,4841.89093
2019-05-01,MS,316.9466
2019-05-01,MS,0.0
2019-05-01,MS,140.29353
2019-05-01,MS,5158.83753
2019-05-01,MS,316.9466
2019-05-01,MS,0.0
2019-05-01,MS,140.29353
2019-05-01,MS,5158.83753
2019-05-01,MS,5299.13106
2019-05-01,MT,1007.6413
2019-05-01,MT,699.50397
2019-05-01,MT,43.845
2019-05-01,MT,0.0
2019-05-01,MT,1.41547
2019-05-01,MT,1707.14527
2019-05-01,MT,743.34897
2019-05-01,MT,1.41547
2019-05-01,MT,1750.99027
2019-05-01,MT,1752.40574
2019-05-01,ND,2332.45991
2019-05-01,ND,549.87503
2019-05-01,ND,0.0
2019-05-01,ND,5.10243
2019-05-01,ND,2882.33493
2019-05-01,ND,549.87503
2019-05-01,ND,0.0
2019-05-01,ND,5.10243
2019-05-01,ND,2882.33493
2019-05-01,ND,2887.43736
2019-05-01,SD,1286.95841
2019-05-01,SD,157.70136
2019-05-01,SD,0.00162
2019-05-01,SD,1.36497
2019-05-01,SD,1444.65978
2019-05-01,SD,157.70136
2019-05-01,SD,0.00162
2019-05-01,SD,1.36497
2019-05-01,SD,1444.65978
2019-05-01,SD,1446.02637
2019-05-01,TX,7042.7498
2019-05-01,TX,26358.68184
2019-05-01,TX,3363.57879
2019-05-01,TX,5.13314
2019-05-01,TX,59.71295
2019-05-01,TX,356.58053
2019-05-01,TX,3141.02927
2019-05-01,TX,33401.43164
2019-05-01,TX,29722.26063
2019-05-01,TX,77.16213
2019-05-01,TX,64.84609
2019-05-01,TX,3497.60979
2019-05-01,TX,36765.01043
2019-05-01,TX,40327.46631
2019-05-01,WI,3625.32212
2019-05-01,WI,962.02631
2019-05-01,WI,92.87767
2019-05-01,WI,1.91661
2019-05-01,WI,8.88773
2019-05-01,WI,3.02285
2019-05-01,WI,132.03555
2019-05-01,WI,4587.34843
2019-05-01,WI,1054.90398
2019-05-01,WI,10.80434
2019-05-01,WI,135.05841
2019-05-01,WI,4680.2261
2019-05-01,WI,4826.08885
2019-06-01,AR,4765.76967
2019-06-01,AR,431.10593
2019-06-01,AR,106.169
2019-06-01,AR,4.70974
2019-06-01,AR,135.05455
2019-06-01,AR,5196.87559
2019-06-01,AR,537.27493
2019-06-01,AR,4.70974
2019-06-01,AR,135.05455
2019-06-01,AR,5303.04459
2019-06-01,AR,5442.80888
2019-06-01,IA,3880.32954
2019-06-01,IA,913.43569
2019-06-01,IA,0.462
2019-06-01,IA,0.73482
2019-06-01,IA,19.02069
2019-06-01,IA,0.0
2019-06-01,IA,187.95985
2019-06-01,IA,4793.76522
2019-06-01,IA,913.89769
2019-06-01,IA,19.75551
2019-06-01,IA,187.95985
2019-06-01,IA,4794.22722
2019-06-01,IA,5001.94257
2019-06-01,IL,389.64917
2019-06-01,IL,14312.25287
2019-06-01,IL,60.57549
2019-06-01,IL,0.83232
2019-06-01,IL,26.09105
2019-06-01,IL,0.77855
2019-06-01,IL,213.20499
2019-06-01,IL,14701.90204
2019-06-01,IL,14372.82836
2019-06-01,IL,26.92337
2019-06-01,IL,213.98354
2019-06-01,IL,14762.47753
2019-06-01,IL,15003.38444
2019-06-01,IN,4964.24373
2019-06-01,IN,1612.11666
2019-06-01,IN,349.32601
2019-06-01,IN,0.21768
2019-06-01,IN,23.6135
2019-06-01,IN,45.18949
2019-06-01,IN,319.58816
2019-06-01,IN,6576.36039
2019-06-01,IN,1961.44266
2019-06-01,IN,23.83118
2019-06-01,IN,364.77765
2019-06-01,IN,6925.6864
2019-06-01,IN,7314.29523
2019-06-01,KY,6264.74251
2019-06-01,KY,18.34627
2019-06-01,KY,47.59463
2019-06-01,KY,6283.08878
2019-06-01,KY,18.34627
2019-06-01,KY,47.59463
2019-06-01,KY,6283.08878
2019-06-01,KY,6330.68341
2019-06-01,LA,6246.38612
2019-06-01,LA,331.88618
2019-06-01,LA,268.944
2019-06-01,LA,7.85332
2019-06-01,LA,52.16861
2019-06-01,LA,2501.17996
2019-06-01,LA,6578.2723
2019-06-01,LA,600.83018
2019-06-01,LA,0.45697
2019-06-01,LA,7.85332
2019-06-01,LA,2553.34856
2019-06-01,LA,6847.2163
2019-06-01,LA,9408.41819
2019-06-01,MI,6827.58303
2019-06-01,MI,1464.37276
2019-06-01,MI,1329.78019
2019-06-01,MI,8.46126
2019-06-01,MI,46.23294
2019-06-01,MI,0.86931
2019-06-01,MI,101.46604
2019-06-01,MI,8291.95579
2019-06-01,MI,2794.15295
2019-06-01,MI,0.13047
2019-06-01,MI,54.6942
2019-06-01,MI,102.33535
2019-06-01,MI,9621.73598
2019-06-01,MI,9778.76552
2019-06-01,MN,3891.54006
2019-06-01,MN,992.62805
2019-06-01,MN,69.5653
2019-06-01,MN,1.61696
2019-06-01,MN,10.84011
2019-06-01,MN,8.122
2019-06-01,MN,101.51584
2019-06-01,MN,4884.16811
2019-06-01,MN,1062.19335
2019-06-01,MN,12.45707
2019-06-01,MN,109.63784
2019-06-01,MN,4953.73341
2019-06-01,MN,5075.82832
2019-06-01,MO,5825.29149
2019-06-01,MO,497.54258
2019-06-01,MO,3.054
2019-06-01,MO,0.151
2019-06-01,MO,13.983
2019-06-01,MO,1.96
2019-06-01,MO,6322.83408
2019-06-01,MO,500.59658
2019-06-01,MO,14.134
2019-06-01,MO,1.96
2019-06-01,MO,6325.88808
2019-06-01,MO,6341.98208
2019-06-01,MS,5087.96892
2019-06-01,MS,280.24534
2019-06-01,MS,0.0
2019-06-01,MS,146.63757
2019-06-01,MS,5368.21426
2019-06-01,MS,280.24534
2019-06-01,MS,0.0
2019-06-01,MS,146.63757
2019-06-01,MS,5368.21426
2019-06-01,MS,5514.85183
2019-06-01,MT,1015.28817
2019-06-01,MT,1001.56264
2019-06-01,MT,29.451
2019-06-01,MT,0.0
2019-06-01,MT,2.34617
2019-06-01,MT,2016.85081
2019-06-01,MT,1031.01364
2019-06-01,MT,2.34617
2019-06-01,MT,2046.30181
2019-06-01,MT,2048.64798
2019-06-01,ND,2569.09226
2019-06-01,ND,461.82421
2019-06-01,ND,0.0
2019-06-01,ND,4.76122
2019-06-01,ND,3030.91647
2019-06-01,ND,461.82421
2019-06-01,ND,0.0
2019-06-01,ND,4.76122
2019-06-01,ND,3030.91647
2019-06-01,ND,3035.67769
2019-06-01,SD,1197.72672
2019-06-01,SD,134.10021
2019-06-01,SD,0.00139
2019-06-01,SD,1.58141
2019-06-01,SD,1331.82693
2019-06-01,SD,134.10021
2019-06-01,SD,0.00139
2019-06-01,SD,1.58141
2019-06-01,SD,1331.82693
2019-06-01,SD,1333.40973
2019-06-01,TX,8277.20146
2019-06-01,TX,27859.99998
2019-06-01,TX,3650.28523
2019-06-01,TX,4.93469
2019-06-01,TX,69.4171
2019-06-01,TX,389.32279
2019-06-01,TX,3254.27599
2019-06-01,TX,36137.20144
2019-06-01,TX,31510.2852
2019-06-01,TX,79.46279
2019-06-01,TX,74.3518
2019-06-01,TX,3643.59878
2019-06-01,TX,39787.48666
2019-06-01,TX,43505.43724
2019-06-01,WI,3637.46368
2019-06-01,WI,976.91729
2019-06-01,WI,82.02853
2019-06-01,WI,1.75905
2019-06-01,WI,8.20043
2019-06-01,WI,2.34325
2019-06-01,WI,124.98439
2019-06-01,WI,4614.38097
2019-06-01,WI,1058.94582
2019-06-01,WI,9.95948
2019-06-01,WI,127.32764
2019-06-01,WI,4696.4095
2019-06-01,WI,4833.69662
2019-07-01,AR,5380.40547
2019-07-01,AR,413.07619
2019-07-01,AR,115.111
2019-07-01,AR,2.40295
2019-07-01,AR,4.79439
2019-07-01,AR,140.47565
2019-07-01,AR,5793.48165
2019-07-01,AR,528.18719
2019-07-01,AR,7.19735
2019-07-01,AR,140.47565
2019-07-01,AR,5908.59265
2019-07-01,AR,6056.26565
2019-07-01,IA,4733.10686
2019-07-01,IA,900.80063
2019-07-01,IA,0.212
2019-07-01,IA,0.86584
2019-07-01,IA,20.41887
2019-07-01,IA,0.01
2019-07-01,IA,268.66148
2019-07-01,IA,5633.90749
2019-07-01,IA,901.01263
2019-07-01,IA,21.28471
2019-07-01,IA,268.67148
2019-07-01,IA,5634.11949
2019-07-01,IA,5924.07569
2019-07-01,IL,655.20021
2019-07-01,IL,16383.65575
2019-07-01,IL,66.66575
2019-07-01,IL,0.80866
2019-07-01,IL,42.64686
2019-07-01,IL,1.30445
2019-07-01,IL,239.27474
2019-07-01,IL,17038.85596
2019-07-01,IL,16450.3215
2019-07-01,IL,43.45552
2019-07-01,IL,240.5792
2019-07-01,IL,17105.52171
2019-07-01,IL,17389.55643
2019-07-01,IN,7462.52463
2019-07-01,IN,1579.91864
2019-07-01,IN,688.71892
2019-07-01,IN,0.26314
2019-07-01,IN,28.98715
2019-07-01,IN,45.70629
2019-07-01,IN,331.98113
2019-07-01,IN,9042.44327
2019-07-01,IN,2268.63755
2019-07-01,IN,29.2503
2019-07-01,IN,377.68742
2019-07-01,IN,9731.16219
2019-07-01,IN,10138.0999
2019-07-01,KY,7012.17835
2019-07-01,KY,82.52123
2019-07-01,KY,37.92002
2019-07-01,KY,7094.69958
2019-07-01,KY,82.52123
2019-07-01,KY,37.92002
2019-07-01,KY,7094.69958
2019-07-01,KY,7132.6196
2019-07-01,LA,6729.126
2019-07-01,LA,478.86231
2019-07-01,LA,258.178
2019-07-01,LA,16.05031
2019-07-01,LA,50.16172
2019-07-01,LA,2703.00449
2019-07-01,LA,7207.98831
2019-07-01,LA,737.04031
2019-07-01,LA,0.48167
2019-07-01,LA,16.05031
2019-07-01,LA,2753.16621
2019-07-01,LA,7466.16631
2019-07-01,LA,10235.38283
2019-07-01,MI,7982.79841
2019-07-01,MI,1572.90222
2019-07-01,MI,1554.49946
2019-07-01,MI,9.56946
2019-07-01,MI,52.60149
2019-07-01,MI,0.84299
2019-07-01,MI,125.1437
2019-07-01,MI,9555.70063
2019-07-01,MI,3127.40169
2019-07-01,MI,0.1781
2019-07-01,MI,62.17094
2019-07-01,MI,125.98669
2019-07-01,MI,11110.2001
2019-07-01,MI,11298.35772
2019-07-01,MN,4313.90079
2019-07-01,MN,1029.66516
2019-07-01,MN,103.33526
2019-07-01,MN,1.53433
2019-07-01,MN,22.1681
2019-07-01,MN,6.589
2019-07-01,MN,89.76187
2019-07-01,MN,5343.56595
2019-07-01,MN,1133.00042
2019-07-01,MN,23.70244
2019-07-01,MN,96.35087
2019-07-01,MN,5446.90121
2019-07-01,MN,5566.95452
2019-07-01,MO,7134.02201
2019-07-01,MO,506.89116
2019-07-01,MO,3.85
2019-07-01,MO,0.152
2019-07-01,MO,17.588
2019-07-01,MO,1.812
2019-07-01,MO,7640.91317
2019-07-01,MO,510.74116
2019-07-01,MO,17.74
2019-07-01,MO,1.812
2019-07-01,MO,7644.76317
2019-07-01,MO,7664.31517
2019-07-01,MS,6625.4201
2019-07-01,MS,268.78029
2019-07-01,MS,0.0
2019-07-01,MS,164.36628
2019-07-01,MS,6894.20039
2019-07-01,MS,268.78029
2019-07-01,MS,0.0
2019-07-01,MS,164.36628
2019-07-01,MS,6894.20039
2019-07-01,MS,7058.56667
2019-07-01,MT,1123.90909
2019-07-01,MT,1436.17558
2019-07-01,MT,42.148
2019-07-01,MT,0.0
2019-07-01,MT,2.26029
2019-07-01,MT,2560.08467
2019-07-01,MT,1478.32358
2019-07-01,MT,2.26029
2019-07-01,MT,2602.23267
2019-07-01,MT,2604.49296
2019-07-01,ND,3051.24741
2019-07-01,ND,399.11384
2019-07-01,ND,0.0
2019-07-01,ND,5.24838
2019-07-01,ND,3450.36125
2019-07-01,ND,399.11384
2019-07-01,ND,0.0
2019-07-01,ND,5.24838
2019-07-01,ND,3450.36125
2019-07-01,ND,3455.60963
2019-07-01,SD,973.71601
2019-07-01,SD,136.55797
2019-07-01,SD,0.00083
2019-07-01,SD,2.02243
2019-07-01,SD,1110.27399
2019-07-01,SD,136.55797
2019-07-01,SD,0.00083
2019-07-01,SD,2.02243
2019-07-01,SD,1110.27399
2019-07-01,SD,1112.29725
2019-07-01,TX,9898.38875
2019-07-01,TX,30777.97298
2019-07-01,TX,4061.89403
2019-07-01,TX,5.04052
2019-07-01,TX,69.07671
2019-07-01,TX,408.9637
2019-07-01,TX,3571.81954
2019-07-01,TX,40676.36173
2019-07-01,TX,34839.867
2019-07-01,TX,86.52507
2019-07-01,TX,74.11723
2019-07-01,TX,3980.78325
2019-07-01,TX,44738.25575
2019-07-01,TX,48793.15623
2019-07-01,WI,4490.85957
2019-07-01,WI,1107.82378
2019-07-01,WI,104.07251
2019-07-01,WI,1.26569
2019-07-01,WI,9.22511
2019-07-01,WI,2.33797
2019-07-01,WI,128.50686
2019-07-01,WI,5598.68335
2019-07-01,WI,1211.89629
2019-07-01,WI,10.4908
2019-07-01,WI,130.84482
2019-07-01,WI,5702.75585
2019-07-01,WI,5844.09148
2019-08-01,AR,5826.50011
2019-08-01,AR,419.02644
2019-08-01,AR,119.038
2019-08-01,AR,1.607
2019-08-01,AR,5.18863
2019-08-01,AR,129.39376
2019-08-01,AR,6245.52654
2019-08-01,AR,538.06444
2019-08-01,AR,6.79563
2019-08-01,AR,129.39376
2019-08-01,AR,6364.56454
2019-08-01,AR,6500.75393
2019-08-01,IA,4040.77262
2019-08-01,IA,785.79852
2019-08-01,IA,0.24
2019-08-01,IA,0.6198
2019-08-01,IA,19.55818
2019-08-01,IA,0.004
2019-08-01,IA,208.48494
2019-08-01,IA,4826.57114
2019-08-01,IA,786.03852
2019-08-01,IA,20.17798
2019-08-01,IA,208.48894
2019-08-01,IA,4826.81114
2019-08-01,IA,5055.47806
2019-08-01,IL,546.34193
2019-08-01,IL,14939.53122
2019-08-01,IL,68.88133
2019-08-01,IL,0.55085
2019-08-01,IL,40.41272
2019-08-01,IL,0.9487
2019-08-01,IL,228.66429
2019-08-01,IL,15485.87315
2019-08-01,IL,15008.41256
2019-08-01,IL,40.96357
2019-08-01,IL,229.61299
2019-08-01,IL,15554.75448
2019-08-01,IL,15825.33104
2019-08-01,IN,5891.17373
2019-08-01,IN,1529.13473
2019-08-01,IN,742.013
2019-08-01,IN,0.24316
2019-08-01,IN,27.9691
2019-08-01,IN,49.33316
2019-08-01,IN,341.7054
2019-08-01,IN,7420.30846
2019-08-01,IN,2271.14773
2019-08-01,IN,28.21226
2019-08-01,IN,391.03855
2019-08-01,IN,8162.32146
2019-08-01,IN,8581.57227
2019-08-01,KY,6981.70548
2019-08-01,KY,20.26333
2019-08-01,KY,48.46462
2019-08-01,KY,7001.96881
2019-08-01,KY,20.26333
2019-08-01,KY,48.46462
2019-08-01,KY,7001.96881
2019-08-01,KY,7050.43343
2019-08-01,LA,6556.02105
2019-08-01,LA,399.278
2019-08-01,LA,269.762
2019-08-01,LA,17.12466
2019-08-01,LA,49.41384
2019-08-01,LA,2760.57864
2019-08-01,LA,6955.29905
2019-08-01,LA,669.04
2019-08-01,LA,0.48503
2019-08-01,LA,17.12466
2019-08-01,LA,2809.99248
2019-08-01,LA,7225.06105
2019-08-01,LA,10052.17819
2019-08-01,MI,7550.1623
2019-08-01,MI,1613.32719
2019-08-01,MI,1495.82369
2019-08-01,MI,8.91474
2019-08-01,MI,50.61022
2019-08-01,MI,0.8551
2019-08-01,MI,118.90787
2019-08-01,MI,9163.48949
2019-08-01,MI,3109.15088
2019-08-01,MI,0.1668
2019-08-01,MI,59.52496
2019-08-01,MI,119.76297
2019-08-01,MI,10659.31318
2019-08-01,MI,10838.60111
2019-08-01,MN,3980.05085
2019-08-01,MN,1005.80205
2019-08-01,MN,91.19832
2019-08-01,MN,1.27166
2019-08-01,MN,16.43463
2019-08-01,MN,5.598
2019-08-01,MN,90.80813
2019-08-01,MN,4985.8529
2019-08-01,MN,1097.00037
2019-08-01,MN,17.70629
2019-08-01,MN,96.40613
2019-08-01,MN,5077.05121
2019-08-01,MN,5191.16363
2019-08-01,MO,6869.692
2019-08-01,MO,511.10829
2019-08-01,MO,3.507
2019-08-01,MO,0.145
2019-08-01,MO,17.585
2019-08-01,MO,1.996
2019-08-01,MO,7380.80028
2019-08-01,MO,514.61529
2019-08-01,MO,17.73
2019-08-01,MO,1.996
2019-08-01,MO,7384.30728
2019-08-01,MO,7404.03328
2019-08-01,MS,6746.36848
2019-08-01,MS,310.08564
2019-08-01,MS,0.0
2019-08-01,MS,174.32634
2019-08-01,MS,7056.45411
2019-08-01,MS,310.08564
2019-08-01,MS,0.0
2019-08-01,MS,174.32634
2019-08-01,MS,7056.45411
2019-08-01,MS,7230.78045
2019-08-01,MT,1079.33191
2019-08-01,MT,1654.11768
2019-08-01,MT,41.487
2019-08-01,MT,0.0
2019-08-01,MT,2.37577
2019-08-01,MT,2733.44959
2019-08-01,MT,1695.60468
2019-08-01,MT,2.37577
2019-08-01,MT,2774.93659
2019-08-01,MT,2777.31237
2019-08-01,ND,3147.53072
2019-08-01,ND,475.20219
2019-08-01,ND,0.0
2019-08-01,ND,5.02868
2019-08-01,ND,3622.73291
2019-08-01,ND,475.20219
2019-08-01,ND,0.0
2019-08-01,ND,5.02868
2019-08-01,ND,3622.73291
2019-08-01,ND,3627.76159
2019-08-01,SD,788.92584
2019-08-01,SD,111.96951
2019-08-01,SD,0.00109
2019-08-01,SD,2.09463
2019-08-01,SD,900.89536
2019-08-01,SD,111.96951
2019-08-01,SD,0.00109
2019-08-01,SD,2.09463
2019-08-01,SD,900.89536
2019-08-01,SD,902.99108
2019-08-01,TX,10683.56283
2019-08-01,TX,31811.98552
2019-08-01,TX,4437.59653
2019-08-01,TX,3.8521
2019-08-01,TX,79.41015
2019-08-01,TX,419.30335
2019-08-01,TX,3619.63545
2019-08-01,TX,42495.54835
2019-08-01,TX,36249.58205
2019-08-01,TX,87.57077
2019-08-01,TX,83.26226
2019-08-01,TX,4038.9388
2019-08-01,TX,46933.14488
2019-08-01,TX,51055.34593
2019-08-01,WI,4515.01724
2019-08-01,WI,1053.58539
2019-08-01,WI,96.17171
2019-08-01,WI,1.11389
2019-08-01,WI,8.7532
2019-08-01,WI,3.5484
2019-08-01,WI,140.10463
2019-08-01,WI,5568.60263
2019-08-01,WI,1149.7571
2019-08-01,WI,9.86709
2019-08-01,WI,143.65303
2019-08-01,WI,5664.77434
2019-08-01,WI,5818.29446
2019-09-01,AR,5430.84264
2019-09-01,AR,418.26766
2019-09-01,AR,112.977
2019-09-01,AR,1.421
2019-09-01,AR,4.1095
2019-09-01,AR,125.4977
2019-09-01,AR,5849.1103
2019-09-01,AR,531.24466
2019-09-01,AR,5.5305
2019-09-01,AR,125.4977
2019-09-01,AR,5962.0873
2019-09-01,AR,6093.1155
2019-09-01,IA,3911.5379
2019-09-01,IA,1075.35347
2019-09-01,IA,0.355
2019-09-01,IA,0.28486
2019-09-01,IA,20.61402
2019-09-01,IA,0.003
2019-09-01,IA,181.79749
2019-09-01,IA,4986.89137
2019-09-01,IA,1075.70847
2019-09-01,IA,20.89888
2019-09-01,IA,181.80049
2019-09-01,IA,4987.24637
2019-09-01,IA,5189.94573
2019-09-01,IL,383.53296
2019-09-01,IL,13751.22786
2019-09-01,IL,57.90573
2019-09-01,IL,0.56102
2019-09-01,IL,24.9043
2019-09-01,IL,0.79197
2019-09-01,IL,214.44925
2019-09-01,IL,14134.76082
2019-09-01,IL,13809.13359
2019-09-01,IL,25.46532
2019-09-01,IL,215.24122
2019-09-01,IL,14192.66655
2019-09-01,IL,14433.37309
2019-09-01,IN,5478.0263
2019-09-01,IN,1508.88163
2019-09-01,IN,701.8969
2019-09-01,IN,0.17605
2019-09-01,IN,28.08869
2019-09-01,IN,35.51622
2019-09-01,IN,309.43049
2019-09-01,IN,6986.90792
2019-09-01,IN,2210.77853
2019-09-01,IN,28.26473
2019-09-01,IN,344.9467
2019-09-01,IN,7688.80483
2019-09-01,IN,8062.01626
2019-09-01,KY,6804.28014
2019-09-01,KY,43.61955
2019-09-01,KY,32.38987
2019-09-01,KY,6847.89969
2019-09-01,KY,43.61955
2019-09-01,KY,32.38987
2019-09-01,KY,6847.89969
2019-09-01,KY,6880.28956
2019-09-01,LA,6091.76497
2019-09-01,LA,497.33438
2019-09-01,LA,220.299
2019-09-01,LA,15.82472
2019-09-01,LA,54.77704
2019-09-01,LA,2645.61567
2019-09-01,LA,6589.09935
2019-09-01,LA,717.63338
2019-09-01,LA,0.42482
2019-09-01,LA,15.82472
2019-09-01,LA,2700.39271
2019-09-01,LA,6809.39835
2019-09-01,LA,9525.61578
2019-09-01,MI,6692.08121
2019-09-01,MI,1628.24054
2019-09-01,MI,1082.39013
2019-09-01,MI,7.23394
2019-09-01,MI,49.05299
2019-09-01,MI,0.76841
2019-09-01,MI,101.56946
2019-09-01,MI,8320.32175
2019-09-01,MI,2710.63067
2019-09-01,MI,0.13234
2019-09-01,MI,56.28694
2019-09-01,MI,102.33787
2019-09-01,MI,9402.71188
2019-09-01,MI,9561.33668
2019-09-01,MN,3509.16593
2019-09-01,MN,1165.72603
2019-09-01,MN,77.42592
2019-09-01,MN,2.22694
2019-09-01,MN,12.37965
2019-09-01,MN,5.28
2019-09-01,MN,89.66942
2019-09-01,MN,4674.89195
2019-09-01,MN,1243.15194
2019-09-01,MN,14.6066
2019-09-01,MN,94.94942
2019-09-01,MN,4752.31787
2019-09-01,MN,4861.87389
2019-09-01,MO,5839.22377
2019-09-01,MO,500.18685
2019-09-01,MO,3.791
2019-09-01,MO,0.124
2019-09-01,MO,17.902
2019-09-01,MO,2.813
2019-09-01,MO,6339.41063
2019-09-01,MO,503.97785
2019-09-01,MO,18.026
2019-09-01,MO,2.813
2019-09-01,MO,6343.20163
2019-09-01,MO,6364.04063
2019-09-01,MS,6137.20549
2019-09-01,MS,155.45942
2019-09-01,MS,0.0
2019-09-01,MS,170.33395
2019-09-01,MS,6292.66492
2019-09-01,MS,155.45942
2019-09-01,MS,0.0
2019-09-01,MS,170.33395
2019-09-01,MS,6292.66492
2019-09-01,MS,6462.99887
2019-09-01,MT,872.66023
2019-09-01,MT,1587.82717
2019-09-01,MT,36.161
2019-09-01,MT,0.0
2019-09-01,MT,2.37421
2019-09-01,MT,2460.4874
2019-09-01,MT,1623.98817
2019-09-01,MT,2.37421
2019-09-01,MT,2496.6484
2019-09-01,MT,2499.02261
2019-09-01,ND,2645.95513
2019-09-01,ND,597.45858
2019-09-01,ND,0.0
2019-09-01,ND,5.08287
2019-09-01,ND,3243.41371
2019-09-01,ND,597.45858
2019-09-01,ND,0.0
2019-09-01,ND,5.08287
2019-09-01,ND,3243.41371
2019-09-01,ND,3248.49657
2019-09-01,SD,789.95542
2019-09-01,SD,184.47165
2019-09-01,SD,0.00126
2019-09-01,SD,1.60695
2019-09-01,SD,974.42707
2019-09-01,SD,184.47165
2019-09-01,SD,0.00126
2019-09-01,SD,1.60695
2019-09-01,SD,974.42707
2019-09-01,SD,976.03528
2019-09-01,TX,8443.21545
2019-09-01,TX,29383.7116
2019-09-01,TX,3955.4315
2019-09-01,TX,5.02332
2019-09-01,TX,73.08999
2019-09-01,TX,389.44725
2019-09-01,TX,3465.16651
2019-09-01,TX,37826.92705
2019-09-01,TX,33339.14311
2019-09-01,TX,85.19343
2019-09-01,TX,78.11331
2019-09-01,TX,3854.61376
2019-09-01,TX,41782.35855
2019-09-01,TX,45715.08562
2019-09-01,WI,3778.00639
2019-09-01,WI,1007.01224
2019-09-01,WI,91.85739
2019-09-01,WI,1.46931
2019-09-01,WI,9.96493
2019-09-01,WI,3.62625
2019-09-01,WI,128.26902
2019-09-01,WI,4785.01863
2019-09-01,WI,1098.86962
2019-09-01,WI,11.43424
2019-09-01,WI,131.89527
2019-09-01,WI,4876.87602
2019-09-01,WI,5020.20552
2019-10-01,AR,4137.08825
2019-10-01,AR,360.8827
2019-10-01,AR,75.577
2019-10-01,AR,1.404
2019-10-01,AR,4.56019
2019-10-01,AR,109.71771
2019-10-01,AR,4497.97095
2019-10-01,AR,436.4597
2019-10-01,AR,5.96419
2019-10-01,AR,109.71771
2019-10-01,AR,4573.54795
2019-10-01,AR,4689.22985
2019-10-01,IA,3180.18584
2019-10-01,IA,1225.05344
2019-10-01,IA,0.236
2019-10-01,IA,0.4529
2019-10-01,IA,19.20829
2019-10-01,IA,0.004
2019-10-01,IA,186.92623
2019-10-01,IA,4405.23928
2019-10-01,IA,1225.28944
2019-10-01,IA,19.66119
2019-10-01,IA,186.93023
2019-10-01,IA,4405.47528
2019-10-01,IA,4612.06671
2019-10-01,IL,371.84123
2019-10-01,IL,13279.34943
2019-10-01,IL,56.85564
2019-10-01,IL,0.71949
2019-10-01,IL,28.33887
2019-10-01,IL,0.82665
2019-10-01,IL,191.25182
2019-10-01,IL,13651.19066
2019-10-01,IL,13336.20507
2019-10-01,IL,29.05836
2019-10-01,IL,192.07846
2019-10-01,IL,13708.0463
2019-10-01,IL,13929.18312
2019-10-01,IN,4946.17024
2019-10-01,IN,1766.04609
2019-10-01,IN,546.1379
2019-10-01,IN,0.14759
2019-10-01,IN,25.21425
2019-10-01,IN,17.08539
2019-10-01,IN,350.51415
2019-10-01,IN,6712.21634
2019-10-01,IN,2312.184
2019-10-01,IN,25.36184
2019-10-01,IN,367.59954
2019-10-01,IN,7258.35424
2019-10-01,IN,7651.31562
2019-10-01,KY,5198.19537
2019-10-01,KY,29.06899
2019-10-01,KY,48.59372
2019-10-01,KY,5227.26436
2019-10-01,KY,29.06899
2019-10-01,KY,48.59372
2019-10-01,KY,5227.26436
2019-10-01,KY,5275.85808
2019-10-01,LA,4952.83287
2019-10-01,LA,406.43801
2019-10-01,LA,222.593
2019-10-01,LA,14.4419
2019-10-01,LA,46.41626
2019-10-01,LA,2582.37144
2019-10-01,LA,5359.27088
2019-10-01,LA,629.03101
2019-10-01,LA,0.36542
2019-10-01,LA,14.4419
2019-10-01,LA,2628.7877
2019-10-01,LA,5581.86388
2019-10-01,LA,8225.09348
2019-10-01,MI,5616.92825
2019-10-01,MI,1796.99933
2019-10-01,MI,1259.13324
2019-10-01,MI,0.8103
2019-10-01,MI,50.27921
2019-10-01,MI,0.765
2019-10-01,MI,114.60052
2019-10-01,MI,7413.92758
2019-10-01,MI,3056.13257
2019-10-01,MI,0.15578
2019-10-01,MI,51.08951
2019-10-01,MI,115.36551
2019-10-01,MI,8673.06082
2019-10-01,MI,8839.51584
2019-10-01,MN,3158.09458
2019-10-01,MN,1286.23507
2019-10-01,MN,86.12119
2019-10-01,MN,2.84221
2019-10-01,MN,10.11996
2019-10-01,MN,4.559
2019-10-01,MN,73.5567
2019-10-01,MN,4444.32965
2019-10-01,MN,1372.35626
2019-10-01,MN,12.96217
2019-10-01,MN,78.1157
2019-10-01,MN,4530.45084
2019-10-01,MN,4621.52871
2019-10-01,MO,5154.22687
2019-10-01,MO,561.02283
2019-10-01,MO,3.644
2019-10-01,MO,0.059
2019-10-01,MO,15.887
2019-10-01,MO,3.052
2019-10-01,MO,5715.24969
2019-10-01,MO,564.66683
2019-10-01,MO,15.946
2019-10-01,MO,3.052
2019-10-01,MO,5718.89369
2019-10-01,MO,5737.89169
2019-10-01,MS,5065.27378
2019-10-01,MS,181.16407
2019-10-01,MS,0.0
2019-10-01,MS,168.3713
2019-10-01,MS,5246.43785
2019-10-01,MS,181.16407
2019-10-01,MS,0.0
2019-10-01,MS,168.3713
2019-10-01,MS,5246.43785
2019-10-01,MS,5414.80915
2019-10-01,MT,777.90806
2019-10-01,MT,1284.01382
2019-10-01,MT,9.908
2019-10-01,MT,0.0
2019-10-01,MT,3.08869
2019-10-01,MT,2061.92188
2019-10-01,MT,1293.92182
2019-10-01,MT,3.08869
2019-10-01,MT,2071.82988
2019-10-01,MT,2074.91857
2019-10-01,ND,2568.31859
2019-10-01,ND,783.33786
2019-10-01,ND,0.0
2019-10-01,ND,4.9732
2019-10-01,ND,3351.65645
2019-10-01,ND,783.33786
2019-10-01,ND,0.0
2019-10-01,ND,4.9732
2019-10-01,ND,3351.65645
2019-10-01,ND,3356.62965
2019-10-01,SD,777.96706
2019-10-01,SD,204.97697
2019-10-01,SD,0.00133
2019-10-01,SD,1.32608
2019-10-01,SD,982.94403
2019-10-01,SD,204.97697
2019-10-01,SD,0.00133
2019-10-01,SD,1.32608
2019-10-01,SD,982.94403
2019-10-01,SD,984.27144
2019-10-01,TX,6180.14554
2019-10-01,TX,24840.37613
2019-10-01,TX,3591.47137
2019-10-01,TX,5.08779
2019-10-01,TX,43.51962
2019-10-01,TX,378.79465
2019-10-01,TX,3282.62293
2019-10-01,TX,31020.52168
2019-10-01,TX,28431.8475
2019-10-01,TX,81.08003
2019-10-01,TX,48.60741
2019-10-01,TX,3661.41757
2019-10-01,TX,34611.99305
2019-10-01,TX,38322.01803
2019-10-01,WI,3782.0693
2019-10-01,WI,1028.76086
2019-10-01,WI,46.04066
2019-10-01,WI,2.12579
2019-10-01,WI,10.25501
2019-10-01,WI,3.76966
2019-10-01,WI,138.48701
2019-10-01,WI,4810.83016
2019-10-01,WI,1074.80152
2019-10-01,WI,12.3808
2019-10-01,WI,142.25667
2019-10-01,WI,4856.87082
2019-10-01,WI,5011.50829
2019-11-01,AR,4090.34565
2019-11-01,AR,409.65034
2019-11-01,AR,0.424
2019-11-01,AR,0.801
2019-11-01,AR,3.35632
2019-11-01,AR,105.74018
2019-11-01,AR,4499.99598
2019-11-01,AR,410.07434
2019-11-01,AR,4.15732
2019-11-01,AR,105.74018
2019-11-01,AR,4500.41998
2019-11-01,AR,4610.31748
2019-11-01,IA,4086.06974
2019-11-01,IA,1225.67412
2019-11-01,IA,0.242
2019-11-01,IA,0.44686
2019-11-01,IA,18.08862
2019-11-01,IA,0.004
2019-11-01,IA,188.41468
2019-11-01,IA,5311.74386
2019-11-01,IA,1225.91612
2019-11-01,IA,18.53548
2019-11-01,IA,188.41868
2019-11-01,IA,5311.98586
2019-11-01,IA,5518.94001
2019-11-01,IL,410.33509
2019-11-01,IL,14467.14558
2019-11-01,IL,54.17168
2019-11-01,IL,0.5436
2019-11-01,IL,29.63141
2019-11-01,IL,0.66984
2019-11-01,IL,226.72213
2019-11-01,IL,14877.48067
2019-11-01,IL,14521.31726
2019-11-01,IL,30.17501
2019-11-01,IL,227.39197
2019-11-01,IL,14931.65235
2019-11-01,IL,15189.21933
2019-11-01,IN,6149.85121
2019-11-01,IN,1822.73298
2019-11-01,IN,696.65109
2019-11-01,IN,0.08824
2019-11-01,IN,25.21989
2019-11-01,IN,46.40544
2019-11-01,IN,358.18205
2019-11-01,IN,7972.58418
2019-11-01,IN,2519.38406
2019-11-01,IN,25.30813
2019-11-01,IN,404.58749
2019-11-01,IN,8669.23527
2019-11-01,IN,9099.13088
2019-11-01,KY,4727.31842
2019-11-01,KY,45.90711
2019-11-01,KY,51.2419
2019-11-01,KY,4773.22552
2019-11-01,KY,45.90711
2019-11-01,KY,51.2419
2019-11-01,KY,4773.22552
2019-11-01,KY,4824.46742
2019-11-01,LA,3989.9679
2019-11-01,LA,337.52906
2019-11-01,LA,219.646
2019-11-01,LA,11.32913
2019-11-01,LA,43.16167
2019-11-01,LA,2687.56204
2019-11-01,LA,4327.49696
2019-11-01,LA,557.17506
2019-11-01,LA,0.33036
2019-11-01,LA,11.32913
2019-11-01,LA,2730.72372
2019-11-01,LA,4547.14296
2019-11-01,LA,7289.19581
2019-11-01,MI,5524.03187
2019-11-01,MI,1673.055
2019-11-01,MI,1257.36401
2019-11-01,MI,9.59796
2019-11-01,MI,48.60337
2019-11-01,MI,0.69489
2019-11-01,MI,117.25862
2019-11-01,MI,7197.08687
2019-11-01,MI,2930.419
2019-11-01,MI,0.14137
2019-11-01,MI,58.20134
2019-11-01,MI,117.95351
2019-11-01,MI,8454.45087
2019-11-01,MI,8630.60572
2019-11-01,MN,3695.19908
2019-11-01,MN,1190.54706
2019-11-01,MN,84.55078
2019-11-01,MN,2.53273
2019-11-01,MN,11.267
2019-11-01,MN,5.88
2019-11-01,MN,70.10201
2019-11-01,MN,4885.74613
2019-11-01,MN,1275.09784
2019-11-01,MN,13.79973
2019-11-01,MN,75.98201
2019-11-01,MN,4970.29691
2019-11-01,MN,5060.07866
2019-11-01,MO,5884.7119
2019-11-01,MO,252.76346
2019-11-01,MO,3.629
2019-11-01,MO,0.001
2019-11-01,MO,16.027
2019-11-01,MO,3.925
2019-11-01,MO,6137.47535
2019-11-01,MO,256.39246
2019-11-01,MO,16.028
2019-11-01,MO,3.925
2019-11-01,MO,6141.10435
2019-11-01,MO,6161.05735
2019-11-01,MS,4254.92658
2019-11-01,MS,191.68278
2019-11-01,MS,0.0
2019-11-01,MS,169.35554
2019-11-01,MS,4446.60936
2019-11-01,MS,191.68278
2019-11-01,MS,0.0
2019-11-01,MS,169.35554
2019-11-01,MS,4446.60936
2019-11-01,MS,4615.96489
2019-11-01,MT,736.52465
2019-11-01,MT,1585.44251
2019-11-01,MT,42.406
2019-11-01,MT,0.0
2019-11-01,MT,3.28046
2019-11-01,MT,2321.96715
2019-11-01,MT,1627.84851
2019-11-01,MT,3.28046
2019-11-01,MT,2364.37315
2019-11-01,MT,2367.65361
2019-11-01,ND,3008.06165
2019-11-01,ND,608.94302
2019-11-01,ND,0.004
2019-11-01,ND,4.88843
2019-11-01,ND,3617.00467
2019-11-01,ND,608.94302
2019-11-01,ND,0.004
2019-11-01,ND,4.88843
2019-11-01,ND,3617.00467
2019-11-01,ND,3621.8971
2019-11-01,SD,890.48549
2019-11-01,SD,229.71155
2019-11-01,SD,0.00116
2019-11-01,SD,1.00952
2019-11-01,SD,1120.19705
2019-11-01,SD,229.71155
2019-11-01,SD,0.00116
2019-11-01,SD,1.00952
2019-11-01,SD,1120.19705
2019-11-01,SD,1121.20772
2019-11-01,TX,5246.19388
2019-11-01,TX,23559.12112
2019-11-01,TX,3444.49944
2019-11-01,TX,4.63743
2019-11-01,TX,42.12474
2019-11-01,TX,330.58476
2019-11-01,TX,3383.81752
2019-11-01,TX,28805.315
2019-11-01,TX,27003.62056
2019-11-01,TX,75.73016
2019-11-01,TX,46.76217
2019-11-01,TX,3714.40228
2019-11-01,TX,32249.81444
2019-11-01,TX,36010.97888
2019-11-01,WI,3888.8626
2019-11-01,WI,968.26011
2019-11-01,WI,47.72485
2019-11-01,WI,1.98004
2019-11-01,WI,9.49869
2019-11-01,WI,3.56323
2019-11-01,WI,149.42148
2019-11-01,WI,4857.12271
2019-11-01,WI,1015.98495
2019-11-01,WI,11.47873
2019-11-01,WI,152.98471
2019-11-01,WI,4904.84755
2019-11-01,WI,5069.31099
2019-12-01,AR,4405.95176
2019-12-01,AR,379.97475
2019-12-01,AR,119.984
2019-12-01,AR,0.981
2019-12-01,AR,3.22832
2019-12-01,AR,108.72153
2019-12-01,AR,4785.92651
2019-12-01,AR,499.95875
2019-12-01,AR,4.20932
2019-12-01,AR,108.72153
2019-12-01,AR,4905.91051
2019-12-01,AR,5018.84136
2019-12-01,IA,3947.93978
2019-12-01,IA,1288.25575
2019-12-01,IA,0.139
2019-12-01,IA,0.36982
2019-12-01,IA,19.45493
2019-12-01,IA,0.003
2019-12-01,IA,179.77274
2019-12-01,IA,5236.19553
2019-12-01,IA,1288.39475
2019-12-01,IA,19.82475
2019-12-01,IA,179.77574
2019-12-01,IA,5236.33453
2019-12-01,IA,5435.93502
2019-12-01,IL,427.72786
2019-12-01,IL,14875.13345
2019-12-01,IL,56.32523
2019-12-01,IL,0.66049
2019-12-01,IL,31.6843
2019-12-01,IL,0.37847
2019-12-01,IL,223.08598
2019-12-01,IL,15302.8613
2019-12-01,IL,14931.45868
2019-12-01,IL,32.34479
2019-12-01,IL,223.46445
2019-12-01,IL,15359.18653
2019-12-01,IL,15614.99576
2019-12-01,IN,4988.23563
2019-12-01,IN,1995.70592
2019-12-01,IN,648.62167
2019-12-01,IN,0.07847
2019-12-01,IN,24.12504
2019-12-01,IN,49.58367
2019-12-01,IN,350.39607
2019-12-01,IN,6983.94156
2019-12-01,IN,2644.32759
2019-12-01,IN,24.20351
2019-12-01,IN,399.97974
2019-12-01,IN,7632.56322
2019-12-01,IN,8056.74647
2019-12-01,KY,5681.9643
2019-12-01,KY,30.3694
2019-12-01,KY,47.43193
2019-12-01,KY,5712.3337
2019-12-01,KY,30.3694
2019-12-01,KY,47.43193
2019-12-01,KY,5712.3337
2019-12-01,KY,5759.76564
2019-12-01,LA,4179.53257
2019-12-01,LA,221.0481
2019-12-01,LA,197.588
2019-12-01,LA,15.24582
2019-12-01,LA,46.83051
2019-12-01,LA,2774.12226
2019-12-01,LA,4400.58067
2019-12-01,LA,418.6361
2019-12-01,LA,0.33565
2019-12-01,LA,15.24582
2019-12-01,LA,2820.95277
2019-12-01,LA,4598.16867
2019-12-01,LA,7434.36726
2019-12-01,MI,6720.35429
2019-12-01,MI,1819.63413
2019-12-01,MI,1491.1568
2019-12-01,MI,9.93209
2019-12-01,MI,50.46647
2019-12-01,MI,0.70543
2019-12-01,MI,114.32874
2019-12-01,MI,8539.98842
2019-12-01,MI,3310.79093
2019-12-01,MI,0.14847
2019-12-01,MI,60.39855
2019-12-01,MI,115.03417
2019-12-01,MI,10031.14523
2019-12-01,MI,10206.57795
2019-12-01,MN,3895.94635
2019-12-01,MN,1087.58146
2019-12-01,MN,113.32407
2019-12-01,MN,2.20667
2019-12-01,MN,12.29955
2019-12-01,MN,5.282
2019-12-01,MN,84.18034
2019-12-01,MN,4983.52781
2019-12-01,MN,1200.90553
2019-12-01,MN,14.50622
2019-12-01,MN,89.46234
2019-12-01,MN,5096.85188
2019-12-01,MN,5200.82045
2019-12-01,MO,5953.1388
2019-12-01,MO,448.1074
2019-12-01,MO,3.685
2019-12-01,MO,0.0
2019-12-01,MO,20.221
2019-12-01,MO,3.942
2019-12-01,MO,6401.2462
2019-12-01,MO,451.7924
2019-12-01,MO,20.221
2019-12-01,MO,3.942
2019-12-01,MO,6404.9312
2019-12-01,MO,6429.0942
2019-12-01,MS,4723.51653
2019-12-01,MS,35.27064
2019-12-01,MS,0.0
2019-12-01,MS,169.57503
2019-12-01,MS,4758.78717
2019-12-01,MS,35.27064
2019-12-01,MS,0.0
2019-12-01,MS,169.57503
2019-12-01,MS,4758.78717
2019-12-01,MS,4928.36219
2019-12-01,MT,615.49663
2019-12-01,MT,1460.33824
2019-12-01,MT,43.872
2019-12-01,MT,0.0
2019-12-01,MT,3.93058
2019-12-01,MT,2075.83487
2019-12-01,MT,1504.21024
2019-12-01,MT,3.93058
2019-12-01,MT,2119.70687
2019-12-01,MT,2123.63744
2019-12-01,ND,3296.74907
2019-12-01,ND,662.15317
2019-12-01,ND,0.006
2019-12-01,ND,5.3653
2019-12-01,ND,3958.90223
2019-12-01,ND,662.15317
2019-12-01,ND,0.006
2019-12-01,ND,5.3653
2019-12-01,ND,3958.90223
2019-12-01,ND,3964.27353
2019-12-01,SD,949.58919
2019-12-01,SD,256.8099
2019-12-01,SD,0.00124
2019-12-01,SD,1.41502
2019-12-01,SD,1206.39909
2019-12-01,SD,256.8099
2019-12-01,SD,0.00124
2019-12-01,SD,1.41502
2019-12-01,SD,1206.39909
2019-12-01,SD,1207.81535
2019-12-01,TX,5619.34444
2019-12-01,TX,24755.30896
2019-12-01,TX,3611.82773
2019-12-01,TX,5.0303
2019-12-01,TX,44.57361
2019-12-01,TX,339.48693
2019-12-01,TX,3602.82043
2019-12-01,TX,30374.6534
2019-12-01,TX,28367.1367
2019-12-01,TX,77.40073
2019-12-01,TX,49.60391
2019-12-01,TX,3942.30736
2019-12-01,TX,33986.48113
2019-12-01,TX,37978.39239
2019-12-01,WI,4172.31808
2019-12-01,WI,1003.79497
2019-12-01,WI,78.74574
2019-12-01,WI,2.56386
2019-12-01,WI,9.88209
2019-12-01,WI,3.83875
2019-12-01,WI,157.18905
2019-12-01,WI,5176.11305
2019-12-01,WI,1082.54071
2019-12-01,WI,12.44595
2019-12-01,WI,161.0278
2019-12-01,WI,5254.85879
2019-12-01,WI,5428.33253
2020-01-01,AR,3876.90721
2020-01-01,AR,339.05011
2020-01-01,AR,115.717
2020-01-01,AR,0.88
2020-01-01,AR,4.83214
2020-01-01,AR,109.29417
2020-01-01,AR,4215.95732
2020-01-01,AR,454.76711
2020-01-01,AR,5.71214
2020-01-01,AR,109.29417
2020-01-01,AR,4331.67432
2020-01-01,AR,4446.68063
2020-01-01,IA,3712.27968
2020-01-01,IA,1169.57075
2020-01-01,IA,0.0
2020-01-01,IA,0.38582
2020-01-01,IA,19.02978
2020-01-01,IA,0.003
2020-01-01,IA,187.12671
2020-01-01,IA,4881.85043
2020-01-01,IA,1169.57075
2020-01-01,IA,19.4156
2020-01-01,IA,187.12971
2020-01-01,IA,4881.85043
2020-01-01,IA,5088.39575
2020-01-01,IL,554.25184
2020-01-01,IL,14451.9619
2020-01-01,IL,56.98516
2020-01-01,IL,0.45009
2020-01-01,IL,39.73186
2020-01-01,IL,0.90858
2020-01-01,IL,240.44908
2020-01-01,IL,15006.21374
2020-01-01,IL,14508.94706
2020-01-01,IL,40.18196
2020-01-01,IL,241.35766
2020-01-01,IL,15063.1989
2020-01-01,IL,15344.73851
2020-01-01,IN,4553.29123
2020-01-01,IN,1953.3601
2020-01-01,IN,739.7296
2020-01-01,IN,0.06977
2020-01-01,IN,22.75688
2020-01-01,IN,47.45478
2020-01-01,IN,373.69457
2020-01-01,IN,6506.65133
2020-01-01,IN,2693.0897
2020-01-01,IN,22.82665
2020-01-01,IN,421.14935
2020-01-01,IN,7246.38093
2020-01-01,IN,7690.35692
2020-01-01,KY,5768.03054
2020-01-01,KY,16.80314
2020-01-01,KY,52.97002
2020-01-01,KY,5784.83368
2020-01-01,KY,16.80314
2020-01-01,KY,52.97002
2020-01-01,KY,5784.83368
2020-01-01,KY,5837.8037
2020-01-01,LA,4936.55479
2020-01-01,LA,149.43635
2020-01-01,LA,191.722
2020-01-01,LA,15.31019
2020-01-01,LA,48.78806
2020-01-01,LA,2640.68344
2020-01-01,LA,5085.99114
2020-01-01,LA,341.15835
2020-01-01,LA,0.0
2020-01-01,LA,15.31019
2020-01-01,LA,2689.4715
2020-01-01,LA,5277.71314
2020-01-01,LA,7982.49483
2020-01-01,MI,7153.03529
2020-01-01,MI,1796.17197
2020-01-01,MI,1607.80015
2020-01-01,MI,9.38701
2020-01-01,MI,54.23049
2020-01-01,MI,0.58409
2020-01-01,MI,93.11238
2020-01-01,MI,8949.20726
2020-01-01,MI,3403.97212
2020-01-01,MI,0.22288
2020-01-01,MI,63.6175
2020-01-01,MI,93.69647
2020-01-01,MI,10557.00741
2020-01-01,MI,10714.32137
2020-01-01,MN,4019.74353
2020-01-01,MN,1067.92999
2020-01-01,MN,121.34419
2020-01-01,MN,2.08484
2020-01-01,MN,12.52757
2020-01-01,MN,5.034
2020-01-01,MN,84.99337
2020-01-01,MN,5087.67352
2020-01-01,MN,1189.27418
2020-01-01,MN,14.61241
2020-01-01,MN,90.02737
2020-01-01,MN,5209.01771
2020-01-01,MN,5313.65749
2020-01-01,MO,6466.04413
2020-01-01,MO,545.16375
2020-01-01,MO,3.718
2020-01-01,MO,0.003
2020-01-01,MO,16.126
2020-01-01,MO,4.262
2020-01-01,MO,7011.20788
2020-01-01,MO,548.88175
2020-01-01,MO,16.129
2020-01-01,MO,4.262
2020-01-01,MO,7014.92588
2020-01-01,MO,7035.31688
2020-01-01,MS,5483.13681
2020-01-01,MS,232.31324
2020-01-01,MS,0.0
2020-01-01,MS,164.69088
2020-01-01,MS,5715.45005
2020-01-01,MS,232.31324
2020-01-01,MS,0.0
2020-01-01,MS,164.69088
2020-01-01,MS,5715.45005
2020-01-01,MS,5880.14093
2020-01-01,MT,801.21415
2020-01-01,MT,1313.0846
2020-01-01,MT,43.783
2020-01-01,MT,0.00609
2020-01-01,MT,4.0799
2020-01-01,MT,2114.29875
2020-01-01,MT,1356.8676
2020-01-01,MT,4.086
2020-01-01,MT,2158.08175
2020-01-01,MT,2162.16775
2020-01-01,ND,3273.62309
2020-01-01,ND,671.27972
2020-01-01,ND,0.0303
2020-01-01,ND,17.57937
2020-01-01,ND,3944.90281
2020-01-01,ND,671.27972
2020-01-01,ND,0.0303
2020-01-01,ND,17.57937
2020-01-01,ND,3944.90281
2020-01-01,ND,3962.51248
2020-01-01,SD,1082.05951
2020-01-01,SD,291.90518
2020-01-01,SD,
2020-01-01,SD,2.86393
2020-01-01,SD,1373.96469
2020-01-01,SD,291.90518
2020-01-01,SD,
2020-01-01,SD,2.86393
2020-01-01,SD,1373.96469
2020-01-01,SD,1376.82991
2020-01-01,TX,5473.38109
2020-01-01,TX,24053.01439
2020-01-01,TX,3770.31353
2020-01-01,TX,4.78204
2020-01-01,TX,46.68471
2020-01-01,TX,345.05209
2020-01-01,TX,3753.64111
2020-01-01,TX,29526.39549
2020-01-01,TX,27823.32793
2020-01-01,TX,122.36441
2020-01-01,TX,51.46674
2020-01-01,TX,4098.6932
2020-01-01,TX,33296.70902
2020-01-01,TX,37446.86896
2020-01-01,WI,4297.63821
2020-01-01,WI,1007.55636
2020-01-01,WI,102.21664
2020-01-01,WI,1.97064
2020-01-01,WI,10.05254
2020-01-01,WI,3.98734
2020-01-01,WI,156.05126
2020-01-01,WI,5305.19457
2020-01-01,WI,1109.773
2020-01-01,WI,12.02318
2020-01-01,WI,160.0386
2020-01-01,WI,5407.41122
2020-01-01,WI,5579.47299
2020-02-01,AR,3703.43178
2020-02-01,AR,276.19871
2020-02-01,AR,110.75
2020-02-01,AR,1.202
2020-02-01,AR,3.80184
2020-02-01,AR,105.65293
2020-02-01,AR,3979.6305
2020-02-01,AR,386.94871
2020-02-01,AR,5.00384
2020-02-01,AR,105.65293
2020-02-01,AR,4090.3805
2020-02-01,AR,4201.03727
2020-02-01,IA,3970.30264
2020-02-01,IA,1253.98245
2020-02-01,IA,0.049
2020-02-01,IA,0.4597
2020-02-01,IA,16.43406
2020-02-01,IA,0.016
2020-02-01,IA,189.02702
2020-02-01,IA,5224.28509
2020-02-01,IA,1254.03145
2020-02-01,IA,16.89376
2020-02-01,IA,189.04302
2020-02-01,IA,5224.33409
2020-02-01,IA,5430.27088
2020-02-01,IL,552.75809
2020-02-01,IL,13275.64882
2020-02-01,IL,56.39794
2020-02-01,IL,0.54214
2020-02-01,IL,42.62343
2020-02-01,IL,0.88857
2020-02-01,IL,229.9832
2020-02-01,IL,13828.40691
2020-02-01,IL,13332.04675
2020-02-01,IL,43.16557
2020-02-01,IL,230.87177
2020-02-01,IL,13884.80484
2020-02-01,IL,14158.84218
2020-02-01,IN,4218.83785
2020-02-01,IN,1853.29767
2020-02-01,IN,615.22516
2020-02-01,IN,0.10312
2020-02-01,IN,20.37812
2020-02-01,IN,42.0325
2020-02-01,IN,348.62863
2020-02-01,IN,6072.13552
2020-02-01,IN,2468.52283
2020-02-01,IN,20.48125
2020-02-01,IN,390.66113
2020-02-01,IN,6687.36067
2020-02-01,IN,7098.50305
2020-02-01,KY,5121.01349
2020-02-01,KY,3.93176
2020-02-01,KY,53.72316
2020-02-01,KY,5124.94525
2020-02-01,KY,3.93176
2020-02-01,KY,53.72316
2020-02-01,KY,5124.94525
2020-02-01,KY,5178.66841
2020-02-01,LA,4875.75625
2020-02-01,LA,200.7123
2020-02-01,LA,179.592
2020-02-01,LA,14.44876
2020-02-01,LA,45.37062
2020-02-01,LA,2464.69242
2020-02-01,LA,5076.46854
2020-02-01,LA,380.3043
2020-02-01,LA,0.0
2020-02-01,LA,14.44876
2020-02-01,LA,2510.06304
2020-02-01,LA,5256.06054
2020-02-01,LA,7780.57234
2020-02-01,MI,5728.43976
2020-02-01,MI,1775.68189
2020-02-01,MI,1509.60648
2020-02-01,MI,8.53287
2020-02-01,MI,51.18542
2020-02-01,MI,0.82723
2020-02-01,MI,92.10529
2020-02-01,MI,7504.12165
2020-02-01,MI,3285.28837
2020-02-01,MI,0.19618
2020-02-01,MI,59.71829
2020-02-01,MI,92.93252
2020-02-01,MI,9013.72813
2020-02-01,MI,9166.37894
2020-02-01,MN,3337.7061
2020-02-01,MN,1241.81971
2020-02-01,MN,107.1617
2020-02-01,MN,2.68297
2020-02-01,MN,12.63891
2020-02-01,MN,4.88
2020-02-01,MN,82.51053
2020-02-01,MN,4579.52581
2020-02-01,MN,1348.9814
2020-02-01,MN,15.32188
2020-02-01,MN,87.39053
2020-02-01,MN,4686.68751
2020-02-01,MN,4789.39992
2020-02-01,MO,5959.86603
2020-02-01,MO,465.87734
2020-02-01,MO,3.368
2020-02-01,MO,0.003
2020-02-01,MO,13.433
2020-02-01,MO,4.438
2020-02-01,MO,6425.74337
2020-02-01,MO,469.24534
2020-02-01,MO,13.436
2020-02-01,MO,4.438
2020-02-01,MO,6429.11137
2020-02-01,MO,6446.98537
2020-02-01,MS,5295.69902
2020-02-01,MS,249.06415
2020-02-01,MS,0.0
2020-02-01,MS,159.35754
2020-02-01,MS,5544.76317
2020-02-01,MS,249.06415
2020-02-01,MS,0.0
2020-02-01,MS,159.35754
2020-02-01,MS,5544.76317
2020-02-01,MS,5704.12071
2020-02-01,MT,861.98379
2020-02-01,MT,1151.36626
2020-02-01,MT,41.139
2020-02-01,MT,0.00603
2020-02-01,MT,3.70354
2020-02-01,MT,2013.35005
2020-02-01,MT,1192.50526
2020-02-01,MT,3.70956
2020-02-01,MT,2054.48905
2020-02-01,MT,2058.19861
2020-02-01,ND,3107.93872
2020-02-01,ND,736.24029
2020-02-01,ND,0.03205
2020-02-01,ND,12.78423
2020-02-01,ND,3844.17901
2020-02-01,ND,736.24029
2020-02-01,ND,0.03205
2020-02-01,ND,12.78423
2020-02-01,ND,3844.17901
2020-02-01,ND,3856.99529
2020-02-01,SD,964.99529
2020-02-01,SD,375.90251
2020-02-01,SD,
2020-02-01,SD,2.51682
2020-02-01,SD,1340.8978
2020-02-01,SD,375.90251
2020-02-01,SD,
2020-02-01,SD,2.51682
2020-02-01,SD,1340.8978
2020-02-01,SD,1343.41562
2020-02-01,TX,4967.90661
2020-02-01,TX,23503.56318
2020-02-01,TX,3504.14716
2020-02-01,TX,5.28804
2020-02-01,TX,47.50785
2020-02-01,TX,325.29832
2020-02-01,TX,3387.06162
2020-02-01,TX,28471.46979
2020-02-01,TX,27007.71034
2020-02-01,TX,113.61467
2020-02-01,TX,52.79589
2020-02-01,TX,3712.35994
2020-02-01,TX,31975.61695
2020-02-01,TX,35740.77277
2020-02-01,WI,4131.09576
2020-02-01,WI,943.82739
2020-02-01,WI,60.25355
2020-02-01,WI,2.40211
2020-02-01,WI,9.12661
2020-02-01,WI,3.75544
2020-02-01,WI,154.27473
2020-02-01,WI,5074.92315
2020-02-01,WI,1004.08094
2020-02-01,WI,11.52873
2020-02-01,WI,158.03017
2020-02-01,WI,5135.17669
2020-02-01,WI,5304.73559
2020-03-01,AR,3886.80591
2020-03-01,AR,298.1672
2020-03-01,AR,115.824
2020-03-01,AR,1.616
2020-03-01,AR,4.09358
2020-03-01,AR,96.7649
2020-03-01,AR,4184.97311
2020-03-01,AR,413.9912
2020-03-01,AR,5.70958
2020-03-01,AR,96.7649
2020-03-01,AR,4300.79711
2020-03-01,AR,4403.27159
2020-03-01,IA,2881.20541
2020-03-01,IA,1282.25483
2020-03-01,IA,0.16
2020-03-01,IA,0.33486
2020-03-01,IA,13.90447
2020-03-01,IA,0.006
2020-03-01,IA,175.55621
2020-03-01,IA,4163.46024
2020-03-01,IA,1282.41483
2020-03-01,IA,14.23933
2020-03-01,IA,175.56221
2020-03-01,IA,4163.62024
2020-03-01,IA,4353.42178
2020-03-01,IL,356.08786
2020-03-01,IL,13229.63572
2020-03-01,IL,57.06789
2020-03-01,IL,0.58433
2020-03-01,IL,40.99723
2020-03-01,IL,0.91447
2020-03-01,IL,234.20563
2020-03-01,IL,13585.72359
2020-03-01,IL,13286.70361
2020-03-01,IL,41.58156
2020-03-01,IL,235.1201
2020-03-01,IL,13642.79148
2020-03-01,IL,13919.49313
2020-03-01,IN,4062.57868
2020-03-01,IN,1932.11828
2020-03-01,IN,545.87518
2020-03-01,IN,0.15119
2020-03-01,IN,22.12962
2020-03-01,IN,49.40433
2020-03-01,IN,352.66872
2020-03-01,IN,5994.69696
2020-03-01,IN,2477.99345
2020-03-01,IN,22.2808
2020-03-01,IN,402.07304
2020-03-01,IN,6540.57213
2020-03-01,IN,6964.92598
2020-03-01,KY,4049.71341
2020-03-01,KY,8.87536
2020-03-01,KY,31.36022
2020-03-01,KY,4058.58878
2020-03-01,KY,8.87536
2020-03-01,KY,31.36022
2020-03-01,KY,4058.58878
2020-03-01,KY,4089.949
2020-03-01,LA,5734.6536
2020-03-01,LA,194.01747
2020-03-01,LA,124.986
2020-03-01,LA,15.45972
2020-03-01,LA,46.25245
2020-03-01,LA,2364.9915
2020-03-01,LA,5928.67107
2020-03-01,LA,319.00347
2020-03-01,LA,0.0
2020-03-01,LA,15.45972
2020-03-01,LA,2411.24395
2020-03-01,LA,6053.65707
2020-03-01,LA,8480.36074
2020-03-01,MI,5710.99584
2020-03-01,MI,1602.03926
2020-03-01,MI,1390.23788
2020-03-01,MI,7.39912
2020-03-01,MI,47.59914
2020-03-01,MI,0.9583
2020-03-01,MI,95.45111
2020-03-01,MI,7313.0351
2020-03-01,MI,2992.27714
2020-03-01,MI,0.18667
2020-03-01,MI,54.99825
2020-03-01,MI,96.40941
2020-03-01,MI,8703.27298
2020-03-01,MI,8854.68065
2020-03-01,MN,3127.14299
2020-03-01,MN,1328.51205
2020-03-01,MN,101.84242
2020-03-01,MN,2.65333
2020-03-01,MN,11.75576
2020-03-01,MN,4.937
2020-03-01,MN,92.96666
2020-03-01,MN,4455.65505
2020-03-01,MN,1430.35447
2020-03-01,MN,14.4091
2020-03-01,MN,97.90366
2020-03-01,MN,4557.49746
2020-03-01,MN,4669.81023
2020-03-01,MO,4794.76888
2020-03-01,MO,539.79286
2020-03-01,MO,3.065
2020-03-01,MO,0.021
2020-03-01,MO,14.316
2020-03-01,MO,3.849
2020-03-01,MO,5334.56174
2020-03-01,MO,542.85786
2020-03-01,MO,14.337
2020-03-01,MO,3.849
2020-03-01,MO,5337.62674
2020-03-01,MO,5355.81274
2020-03-01,MS,3741.83166
2020-03-01,MS,319.89113
2020-03-01,MS,0.0
2020-03-01,MS,153.28812
2020-03-01,MS,4061.72279
2020-03-01,MS,319.89113
2020-03-01,MS,0.0
2020-03-01,MS,153.28812
2020-03-01,MS,4061.72279
2020-03-01,MS,4215.0109
2020-03-01,MT,890.8579
2020-03-01,MT,1115.811
2020-03-01,MT,43.957
2020-03-01,MT,0.00558
2020-03-01,MT,2.96867
2020-03-01,MT,2006.6689
2020-03-01,MT,1159.768
2020-03-01,MT,2.97425
2020-03-01,MT,2050.6259
2020-03-01,MT,2053.60015
2020-03-01,ND,2746.66982
2020-03-01,ND,740.32568
2020-03-01,ND,0.03232
2020-03-01,ND,7.93757
2020-03-01,ND,3486.9955
2020-03-01,ND,740.32568
2020-03-01,ND,0.03232
2020-03-01,ND,7.93757
2020-03-01,ND,3486.9955
2020-03-01,ND,3494.96539
2020-03-01,SD,897.84694
2020-03-01,SD,417.31472
2020-03-01,SD,
2020-03-01,SD,2.34338
2020-03-01,SD,1315.16166
2020-03-01,SD,417.31472
2020-03-01,SD,
2020-03-01,SD,2.34338
2020-03-01,SD,1315.16166
2020-03-01,SD,1317.50604
2020-03-01,TX,5867.35857
2020-03-01,TX,22028.66854
2020-03-01,TX,3444.80619
2020-03-01,TX,5.66863
2020-03-01,TX,35.14713
2020-03-01,TX,357.7574
2020-03-01,TX,3388.44891
2020-03-01,TX,27896.0271
2020-03-01,TX,25473.47472
2020-03-01,TX,136.1544
2020-03-01,TX,40.81575
2020-03-01,TX,3746.20631
2020-03-01,TX,31340.83329
2020-03-01,TX,35127.85535
2020-03-01,WI,3977.20165
2020-03-01,WI,762.19372
2020-03-01,WI,115.48431
2020-03-01,WI,2.31808
2020-03-01,WI,10.13832
2020-03-01,WI,3.74464
2020-03-01,WI,154.18568
2020-03-01,WI,4739.39537
2020-03-01,WI,877.67802
2020-03-01,WI,12.45641
2020-03-01,WI,157.93032
2020-03-01,WI,4854.87967
2020-03-01,WI,5025.2664
2020-04-01,AR,2959.12975
2020-04-01,AR,77.2127
2020-04-01,AR,107.152
2020-04-01,AR,1.868
2020-04-01,AR,3.00158
2020-04-01,AR,87.06362
2020-04-01,AR,3036.34245
2020-04-01,AR,184.3647
2020-04-01,AR,4.86958
2020-04-01,AR,87.06362
2020-04-01,AR,3143.49445
2020-04-01,AR,3235.42765
2020-04-01,IA,3099.56384
2020-04-01,IA,1210.93051
2020-04-01,IA,0.163
2020-04-01,IA,0.41264
2020-04-01,IA,9.43581
2020-04-01,IA,0.013
2020-04-01,IA,153.80012
2020-04-01,IA,4310.49435
2020-04-01,IA,1211.09351
2020-04-01,IA,9.84845
2020-04-01,IA,153.81312
2020-04-01,IA,4310.65735
2020-04-01,IA,4474.31892
2020-04-01,IL,228.16002
2020-04-01,IL,12192.65609
2020-04-01,IL,50.84303
2020-04-01,IL,0.64367
2020-04-01,IL,31.3018
2020-04-01,IL,0.48782
2020-04-01,IL,226.19535
2020-04-01,IL,12420.81611
2020-04-01,IL,12243.49912
2020-04-01,IL,31.94547
2020-04-01,IL,226.68317
2020-04-01,IL,12471.65913
2020-04-01,IL,12730.28778
2020-04-01,IN,3758.58579
2020-04-01,IN,1545.16674
2020-04-01,IN,607.23239
2020-04-01,IN,0.18534
2020-04-01,IN,10.4061
2020-04-01,IN,47.22337
2020-04-01,IN,342.42505
2020-04-01,IN,5303.75253
2020-04-01,IN,2152.39913
2020-04-01,IN,10.59144
2020-04-01,IN,389.64842
2020-04-01,IN,5910.98492
2020-04-01,IN,6311.22477
2020-04-01,KY,3556.34569
2020-04-01,KY,6.57812
2020-04-01,KY,45.67117
2020-04-01,KY,3562.92381
2020-04-01,KY,6.57812
2020-04-01,KY,45.67117
2020-04-01,KY,3562.92381
2020-04-01,KY,3608.59498
2020-04-01,LA,5272.88985
2020-04-01,LA,254.02537
2020-04-01,LA,165.932
2020-04-01,LA,14.92586
2020-04-01,LA,40.60218
2020-04-01,LA,2170.64939
2020-04-01,LA,5526.91523
2020-04-01,LA,419.95737
2020-04-01,LA,0.0
2020-04-01,LA,14.92586
2020-04-01,LA,2211.25157
2020-04-01,LA,5692.84723
2020-04-01,LA,7919.02465
2020-04-01,MI,3568.00865
2020-04-01,MI,1452.86756
2020-04-01,MI,1385.46631
2020-04-01,MI,7.93777
2020-04-01,MI,42.59509
2020-04-01,MI,0.94227
2020-04-01,MI,89.48069
2020-04-01,MI,5020.87621
2020-04-01,MI,2838.33387
2020-04-01,MI,0.16607
2020-04-01,MI,50.53286
2020-04-01,MI,90.42296
2020-04-01,MI,6406.34252
2020-04-01,MI,6547.29834
2020-04-01,MN,2548.12913
2020-04-01,MN,1268.17417
2020-04-01,MN,71.77426
2020-04-01,MN,2.22045
2020-04-01,MN,10.68896
2020-04-01,MN,5.908
2020-04-01,MN,74.30813
2020-04-01,MN,3816.30329
2020-04-01,MN,1339.94842
2020-04-01,MN,12.9094
2020-04-01,MN,80.21613
2020-04-01,MN,3888.07755
2020-04-01,MN,3981.20308
2020-04-01,MO,3983.97718
2020-04-01,MO,408.94771
2020-04-01,MO,1.055
2020-04-01,MO,0.064
2020-04-01,MO,11.831
2020-04-01,MO,3.338
2020-04-01,MO,4392.9249
2020-04-01,MO,410.00271
2020-04-01,MO,11.895
2020-04-01,MO,3.338
2020-04-01,MO,4393.9799
2020-04-01,MO,4409.2129
2020-04-01,MS,3787.32592
2020-04-01,MS,271.69385
2020-04-01,MS,0.0
2020-04-01,MS,158.31309
2020-04-01,MS,4059.01977
2020-04-01,MS,271.69385
2020-04-01,MS,0.0
2020-04-01,MS,158.31309
2020-04-01,MS,4059.01977
2020-04-01,MS,4217.33286
2020-04-01,MT,985.36841
2020-04-01,MT,1139.75199
2020-04-01,MT,36.613
2020-04-01,MT,0.00484
2020-04-01,MT,2.17076
2020-04-01,MT,2125.1204
2020-04-01,MT,1176.36499
2020-04-01,MT,2.1756
2020-04-01,MT,2161.7334
2020-04-01,MT,2163.909
2020-04-01,ND,2484.59994
2020-04-01,ND,737.85947
2020-04-01,ND,0.03192
2020-04-01,ND,7.23705
2020-04-01,ND,3222.45941
2020-04-01,ND,737.85947
2020-04-01,ND,0.03192
2020-04-01,ND,7.23705
2020-04-01,ND,3222.45941
2020-04-01,ND,3229.72838
2020-04-01,SD,991.53968
2020-04-01,SD,372.29207
2020-04-01,SD,
2020-04-01,SD,2.09201
2020-04-01,SD,1363.83175
2020-04-01,SD,372.29207
2020-04-01,SD,
2020-04-01,SD,2.09201
2020-04-01,SD,1363.83175
2020-04-01,SD,1365.92468
2020-04-01,TX,4922.21529
2020-04-01,TX,22467.55084
2020-04-01,TX,3003.86949
2020-04-01,TX,5.69071
2020-04-01,TX,32.07328
2020-04-01,TX,320.12396
2020-04-01,TX,2856.92311
2020-04-01,TX,27389.76613
2020-04-01,TX,25471.42034
2020-04-01,TX,127.5811
2020-04-01,TX,37.764
2020-04-01,TX,3177.04706
2020-04-01,TX,30393.63563
2020-04-01,TX,33608.44669
2020-04-01,WI,3182.02097
2020-04-01,WI,891.61274
2020-04-01,WI,53.8742
2020-04-01,WI,2.22941
2020-04-01,WI,9.60871
2020-04-01,WI,3.80493
2020-04-01,WI,158.51236
2020-04-01,WI,4073.6337
2020-04-01,WI,945.48693
2020-04-01,WI,11.83811
2020-04-01,WI,162.31729
2020-04-01,WI,4127.5079
2020-04-01,WI,4301.6633
2020-05-01,AR,3598.89805
2020-05-01,AR,293.53692
2020-05-01,AR,108.253
2020-05-01,AR,2.346
2020-05-01,AR,3.37231
2020-05-01,AR,88.30242
2020-05-01,AR,3892.43497
2020-05-01,AR,401.78992
2020-05-01,AR,5.71831
2020-05-01,AR,88.30242
2020-05-01,AR,4000.68797
2020-05-01,AR,4094.70869
2020-05-01,IA,3027.98835
2020-05-01,IA,1103.23009
2020-05-01,IA,0.23
2020-05-01,IA,0.59186
2020-05-01,IA,8.90329
2020-05-01,IA,0.001
2020-05-01,IA,158.97023
2020-05-01,IA,4131.21843
2020-05-01,IA,1103.46009
2020-05-01,IA,9.49515
2020-05-01,IA,158.97123
2020-05-01,IA,4131.44843
2020-05-01,IA,4299.91481
2020-05-01,IL,191.49838
2020-05-01,IL,12862.43777
2020-05-01,IL,51.13559
2020-05-01,IL,0.58423
2020-05-01,IL,27.6419
2020-05-01,IL,0.24823
2020-05-01,IL,222.50528
2020-05-01,IL,13053.93615
2020-05-01,IL,12913.57337
2020-05-01,IL,28.22612
2020-05-01,IL,222.75351
2020-05-01,IL,13105.07174
2020-05-01,IL,13356.05137
2020-05-01,IN,3640.48748
2020-05-01,IN,1303.88623
2020-05-01,IN,645.55398
2020-05-01,IN,0.2183
2020-05-01,IN,19.4105
2020-05-01,IN,53.89888
2020-05-01,IN,361.34952
2020-05-01,IN,4944.37372
2020-05-01,IN,1949.44022
2020-05-01,IN,19.6288
2020-05-01,IN,415.2484
2020-05-01,IN,5589.9277
2020-05-01,IN,6024.8049
2020-05-01,KY,4492.14167
2020-05-01,KY,37.99574
2020-05-01,KY,21.66871
2020-05-01,KY,4530.13741
2020-05-01,KY,37.99574
2020-05-01,KY,21.66871
2020-05-01,KY,4530.13741
2020-05-01,KY,4551.80611
2020-05-01,LA,5422.45995
2020-05-01,LA,332.38911
2020-05-01,LA,243.117
2020-05-01,LA,15.16273
2020-05-01,LA,60.34695
2020-05-01,LA,2314.89834
2020-05-01,LA,5754.84906
2020-05-01,LA,575.50611
2020-05-01,LA,0.0
2020-05-01,LA,15.16273
2020-05-01,LA,2375.24529
2020-05-01,LA,5997.96606
2020-05-01,LA,8388.37408
2020-05-01,MI,3944.90514
2020-05-01,MI,1504.03105
2020-05-01,MI,1287.64304
2020-05-01,MI,9.34305
2020-05-01,MI,43.71849
2020-05-01,MI,0.83468
2020-05-01,MI,89.20788
2020-05-01,MI,5448.93619
2020-05-01,MI,2791.67409
2020-05-01,MI,0.16827
2020-05-01,MI,53.06154
2020-05-01,MI,90.04256
2020-05-01,MI,6736.57923
2020-05-01,MI,6879.68333
2020-05-01,MN,2690.82751
2020-05-01,MN,999.4467
2020-05-01,MN,53.59279
2020-05-01,MN,1.92927
2020-05-01,MN,12.2145
2020-05-01,MN,2.791
2020-05-01,MN,56.07075
2020-05-01,MN,3690.2742
2020-05-01,MN,1053.03948
2020-05-01,MN,14.14377
2020-05-01,MN,58.86175
2020-05-01,MN,3743.86699
2020-05-01,MN,3816.8725
2020-05-01,MO,4689.48314
2020-05-01,MO,409.12639
2020-05-01,MO,3.65
2020-05-01,MO,0.061
2020-05-01,MO,12.458
2020-05-01,MO,2.827
2020-05-01,MO,5098.60952
2020-05-01,MO,412.77639
2020-05-01,MO,12.519
2020-05-01,MO,2.827
2020-05-01,MO,5102.25952
2020-05-01,MO,5117.60552
2020-05-01,MS,4830.17387
2020-05-01,MS,324.05925
2020-05-01,MS,0.0
2020-05-01,MS,168.8725
2020-05-01,MS,5154.23311
2020-05-01,MS,324.05925
2020-05-01,MS,0.0
2020-05-01,MS,168.8725
2020-05-01,MS,5154.23311
2020-05-01,MS,5323.10562
2020-05-01,MT,1110.05139
2020-05-01,MT,534.81655
2020-05-01,MT,39.936
2020-05-01,MT,0.00504
2020-05-01,MT,2.21135
2020-05-01,MT,1644.86794
2020-05-01,MT,574.75255
2020-05-01,MT,2.21638
2020-05-01,MT,1684.80394
2020-05-01,MT,1687.02032
2020-05-01,ND,2390.29706
2020-05-01,ND,689.85626
2020-05-01,ND,0.03022
2020-05-01,ND,6.97416
2020-05-01,ND,3080.15332
2020-05-01,ND,689.85626
2020-05-01,ND,0.03022
2020-05-01,ND,6.97416
2020-05-01,ND,3080.15332
2020-05-01,ND,3087.1577
2020-05-01,SD,666.00813
2020-05-01,SD,365.60501
2020-05-01,SD,
2020-05-01,SD,2.05828
2020-05-01,SD,1031.61314
2020-05-01,SD,365.60501
2020-05-01,SD,
2020-05-01,SD,2.05828
2020-05-01,SD,1031.61314
2020-05-01,SD,1033.6723
2020-05-01,TX,6070.67198
2020-05-01,TX,25890.94796
2020-05-01,TX,3293.54436
2020-05-01,TX,5.4925
2020-05-01,TX,36.9232
2020-05-01,TX,323.96657
2020-05-01,TX,2897.18412
2020-05-01,TX,31961.61994
2020-05-01,TX,29184.49232
2020-05-01,TX,139.06353
2020-05-01,TX,42.4157
2020-05-01,TX,3221.15069
2020-05-01,TX,35255.1643
2020-05-01,TX,38518.73069
2020-05-01,WI,3224.02843
2020-05-01,WI,1019.0641
2020-05-01,WI,76.60987
2020-05-01,WI,2.15322
2020-05-01,WI,10.91575
2020-05-01,WI,4.08812
2020-05-01,WI,131.81895
2020-05-01,WI,4243.09253
2020-05-01,WI,1095.67397
2020-05-01,WI,13.06897
2020-05-01,WI,135.90707
2020-05-01,WI,4319.70241
2020-05-01,WI,4468.67844
2020-06-01,AR,4323.51087
2020-06-01,AR,304.28375
2020-06-01,AR,94.25
2020-06-01,AR,1.978
2020-06-01,AR,4.68332
2020-06-01,AR,81.09079
2020-06-01,AR,4627.79461
2020-06-01,AR,398.53375
2020-06-01,AR,6.66132
2020-06-01,AR,81.09079
2020-06-01,AR,4722.04461
2020-06-01,AR,4809.79671
2020-06-01,IA,4041.83708
2020-06-01,IA,1089.6579
2020-06-01,IA,0.42
2020-06-01,IA,0.9426
2020-06-01,IA,17.32869
2020-06-01,IA,0.0
2020-06-01,IA,163.37048
2020-06-01,IA,5131.49499
2020-06-01,IA,1090.0779
2020-06-01,IA,18.27129
2020-06-01,IA,163.37048
2020-06-01,IA,5131.91499
2020-06-01,IA,5313.55676
2020-06-01,IL,479.68751
2020-06-01,IL,13860.68505
2020-06-01,IL,58.86594
2020-06-01,IL,0.74388
2020-06-01,IL,35.31312
2020-06-01,IL,0.39397
2020-06-01,IL,216.35384
2020-06-01,IL,14340.37256
2020-06-01,IL,13919.55099
2020-06-01,IL,36.05699
2020-06-01,IL,216.74781
2020-06-01,IL,14399.2385
2020-06-01,IL,14652.0433
2020-06-01,IN,4967.06367
2020-06-01,IN,1585.9353
2020-06-01,IN,648.66633
2020-06-01,IN,0.26817
2020-06-01,IN,21.34951
2020-06-01,IN,51.99938
2020-06-01,IN,350.37281
2020-06-01,IN,6552.99896
2020-06-01,IN,2234.60162
2020-06-01,IN,21.61768
2020-06-01,IN,402.3722
2020-06-01,IN,7201.66529
2020-06-01,IN,7625.65517
2020-06-01,KY,5902.28212
2020-06-01,KY,111.97899
2020-06-01,KY,13.7977
2020-06-01,KY,6014.26111
2020-06-01,KY,111.97899
2020-06-01,KY,13.7977
2020-06-01,KY,6014.26111
2020-06-01,KY,6028.05881
2020-06-01,LA,6199.55438
2020-06-01,LA,229.56775
2020-06-01,LA,239.555
2020-06-01,LA,15.00791
2020-06-01,LA,51.37437
2020-06-01,LA,2506.85405
2020-06-01,LA,6429.12212
2020-06-01,LA,469.12275
2020-06-01,LA,0.0
2020-06-01,LA,15.00791
2020-06-01,LA,2558.22842
2020-06-01,LA,6668.67712
2020-06-01,LA,9241.91346
2020-06-01,MI,5549.25549
2020-06-01,MI,1546.66304
2020-06-01,MI,1286.67961
2020-06-01,MI,8.28024
2020-06-01,MI,43.33276
2020-06-01,MI,0.94784
2020-06-01,MI,90.25051
2020-06-01,MI,7095.91853
2020-06-01,MI,2833.34265
2020-06-01,MI,0.1835
2020-06-01,MI,51.613
2020-06-01,MI,91.19835
2020-06-01,MI,8382.59814
2020-06-01,MI,8525.40949
2020-06-01,MN,3035.29445
2020-06-01,MN,1212.80683
2020-06-01,MN,101.26961
2020-06-01,MN,2.11196
2020-06-01,MN,14.32595
2020-06-01,MN,4.685
2020-06-01,MN,85.3643
2020-06-01,MN,4248.10128
2020-06-01,MN,1314.07645
2020-06-01,MN,16.4379
2020-06-01,MN,90.0493
2020-06-01,MN,4349.37089
2020-06-01,MN,4455.85809
2020-06-01,MO,5549.7235
2020-06-01,MO,524.62002
2020-06-01,MO,3.785
2020-06-01,MO,0.075
2020-06-01,MO,14.05
2020-06-01,MO,2.751
2020-06-01,MO,6074.34353
2020-06-01,MO,528.40502
2020-06-01,MO,14.125
2020-06-01,MO,2.751
2020-06-01,MO,6078.12853
2020-06-01,MO,6095.00453
2020-06-01,MS,5846.94802
2020-06-01,MS,269.92238
2020-06-01,MS,0.0
2020-06-01,MS,162.6996
2020-06-01,MS,6116.8704
2020-06-01,MS,269.92238
2020-06-01,MS,0.0
2020-06-01,MS,162.6996
2020-06-01,MS,6116.8704
2020-06-01,MS,6279.57
2020-06-01,MT,1082.46369
2020-06-01,MT,526.03697
2020-06-01,MT,26.57
2020-06-01,MT,0.00445
2020-06-01,MT,2.05639
2020-06-01,MT,1608.50066
2020-06-01,MT,552.60697
2020-06-01,MT,2.06083
2020-06-01,MT,1635.07066
2020-06-01,MT,1637.1315
2020-06-01,ND,2649.40094
2020-06-01,ND,658.32099
2020-06-01,ND,0.03298
2020-06-01,ND,6.87067
2020-06-01,ND,3307.72193
2020-06-01,ND,658.32099
2020-06-01,ND,0.03298
2020-06-01,ND,6.87067
2020-06-01,ND,3307.72193
2020-06-01,ND,3314.62558
2020-06-01,SD,810.45757
2020-06-01,SD,390.92903
2020-06-01,SD,
2020-06-01,SD,2.59789
2020-06-01,SD,1201.3866
2020-06-01,SD,390.92903
2020-06-01,SD,
2020-06-01,SD,2.59789
2020-06-01,SD,1201.3866
2020-06-01,SD,1203.98549
2020-06-01,TX,7337.50875
2020-06-01,TX,29283.61521
2020-06-01,TX,3615.59406
2020-06-01,TX,6.81432
2020-06-01,TX,61.64081
2020-06-01,TX,330.21542
2020-06-01,TX,2986.01535
2020-06-01,TX,36621.12396
2020-06-01,TX,32899.20927
2020-06-01,TX,146.09133
2020-06-01,TX,68.45513
2020-06-01,TX,3316.23077
2020-06-01,TX,40236.71802
2020-06-01,TX,43621.40392
2020-06-01,WI,4269.81835
2020-06-01,WI,1016.48008
2020-06-01,WI,87.9804
2020-06-01,WI,1.66073
2020-06-01,WI,8.53962
2020-06-01,WI,3.98005
2020-06-01,WI,133.31665
2020-06-01,WI,5286.29843
2020-06-01,WI,1104.46048
2020-06-01,WI,10.20035
2020-06-01,WI,137.29671
2020-06-01,WI,5374.27883
2020-06-01,WI,5521.77588
2020-07-01,AR,5834.25733
2020-07-01,AR,327.94693
2020-07-01,AR,106.05
2020-07-01,AR,2.089
2020-07-01,AR,5.84669
2020-07-01,AR,84.97473
2020-07-01,AR,6162.20426
2020-07-01,AR,433.99693
2020-07-01,AR,7.93569
2020-07-01,AR,84.97473
2020-07-01,AR,6268.25426
2020-07-01,AR,6361.16468
2020-07-01,IA,4616.80321
2020-07-01,IA,795.20352
2020-07-01,IA,0.318
2020-07-01,IA,0.80052
2020-07-01,IA,17.47515
2020-07-01,IA,0.005
2020-07-01,IA,180.88227
2020-07-01,IA,5412.00673
2020-07-01,IA,795.52152
2020-07-01,IA,18.27567
2020-07-01,IA,180.88727
2020-07-01,IA,5412.32473
2020-07-01,IA,5611.48767
2020-07-01,IL,619.38733
2020-07-01,IL,16012.8539
2020-07-01,IL,67.5179
2020-07-01,IL,0.68247
2020-07-01,IL,53.00932
2020-07-01,IL,1.01136
2020-07-01,IL,235.033
2020-07-01,IL,16632.24123
2020-07-01,IL,16080.3718
2020-07-01,IL,53.69179
2020-07-01,IL,236.04436
2020-07-01,IL,16699.75913
2020-07-01,IL,16989.49527
2020-07-01,IN,6542.74448
2020-07-01,IN,1511.94043
2020-07-01,IN,710.44511
2020-07-01,IN,0.25867
2020-07-01,IN,24.67262
2020-07-01,IN,56.81105
2020-07-01,IN,326.22021
2020-07-01,IN,8054.6849
2020-07-01,IN,2222.38554
2020-07-01,IN,24.93129
2020-07-01,IN,383.03126
2020-07-01,IN,8765.13002
2020-07-01,IN,9173.09257
2020-07-01,KY,7249.5421
2020-07-01,KY,196.14145
2020-07-01,KY,32.17907
2020-07-01,KY,7445.68355
2020-07-01,KY,196.14145
2020-07-01,KY,32.17907
2020-07-01,KY,7445.68355
2020-07-01,KY,7477.86261
2020-07-01,LA,7121.51879
2020-07-01,LA,347.40332
2020-07-01,LA,223.358
2020-07-01,LA,16.00557
2020-07-01,LA,35.71213
2020-07-01,LA,2480.78884
2020-07-01,LA,7468.9221
2020-07-01,LA,570.76132
2020-07-01,LA,0.0
2020-07-01,LA,16.00557
2020-07-01,LA,2516.50097
2020-07-01,LA,7692.2801
2020-07-01,LA,10224.78663
2020-07-01,MI,6512.14958
2020-07-01,MI,1569.19692
2020-07-01,MI,1538.93538
2020-07-01,MI,8.80504
2020-07-01,MI,51.22837
2020-07-01,MI,0.92645
2020-07-01,MI,104.13444
2020-07-01,MI,8081.34649
2020-07-01,MI,3108.1323
2020-07-01,MI,0.24691
2020-07-01,MI,60.03341
2020-07-01,MI,105.06088
2020-07-01,MI,9620.28187
2020-07-01,MI,9785.37617
2020-07-01,MN,4237.24175
2020-07-01,MN,1131.84488
2020-07-01,MN,127.1649
2020-07-01,MN,1.56318
2020-07-01,MN,21.19799
2020-07-01,MN,4.051
2020-07-01,MN,75.45548
2020-07-01,MN,5369.08663
2020-07-01,MN,1259.00978
2020-07-01,MN,22.76117
2020-07-01,MN,79.50648
2020-07-01,MN,5496.25153
2020-07-01,MN,5598.51918
2020-07-01,MO,6923.32705
2020-07-01,MO,449.7143
2020-07-01,MO,3.885
2020-07-01,MO,0.062
2020-07-01,MO,17.579
2020-07-01,MO,2.71669
2020-07-01,MO,7373.04135
2020-07-01,MO,453.5993
2020-07-01,MO,17.641
2020-07-01,MO,2.71669
2020-07-01,MO,7376.92635
2020-07-01,MO,7397.28404
2020-07-01,MS,6865.37598
2020-07-01,MS,260.81989
2020-07-01,MS,0.0
2020-07-01,MS,174.66118
2020-07-01,MS,7126.19587
2020-07-01,MS,260.81989
2020-07-01,MS,0.0
2020-07-01,MS,174.66118
2020-07-01,MS,7126.19587
2020-07-01,MS,7300.85705
2020-07-01,MT,1091.59109
2020-07-01,MT,901.52327
2020-07-01,MT,33.468
2020-07-01,MT,0.00523
2020-07-01,MT,2.48908
2020-07-01,MT,1993.11436
2020-07-01,MT,934.99127
2020-07-01,MT,2.49431
2020-07-01,MT,2026.58236
2020-07-01,MT,2029.07667
2020-07-01,ND,2963.98274
2020-07-01,ND,527.15749
2020-07-01,ND,0.02895
2020-07-01,ND,7.89226
2020-07-01,ND,3491.14023
2020-07-01,ND,527.15749
2020-07-01,ND,0.02895
2020-07-01,ND,7.89226
2020-07-01,ND,3491.14023
2020-07-01,ND,3499.06144
2020-07-01,SD,876.7365
2020-07-01,SD,298.80379
2020-07-01,SD,
2020-07-01,SD,3.39845
2020-07-01,SD,1175.54028
2020-07-01,SD,298.80379
2020-07-01,SD,
2020-07-01,SD,3.39845
2020-07-01,SD,1175.54028
2020-07-01,SD,1178.93991
2020-07-01,TX,9629.25263
2020-07-01,TX,32074.80404
2020-07-01,TX,4246.14543
2020-07-01,TX,4.39771
2020-07-01,TX,64.1794
2020-07-01,TX,367.42316
2020-07-01,TX,3290.12357
2020-07-01,TX,41704.05667
2020-07-01,TX,36320.94947
2020-07-01,TX,167.64156
2020-07-01,TX,68.5771
2020-07-01,TX,3657.54673
2020-07-01,TX,45950.2021
2020-07-01,TX,49676.32593
2020-07-01,WI,4958.42506
2020-07-01,WI,1050.55485
2020-07-01,WI,27.2681
2020-07-01,WI,1.31187
2020-07-01,WI,10.40765
2020-07-01,WI,3.73309
2020-07-01,WI,123.70013
2020-07-01,WI,6008.97991
2020-07-01,WI,1077.82295
2020-07-01,WI,11.71952
2020-07-01,WI,127.43322
2020-07-01,WI,6036.24801
2020-07-01,WI,6175.40075
2020-08-01,AR,5961.8541
2020-08-01,AR,239.05674
2020-08-01,AR,100.329
2020-08-01,AR,1.686
2020-08-01,AR,5.24974
2020-08-01,AR,90.53509
2020-08-01,AR,6200.91084
2020-08-01,AR,339.38574
2020-08-01,AR,6.93574
2020-08-01,AR,90.53509
2020-08-01,AR,6301.23984
2020-08-01,AR,6398.71068
2020-08-01,IA,4568.35008
2020-08-01,IA,699.76066
2020-08-01,IA,0.241
2020-08-01,IA,0.83018
2020-08-01,IA,18.1522
2020-08-01,IA,0.004
2020-08-01,IA,142.15226
2020-08-01,IA,5268.11074
2020-08-01,IA,700.00166
2020-08-01,IA,18.98238
2020-08-01,IA,142.15626
2020-08-01,IA,5268.35174
2020-08-01,IA,5429.49038
2020-08-01,IL,442.49422
2020-08-01,IL,14432.00557
2020-08-01,IL,62.51274
2020-08-01,IL,0.4564
2020-08-01,IL,40.44431
2020-08-01,IL,0.774
2020-08-01,IL,234.03876
2020-08-01,IL,14874.49979
2020-08-01,IL,14494.5183
2020-08-01,IL,40.90071
2020-08-01,IL,234.81276
2020-08-01,IL,14937.01252
2020-08-01,IL,15212.726
2020-08-01,IN,6377.52755
2020-08-01,IN,1377.952
2020-08-01,IN,679.27335
2020-08-01,IN,0.2423
2020-08-01,IN,24.6841
2020-08-01,IN,61.95731
2020-08-01,IN,355.1528
2020-08-01,IN,7755.47954
2020-08-01,IN,2057.22535
2020-08-01,IN,24.9264
2020-08-01,IN,417.11011
2020-08-01,IN,8434.7529
2020-08-01,IN,8876.7894
2020-08-01,KY,6677.54644
2020-08-01,KY,56.5718
2020-08-01,KY,42.66015
2020-08-01,KY,6734.11823
2020-08-01,KY,56.5718
2020-08-01,KY,42.66015
2020-08-01,KY,6734.11823
2020-08-01,KY,6776.77838
2020-08-01,LA,6451.78266
2020-08-01,LA,270.23721
2020-08-01,LA,231.864
2020-08-01,LA,13.38353
2020-08-01,LA,41.52122
2020-08-01,LA,2463.88295
2020-08-01,LA,6722.01987
2020-08-01,LA,502.10121
2020-08-01,LA,0.0
2020-08-01,LA,13.38353
2020-08-01,LA,2505.40417
2020-08-01,LA,6953.88387
2020-08-01,LA,9472.67157
2020-08-01,MI,6737.79695
2020-08-01,MI,1501.52044
2020-08-01,MI,1428.16197
2020-08-01,MI,9.32934
2020-08-01,MI,47.87038
2020-08-01,MI,0.70737
2020-08-01,MI,95.30646
2020-08-01,MI,8239.3174
2020-08-01,MI,2929.68242
2020-08-01,MI,0.19722
2020-08-01,MI,57.19972
2020-08-01,MI,96.01383
2020-08-01,MI,9667.47937
2020-08-01,MI,9820.69292
2020-08-01,MN,3933.04533
2020-08-01,MN,1141.6628
2020-08-01,MN,102.63058
2020-08-01,MN,2.36416
2020-08-01,MN,21.01344
2020-08-01,MN,3.473
2020-08-01,MN,77.08373
2020-08-01,MN,5074.70813
2020-08-01,MN,1244.29338
2020-08-01,MN,23.37759
2020-08-01,MN,80.55673
2020-08-01,MN,5177.33871
2020-08-01,MN,5281.27303
2020-08-01,MO,6908.76792
2020-08-01,MO,440.13402
2020-08-01,MO,3.704
2020-08-01,MO,0.06
2020-08-01,MO,17.822
2020-08-01,MO,2.7407
2020-08-01,MO,7348.90194
2020-08-01,MO,443.83802
2020-08-01,MO,17.882
2020-08-01,MO,2.7407
2020-08-01,MO,7352.60594
2020-08-01,MO,7373.22864
2020-08-01,MS,6236.8267
2020-08-01,MS,311.29867
2020-08-01,MS,0.0
2020-08-01,MS,178.94285
2020-08-01,MS,6548.12537
2020-08-01,MS,311.29867
2020-08-01,MS,0.0
2020-08-01,MS,178.94285
2020-08-01,MS,6548.12537
2020-08-01,MS,6727.06822
2020-08-01,MT,1094.68414
2020-08-01,MT,1100.75421
2020-08-01,MT,41.607
2020-08-01,MT,0.00535
2020-08-01,MT,2.51595
2020-08-01,MT,2195.43835
2020-08-01,MT,1142.36121
2020-08-01,MT,2.5213
2020-08-01,MT,2237.04535
2020-08-01,MT,2239.56665
2020-08-01,ND,3019.42819
2020-08-01,ND,551.97961
2020-08-01,ND,0.0296
2020-08-01,ND,16.54874
2020-08-01,ND,3571.4078
2020-08-01,ND,551.97961
2020-08-01,ND,0.0296
2020-08-01,ND,16.54874
2020-08-01,ND,3571.4078
2020-08-01,ND,3587.98614
2020-08-01,SD,750.53826
2020-08-01,SD,363.0985
2020-08-01,SD,
2020-08-01,SD,2.6953
2020-08-01,SD,1113.63676
2020-08-01,SD,363.0985
2020-08-01,SD,
2020-08-01,SD,2.6953
2020-08-01,SD,1113.63676
2020-08-01,SD,1116.33321
2020-08-01,TX,9618.99127
2020-08-01,TX,31640.86206
2020-08-01,TX,4192.78767
2020-08-01,TX,4.64955
2020-08-01,TX,66.80215
2020-08-01,TX,365.4052
2020-08-01,TX,3380.0965
2020-08-01,TX,41259.85333
2020-08-01,TX,35833.64973
2020-08-01,TX,165.58777
2020-08-01,TX,71.4517
2020-08-01,TX,3745.5017
2020-08-01,TX,45452.641
2020-08-01,TX,49269.5944
2020-08-01,WI,5169.71134
2020-08-01,WI,1026.51998
2020-08-01,WI,70.94232
2020-08-01,WI,1.31047
2020-08-01,WI,9.51723
2020-08-01,WI,3.94716
2020-08-01,WI,121.83599
2020-08-01,WI,6196.23131
2020-08-01,WI,1097.46229
2020-08-01,WI,10.8277
2020-08-01,WI,125.78315
2020-08-01,WI,6267.17363
2020-08-01,WI,6403.78447
2020-09-01,AR,3922.88751
2020-09-01,AR,332.76434
2020-09-01,AR,107.19
2020-09-01,AR,1.717
2020-09-01,AR,2.73504
2020-09-01,AR,90.20269
2020-09-01,AR,4255.65184
2020-09-01,AR,439.95434
2020-09-01,AR,4.45204
2020-09-01,AR,90.20269
2020-09-01,AR,4362.84184
2020-09-01,AR,4457.49657
2020-09-01,IA,3788.62403
2020-09-01,IA,765.36842
2020-09-01,IA,0.145
2020-09-01,IA,0.33292
2020-09-01,IA,17.67826
2020-09-01,IA,0.0
2020-09-01,IA,155.64755
2020-09-01,IA,4553.99245
2020-09-01,IA,765.51342
2020-09-01,IA,18.01118
2020-09-01,IA,155.64755
2020-09-01,IA,4554.13745
2020-09-01,IA,4727.79618
2020-09-01,IL,279.19814
2020-09-01,IL,12588.56006
2020-09-01,IL,53.82748
2020-09-01,IL,0.61478
2020-09-01,IL,26.34867
2020-09-01,IL,0.54621
2020-09-01,IL,237.52727
2020-09-01,IL,12867.7582
2020-09-01,IL,12642.38755
2020-09-01,IL,26.96345
2020-09-01,IL,238.07348
2020-09-01,IL,12921.58569
2020-09-01,IL,13186.62262
2020-09-01,IN,4986.64716
2020-09-01,IN,1303.49984
2020-09-01,IN,609.22695
2020-09-01,IN,0.19084
2020-09-01,IN,25.48398
2020-09-01,IN,55.26917
2020-09-01,IN,317.39613
2020-09-01,IN,6290.14701
2020-09-01,IN,1912.72679
2020-09-01,IN,25.67482
2020-09-01,IN,372.66529
2020-09-01,IN,6899.37395
2020-09-01,IN,7297.71407
2020-09-01,KY,4799.36371
2020-09-01,KY,13.18547
2020-09-01,KY,39.69575
2020-09-01,KY,4812.54918
2020-09-01,KY,13.18547
2020-09-01,KY,39.69575
2020-09-01,KY,4812.54918
2020-09-01,KY,4852.24493
2020-09-01,LA,5254.80086
2020-09-01,LA,163.97044
2020-09-01,LA,209.384
2020-09-01,LA,16.67093
2020-09-01,LA,5.76499
2020-09-01,LA,2179.0356
2020-09-01,LA,5418.7713
2020-09-01,LA,373.35444
2020-09-01,LA,0.0
2020-09-01,LA,16.67093
2020-09-01,LA,2184.80058
2020-09-01,LA,5628.1553
2020-09-01,LA,7829.62681
2020-09-01,MI,5536.55731
2020-09-01,MI,1064.99775
2020-09-01,MI,1332.20742
2020-09-01,MI,4.05203
2020-09-01,MI,47.40281
2020-09-01,MI,0.76279
2020-09-01,MI,90.16469
2020-09-01,MI,6601.55506
2020-09-01,MI,2397.20517
2020-09-01,MI,0.17093
2020-09-01,MI,51.45484
2020-09-01,MI,90.92749
2020-09-01,MI,7933.76248
2020-09-01,MI,8076.1448
2020-09-01,MN,2935.42543
2020-09-01,MN,1019.2129
2020-09-01,MN,63.53452
2020-09-01,MN,1.99652
2020-09-01,MN,13.86748
2020-09-01,MN,2.649
2020-09-01,MN,82.05583
2020-09-01,MN,3954.63833
2020-09-01,MN,1082.74742
2020-09-01,MN,15.864
2020-09-01,MN,84.70483
2020-09-01,MN,4018.17285
2020-09-01,MN,4118.74168
2020-09-01,MO,5616.22751
2020-09-01,MO,455.21856
2020-09-01,MO,3.451
2020-09-01,MO,0.118
2020-09-01,MO,15.514
2020-09-01,MO,2.63218
2020-09-01,MO,6071.44607
2020-09-01,MO,458.66956
2020-09-01,MO,15.632
2020-09-01,MO,2.63218
2020-09-01,MO,6074.89707
2020-09-01,MO,6093.16125
2020-09-01,MS,5597.03814
2020-09-01,MS,200.28286
2020-09-01,MS,0.0
2020-09-01,MS,153.75828
2020-09-01,MS,5797.321
2020-09-01,MS,200.28286
2020-09-01,MS,0.0
2020-09-01,MS,153.75828
2020-09-01,MS,5797.321
2020-09-01,MS,5951.07929
2020-09-01,MT,811.88098
2020-09-01,MT,793.85646
2020-09-01,MT,34.325
2020-09-01,MT,0.00528
2020-09-01,MT,2.74422
2020-09-01,MT,1605.73744
2020-09-01,MT,828.18146
2020-09-01,MT,2.7495
2020-09-01,MT,1640.06244
2020-09-01,MT,1642.81194
2020-09-01,ND,2566.84963
2020-09-01,ND,762.07654
2020-09-01,ND,0.03276
2020-09-01,ND,17.28982
2020-09-01,ND,3328.92617
2020-09-01,ND,762.07654
2020-09-01,ND,0.03276
2020-09-01,ND,17.28982
2020-09-01,ND,3328.92617
2020-09-01,ND,3346.24875
2020-09-01,SD,440.4665
2020-09-01,SD,415.19803
2020-09-01,SD,
2020-09-01,SD,2.08507
2020-09-01,SD,855.66452
2020-09-01,SD,415.19803
2020-09-01,SD,
2020-09-01,SD,2.08507
2020-09-01,SD,855.66452
2020-09-01,SD,857.75069
2020-09-01,TX,7141.89889
2020-09-01,TX,25907.79794
2020-09-01,TX,3795.64323
2020-09-01,TX,3.76202
2020-09-01,TX,53.75011
2020-09-01,TX,342.71239
2020-09-01,TX,3084.97083
2020-09-01,TX,33049.69684
2020-09-01,TX,29703.44117
2020-09-01,TX,140.93843
2020-09-01,TX,57.51213
2020-09-01,TX,3427.68321
2020-09-01,TX,36845.34006
2020-09-01,TX,40330.5354
2020-09-01,WI,3637.83797
2020-09-01,WI,1018.52713
2020-09-01,WI,92.99296
2020-09-01,WI,1.95251
2020-09-01,WI,9.85766
2020-09-01,WI,4.65431
2020-09-01,WI,107.74235
2020-09-01,WI,4656.3651
2020-09-01,WI,1111.52009
2020-09-01,WI,11.81016
2020-09-01,WI,112.39666
2020-09-01,WI,4749.35806
2020-09-01,WI,4873.56489
2020-10-01,AR,3658.38219
2020-10-01,AR,310.28012
2020-10-01,AR,113.849
2020-10-01,AR,1.175
2020-10-01,AR,3.47825
2020-10-01,AR,94.71592
2020-10-01,AR,3968.66231
2020-10-01,AR,424.12912
2020-10-01,AR,4.65325
2020-10-01,AR,94.71592
2020-10-01,AR,4082.51131
2020-10-01,AR,4181.88047
2020-10-01,IA,3726.38831
2020-10-01,IA,856.28323
2020-10-01,IA,0.081
2020-10-01,IA,0.4437
2020-10-01,IA,13.74959
2020-10-01,IA,0.004
2020-10-01,IA,161.37846
2020-10-01,IA,4582.67154
2020-10-01,IA,856.36423
2020-10-01,IA,14.19329
2020-10-01,IA,161.38246
2020-10-01,IA,4582.75254
2020-10-01,IA,4758.32829
2020-10-01,IL,207.44301
2020-10-01,IL,13208.41738
2020-10-01,IL,52.64058
2020-10-01,IL,0.72151
2020-10-01,IL,29.32907
2020-10-01,IL,0.63175
2020-10-01,IL,216.24303
2020-10-01,IL,13415.8604
2020-10-01,IL,13261.05797
2020-10-01,IL,30.05058
2020-10-01,IL,216.87478
2020-10-01,IL,13468.50098
2020-10-01,IL,13715.42634
2020-10-01,IN,4477.40635
2020-10-01,IN,1749.25789
2020-10-01,IN,648.97669
2020-10-01,IN,0.15218
2020-10-01,IN,19.67837
2020-10-01,IN,61.0594
2020-10-01,IN,289.35391
2020-10-01,IN,6226.66424
2020-10-01,IN,2398.23457
2020-10-01,IN,19.83056
2020-10-01,IN,350.41331
2020-10-01,IN,6875.64092
2020-10-01,IN,7245.88479
2020-10-01,KY,4327.49753
2020-10-01,KY,13.03071
2020-10-01,KY,44.84008
2020-10-01,KY,4340.52824
2020-10-01,KY,13.03071
2020-10-01,KY,44.84008
2020-10-01,KY,4340.52824
2020-10-01,KY,4385.36832
2020-10-01,LA,4569.38822
2020-10-01,LA,234.13288
2020-10-01,LA,210.237
2020-10-01,LA,17.14459
2020-10-01,LA,32.09658
2020-10-01,LA,2310.58835
2020-10-01,LA,4803.5211
2020-10-01,LA,444.36988
2020-10-01,LA,0.0
2020-10-01,LA,17.14459
2020-10-01,LA,2342.68492
2020-10-01,LA,5013.7581
2020-10-01,LA,7373.58762
2020-10-01,MI,5580.05652
2020-10-01,MI,1208.2512
2020-10-01,MI,1275.23285
2020-10-01,MI,9.86889
2020-10-01,MI,45.58703
2020-10-01,MI,0.42334
2020-10-01,MI,98.58955
2020-10-01,MI,6788.30772
2020-10-01,MI,2483.48404
2020-10-01,MI,0.18697
2020-10-01,MI,55.45592
2020-10-01,MI,99.01289
2020-10-01,MI,8063.54056
2020-10-01,MI,8218.00938
2020-10-01,MN,3203.18554
2020-10-01,MN,1097.27653
2020-10-01,MN,62.2774
2020-10-01,MN,2.04932
2020-10-01,MN,19.6307
2020-10-01,MN,2.861
2020-10-01,MN,58.82647
2020-10-01,MN,4300.46207
2020-10-01,MN,1159.55393
2020-10-01,MN,21.68002
2020-10-01,MN,61.68747
2020-10-01,MN,4362.73947
2020-10-01,MN,4446.10696
2020-10-01,MO,4857.57101
2020-10-01,MO,421.53149
2020-10-01,MO,2.601
2020-10-01,MO,0.083
2020-10-01,MO,14.636
2020-10-01,MO,2.96061
2020-10-01,MO,5279.1025
2020-10-01,MO,424.13249
2020-10-01,MO,14.719
2020-10-01,MO,2.96061
2020-10-01,MO,5281.7035
2020-10-01,MO,5299.3831
2020-10-01,MS,5108.96685
2020-10-01,MS,36.62467
2020-10-01,MS,0.0
2020-10-01,MS,150.38227
2020-10-01,MS,5145.59152
2020-10-01,MS,36.62467
2020-10-01,MS,0.0
2020-10-01,MS,150.38227
2020-10-01,MS,5145.59152
2020-10-01,MS,5295.97379
2020-10-01,MT,898.62135
2020-10-01,MT,663.24763
2020-10-01,MT,42.11
2020-10-01,MT,0.00583
2020-10-01,MT,3.6146
2020-10-01,MT,1561.86898
2020-10-01,MT,705.35763
2020-10-01,MT,3.62042
2020-10-01,MT,1603.97898
2020-10-01,MT,1607.5994
2020-10-01,ND,2661.95795
2020-10-01,ND,767.07628
2020-10-01,ND,0.03713
2020-10-01,ND,17.67888
2020-10-01,ND,3429.03423
2020-10-01,ND,767.07628
2020-10-01,ND,0.03713
2020-10-01,ND,17.67888
2020-10-01,ND,3429.03423
2020-10-01,ND,3446.75023
2020-10-01,SD,453.16308
2020-10-01,SD,477.14249
2020-10-01,SD,
2020-10-01,SD,2.19382
2020-10-01,SD,930.30557
2020-10-01,SD,477.14249
2020-10-01,SD,
2020-10-01,SD,2.19382
2020-10-01,SD,930.30557
2020-10-01,SD,932.50057
2020-10-01,TX,5907.27354
2020-10-01,TX,25775.13559
2020-10-01,TX,3491.79845
2020-10-01,TX,2.56006
2020-10-01,TX,38.89927
2020-10-01,TX,349.25258
2020-10-01,TX,2813.06426
2020-10-01,TX,31682.40913
2020-10-01,TX,29266.93404
2020-10-01,TX,140.35215
2020-10-01,TX,41.45933
2020-10-01,TX,3162.31684
2020-10-01,TX,35174.20758
2020-10-01,TX,38377.98375
2020-10-01,WI,3550.69638
2020-10-01,WI,649.28948
2020-10-01,WI,94.81999
2020-10-01,WI,2.22721
2020-10-01,WI,8.64634
2020-10-01,WI,4.52547
2020-10-01,WI,119.73679
2020-10-01,WI,4199.98586
2020-10-01,WI,744.10947
2020-10-01,WI,10.87355
2020-10-01,WI,124.26226
2020-10-01,WI,4294.80585
2020-10-01,WI,4429.94165
2020-11-01,AR,3094.41706
2020-11-01,AR,412.61245
2020-11-01,AR,11.265
2020-11-01,AR,0.83
2020-11-01,AR,2.08695
2020-11-01,AR,91.82544
2020-11-01,AR,3507.02951
2020-11-01,AR,423.87745
2020-11-01,AR,2.91695
2020-11-01,AR,91.82544
2020-11-01,AR,3518.29451
2020-11-01,AR,3613.03691
2020-11-01,IA,3696.0119
2020-11-01,IA,1005.2097
2020-11-01,IA,0.115
2020-11-01,IA,0.53492
2020-11-01,IA,13.4209
2020-11-01,IA,0.005
2020-11-01,IA,150.53963
2020-11-01,IA,4701.2216
2020-11-01,IA,1005.3247
2020-11-01,IA,13.95582
2020-11-01,IA,150.54463
2020-11-01,IA,4701.3366
2020-11-01,IA,4865.83705
2020-11-01,IL,146.83163
2020-11-01,IL,13707.5193
2020-11-01,IL,47.48401
2020-11-01,IL,0.77202
2020-11-01,IL,20.81984
2020-11-01,IL,0.35344
2020-11-01,IL,214.36306
2020-11-01,IL,13854.35093
2020-11-01,IL,13755.0033
2020-11-01,IL,21.59186
2020-11-01,IL,214.71651
2020-11-01,IL,13901.83493
2020-11-01,IL,14138.1433
2020-11-01,IN,4517.00118
2020-11-01,IN,1756.97223
2020-11-01,IN,633.28847
2020-11-01,IN,0.1024
2020-11-01,IN,19.82553
2020-11-01,IN,57.32242
2020-11-01,IN,278.92904
2020-11-01,IN,6273.97341
2020-11-01,IN,2390.2607
2020-11-01,IN,19.92793
2020-11-01,IN,336.25145
2020-11-01,IN,6907.26188
2020-11-01,IN,7263.44125
2020-11-01,KY,4524.56824
2020-11-01,KY,21.68997
2020-11-01,KY,39.55913
2020-11-01,KY,4546.25821
2020-11-01,KY,21.68997
2020-11-01,KY,39.55913
2020-11-01,KY,4546.25821
2020-11-01,KY,4585.81734
2020-11-01,LA,4644.77735
2020-11-01,LA,147.43726
2020-11-01,LA,195.995
2020-11-01,LA,16.57365
2020-11-01,LA,51.35755
2020-11-01,LA,2537.66138
2020-11-01,LA,4792.21461
2020-11-01,LA,343.43226
2020-11-01,LA,0.0
2020-11-01,LA,16.57365
2020-11-01,LA,2589.01892
2020-11-01,LA,4988.20961
2020-11-01,LA,7593.80219
2020-11-01,MI,6593.13317
2020-11-01,MI,1718.88428
2020-11-01,MI,1023.29811
2020-11-01,MI,8.67648
2020-11-01,MI,42.85836
2020-11-01,MI,0.42074
2020-11-01,MI,104.58997
2020-11-01,MI,8312.01744
2020-11-01,MI,2742.18239
2020-11-01,MI,0.14297
2020-11-01,MI,51.53485
2020-11-01,MI,105.01071
2020-11-01,MI,9335.31555
2020-11-01,MI,9491.8611
2020-11-01,MN,3297.48691
2020-11-01,MN,1214.20133
2020-11-01,MN,71.28221
2020-11-01,MN,2.44018
2020-11-01,MN,14.24672
2020-11-01,MN,3.457
2020-11-01,MN,72.58585
2020-11-01,MN,4511.68824
2020-11-01,MN,1285.48354
2020-11-01,MN,16.68691
2020-11-01,MN,76.04285
2020-11-01,MN,4582.97045
2020-11-01,MN,4675.7002
2020-11-01,MO,4860.78373
2020-11-01,MO,452.88969
2020-11-01,MO,2.968
2020-11-01,MO,0.076
2020-11-01,MO,10.74
2020-11-01,MO,3.13538
2020-11-01,MO,5313.67342
2020-11-01,MO,455.85769
2020-11-01,MO,10.816
2020-11-01,MO,3.13538
2020-11-01,MO,5316.64142
2020-11-01,MO,5330.5928
2020-11-01,MS,3787.20131
2020-11-01,MS,31.30269
2020-11-01,MS,0.0
2020-11-01,MS,172.40271
2020-11-01,MS,3818.504
2020-11-01,MS,31.30269
2020-11-01,MS,0.0
2020-11-01,MS,172.40271
2020-11-01,MS,3818.504
2020-11-01,MS,3990.90671
2020-11-01,MT,889.80594
2020-11-01,MT,950.27631
2020-11-01,MT,41.536
2020-11-01,MT,0.00561
2020-11-01,MT,3.45496
2020-11-01,MT,1840.08224
2020-11-01,MT,991.81231
2020-11-01,MT,3.46057
2020-11-01,MT,1881.61824
2020-11-01,MT,1885.07882
2020-11-01,ND,2715.07132
2020-11-01,ND,859.93861
2020-11-01,ND,0.03865
2020-11-01,ND,17.80432
2020-11-01,ND,3575.00994
2020-11-01,ND,859.93861
2020-11-01,ND,0.03865
2020-11-01,ND,17.80432
2020-11-01,ND,3575.00994
2020-11-01,ND,3592.8529
2020-11-01,SD,619.35621
2020-11-01,SD,531.58301
2020-11-01,SD,
2020-11-01,SD,1.93027
2020-11-01,SD,1150.93923
2020-11-01,SD,531.58301
2020-11-01,SD,
2020-11-01,SD,1.93027
2020-11-01,SD,1150.93923
2020-11-01,SD,1152.87041
2020-11-01,TX,4777.6943
2020-11-01,TX,22821.22009
2020-11-01,TX,3357.64822
2020-11-01,TX,1.14259
2020-11-01,TX,33.75311
2020-11-01,TX,347.11965
2020-11-01,TX,2711.64104
2020-11-01,TX,27598.91439
2020-11-01,TX,26178.86831
2020-11-01,TX,124.72782
2020-11-01,TX,34.8957
2020-11-01,TX,3058.76069
2020-11-01,TX,30956.56261
2020-11-01,TX,34050.219
2020-11-01,WI,3137.29766
2020-11-01,WI,958.11383
2020-11-01,WI,62.06758
2020-11-01,WI,2.72479
2020-11-01,WI,8.85544
2020-11-01,WI,4.36813
2020-11-01,WI,114.06986
2020-11-01,WI,4095.41149
2020-11-01,WI,1020.18141
2020-11-01,WI,11.58023
2020-11-01,WI,118.43799
2020-11-01,WI,4157.47907
2020-11-01,WI,4287.49729
2020-12-01,AR,3814.36624
2020-12-01,AR,395.84088
2020-12-01,AR,120.008
2020-12-01,AR,1.036
2020-12-01,AR,3.84645
2020-12-01,AR,102.94923
2020-12-01,AR,4210.20713
2020-12-01,AR,515.84888
2020-12-01,AR,4.88245
2020-12-01,AR,102.94923
2020-12-01,AR,4330.21513
2020-12-01,AR,4438.04681
2020-12-01,IA,4327.81947
2020-12-01,IA,772.31789
2020-12-01,IA,0.137
2020-12-01,IA,0.1919
2020-12-01,IA,14.00846
2020-12-01,IA,0.005
2020-12-01,IA,169.3733
2020-12-01,IA,5100.13736
2020-12-01,IA,772.45489
2020-12-01,IA,14.20036
2020-12-01,IA,169.3783
2020-12-01,IA,5100.27436
2020-12-01,IA,5283.85301
2020-12-01,IL,319.03797
2020-12-01,IL,15342.83855
2020-12-01,IL,58.35975
2020-12-01,IL,0.75248
2020-12-01,IL,35.7458
2020-12-01,IL,0.61921
2020-12-01,IL,233.30218
2020-12-01,IL,15661.87652
2020-12-01,IL,15401.1983
2020-12-01,IL,36.49828
2020-12-01,IL,233.92138
2020-12-01,IL,15720.23628
2020-12-01,IL,15990.65594
2020-12-01,IN,5339.29248
2020-12-01,IN,2065.08709
2020-12-01,IN,706.55808
2020-12-01,IN,0.07474
2020-12-01,IN,22.06114
2020-12-01,IN,60.43442
2020-12-01,IN,307.07848
2020-12-01,IN,7404.37956
2020-12-01,IN,2771.64517
2020-12-01,IN,22.13587
2020-12-01,IN,367.5129
2020-12-01,IN,8110.93765
2020-12-01,IN,8500.58641
2020-12-01,KY,6100.69451
2020-12-01,KY,15.6445
2020-12-01,KY,50.53693
2020-12-01,KY,6116.33901
2020-12-01,KY,15.6445
2020-12-01,KY,50.53693
2020-12-01,KY,6116.33901
2020-12-01,KY,6166.87594
2020-12-01,LA,5357.06229
2020-12-01,LA,176.78355
2020-12-01,LA,218.711
2020-12-01,LA,17.22714
2020-12-01,LA,55.83995
2020-12-01,LA,2660.932
2020-12-01,LA,5533.84584
2020-12-01,LA,395.49455
2020-12-01,LA,0.0
2020-12-01,LA,17.22714
2020-12-01,LA,2716.77195
2020-12-01,LA,5752.55684
2020-12-01,LA,8486.55593
2020-12-01,MI,7206.36038
2020-12-01,MI,1886.48433
2020-12-01,MI,1295.7337
2020-12-01,MI,9.94151
2020-12-01,MI,43.01861
2020-12-01,MI,0.85391
2020-12-01,MI,102.47202
2020-12-01,MI,9092.84471
2020-12-01,MI,3182.21803
2020-12-01,MI,0.17796
2020-12-01,MI,52.96011
2020-12-01,MI,103.32593
2020-12-01,MI,10388.57841
2020-12-01,MI,10544.86445
2020-12-01,MN,3905.92063
2020-12-01,MN,1245.51908
2020-12-01,MN,99.68443
2020-12-01,MN,2.19383
2020-12-01,MN,18.8804
2020-12-01,MN,2.524
2020-12-01,MN,88.27845
2020-12-01,MN,5151.43971
2020-12-01,MN,1345.20351
2020-12-01,MN,21.07423
2020-12-01,MN,90.80245
2020-12-01,MN,5251.12414
2020-12-01,MN,5363.00082
2020-12-01,MO,6123.92772
2020-12-01,MO,468.04465
2020-12-01,MO,3.46
2020-12-01,MO,0.04
2020-12-01,MO,14.516
2020-12-01,MO,4.3031
2020-12-01,MO,6591.97237
2020-12-01,MO,471.50465
2020-12-01,MO,14.556
2020-12-01,MO,4.3031
2020-12-01,MO,6595.43237
2020-12-01,MO,6614.29148
2020-12-01,MS,5260.00495
2020-12-01,MS,259.84033
2020-12-01,MS,0.0
2020-12-01,MS,176.77712
2020-12-01,MS,5519.84527
2020-12-01,MS,259.84033
2020-12-01,MS,0.0
2020-12-01,MS,176.77712
2020-12-01,MS,5519.84527
2020-12-01,MS,5696.62239
2020-12-01,MT,828.74018
2020-12-01,MT,1320.10575
2020-12-01,MT,34.295
2020-12-01,MT,0.00569
2020-12-01,MT,3.98259
2020-12-01,MT,2148.84592
2020-12-01,MT,1354.40075
2020-12-01,MT,3.98828
2020-12-01,MT,2183.14092
2020-12-01,MT,2187.1292
2020-12-01,ND,2949.15661
2020-12-01,ND,790.68806
2020-12-01,ND,0.06911
2020-12-01,ND,17.62595
2020-12-01,ND,3739.84467
2020-12-01,ND,790.68806
2020-12-01,ND,0.06911
2020-12-01,ND,17.62595
2020-12-01,ND,3739.84467
2020-12-01,ND,3757.53974
2020-12-01,SD,686.01047
2020-12-01,SD,578.2861
2020-12-01,SD,
2020-12-01,SD,2.51251
2020-12-01,SD,1264.29656
2020-12-01,SD,578.2861
2020-12-01,SD,
2020-12-01,SD,2.51251
2020-12-01,SD,1264.29656
2020-12-01,SD,1266.8102
2020-12-01,TX,5961.48656
2020-12-01,TX,24297.24252
2020-12-01,TX,3798.72457
2020-12-01,TX,1.19284
2020-12-01,TX,37.37893
2020-12-01,TX,381.75541
2020-12-01,TX,3268.39517
2020-12-01,TX,30258.72908
2020-12-01,TX,28095.96709
2020-12-01,TX,132.41107
2020-12-01,TX,38.57177
2020-12-01,TX,3650.15058
2020-12-01,TX,34057.45364
2020-12-01,TX,37746.176
2020-12-01,WI,3838.17759
2020-12-01,WI,1001.12458
2020-12-01,WI,92.93288
2020-12-01,WI,2.00995
2020-12-01,WI,9.59014
2020-12-01,WI,4.35432
2020-12-01,WI,128.57436
2020-12-01,WI,4839.30217
2020-12-01,WI,1094.05746
2020-12-01,WI,11.60009
2020-12-01,WI,132.92868
2020-12-01,WI,4932.23505
2020-12-01,WI,5076.76383
2021-01-01,AR,4444.26556
2021-01-01,AR,435.40953
2021-01-01,AR,124.17
2021-01-01,AR,1.036
2021-01-01,AR,2.45224
2021-01-01,AR,0.17649
2021-01-01,AR,109.25571
2021-01-01,AR,4879.67509
2021-01-01,AR,559.57953
2021-01-01,AR,3.48824
2021-01-01,AR,109.4322
2021-01-01,AR,5003.84509
2021-01-01,AR,5116.76553
2021-01-01,IA,4694.72228
2021-01-01,IA,758.77758
2021-01-01,IA,0.334
2021-01-01,IA,0.26192
2021-01-01,IA,13.77167
2021-01-01,IA,0.004
2021-01-01,IA,157.66588
2021-01-01,IA,5453.49986
2021-01-01,IA,759.11158
2021-01-01,IA,14.03359
2021-01-01,IA,157.66988
2021-01-01,IA,5453.83386
2021-01-01,IA,5625.53733
2021-01-01,IL,281.31835
2021-01-01,IL,15547.97726
2021-01-01,IL,54.51631
2021-01-01,IL,0.39652
2021-01-01,IL,47.61586
2021-01-01,IL,0.81846
2021-01-01,IL,241.0496
2021-01-01,IL,15829.29561
2021-01-01,IL,15602.49357
2021-01-01,IL,48.01238
2021-01-01,IL,241.86806
2021-01-01,IL,15883.81192
2021-01-01,IL,16173.69236
2021-01-01,IN,5796.98207
2021-01-01,IN,2006.52703
2021-01-01,IN,714.26534
2021-01-01,IN,0.066
2021-01-01,IN,21.38972
2021-01-01,IN,46.49035
2021-01-01,IN,346.10572
2021-01-01,IN,7803.5091
2021-01-01,IN,2720.79237
2021-01-01,IN,21.45573
2021-01-01,IN,392.59606
2021-01-01,IN,8517.77444
2021-01-01,IN,8931.82623
2021-01-01,KY,6313.02331
2021-01-01,KY,4.49318
2021-01-01,KY,54.16908
2021-01-01,KY,6317.51649
2021-01-01,KY,4.49318
2021-01-01,KY,54.16908
2021-01-01,KY,6317.51649
2021-01-01,KY,6371.68557
2021-01-01,LA,4760.19567
2021-01-01,LA,188.44354
2021-01-01,LA,179.716
2021-01-01,LA,18.07975
2021-01-01,LA,45.23748
2021-01-01,LA,2671.70576
2021-01-01,LA,4948.63921
2021-01-01,LA,368.15954
2021-01-01,LA,0.0
2021-01-01,LA,18.07975
2021-01-01,LA,2716.94324
2021-01-01,LA,5128.35521
2021-01-01,LA,7863.3782
2021-01-01,MI,7240.73171
2021-01-01,MI,1777.25417
2021-01-01,MI,1226.46482
2021-01-01,MI,9.29509
2021-01-01,MI,47.42233
2021-01-01,MI,1.1841
2021-01-01,MI,130.72653
2021-01-01,MI,9017.98589
2021-01-01,MI,3003.71899
2021-01-01,MI,0.18643
2021-01-01,MI,56.71741
2021-01-01,MI,131.91062
2021-01-01,MI,10244.45071
2021-01-01,MI,10433.07874
2021-01-01,MN,3674.30331
2021-01-01,MN,1104.36478
2021-01-01,MN,80.38967
2021-01-01,MN,1.8846
2021-01-01,MN,17.99973
2021-01-01,MN,3.43
2021-01-01,MN,79.11352
2021-01-01,MN,4778.66809
2021-01-01,MN,1184.75445
2021-01-01,MN,19.88433
2021-01-01,MN,82.54352
2021-01-01,MN,4859.05776
2021-01-01,MN,4961.4856
2021-01-01,MO,6289.06277
2021-01-01,MO,505.09244
2021-01-01,MO,1.333
2021-01-01,MO,0.018
2021-01-01,MO,15.032
2021-01-01,MO,5.04062
2021-01-01,MO,6794.15521
2021-01-01,MO,506.42544
2021-01-01,MO,15.05
2021-01-01,MO,5.04062
2021-01-01,MO,6795.48821
2021-01-01,MO,6815.57882
2021-01-01,MS,6341.47565
2021-01-01,MS,299.85325
2021-01-01,MS,0.0
2021-01-01,MS,164.66323
2021-01-01,MS,6641.3289
2021-01-01,MS,299.85325
2021-01-01,MS,0.0
2021-01-01,MS,164.66323
2021-01-01,MS,6641.3289
2021-01-01,MS,6805.99213
2021-01-01,MT,875.18151
2021-01-01,MT,1366.07138
2021-01-01,MT,38.069
2021-01-01,MT,0.13451
2021-01-01,MT,3.99612
2021-01-01,MT,2241.25289
2021-01-01,MT,1404.14038
2021-01-01,MT,4.13063
2021-01-01,MT,2279.32189
2021-01-01,MT,2283.45252
2021-01-01,ND,3072.75924
2021-01-01,ND,770.10538
2021-01-01,ND,0.04346
2021-01-01,ND,18.50673
2021-01-01,ND,3842.86462
2021-01-01,ND,770.10538
2021-01-01,ND,0.04346
2021-01-01,ND,18.50673
2021-01-01,ND,3842.86462
2021-01-01,ND,3861.41481
2021-01-01,SD,891.55722
2021-01-01,SD,552.44449
2021-01-01,SD,0.00047
2021-01-01,SD,4.00098
2021-01-01,SD,1444.00172
2021-01-01,SD,552.44449
2021-01-01,SD,0.00047
2021-01-01,SD,4.00098
2021-01-01,SD,1444.00172
2021-01-01,SD,1448.00317
2021-01-01,TX,6149.19514
2021-01-01,TX,24802.12016
2021-01-01,TX,3610.74659
2021-01-01,TX,4.54278
2021-01-01,TX,38.58713
2021-01-01,TX,150.67637
2021-01-01,TX,3595.49708
2021-01-01,TX,30951.3153
2021-01-01,TX,28412.86675
2021-01-01,TX,146.5319
2021-01-01,TX,43.12991
2021-01-01,TX,3746.17344
2021-01-01,TX,34562.06189
2021-01-01,TX,38351.36524
2021-01-01,WI,4640.11408
2021-01-01,WI,978.26302
2021-01-01,WI,96.20536
2021-01-01,WI,1.58844
2021-01-01,WI,11.23505
2021-01-01,WI,4.78658
2021-01-01,WI,141.78309
2021-01-01,WI,5618.37709
2021-01-01,WI,1074.46837
2021-01-01,WI,12.82349
2021-01-01,WI,146.56967
2021-01-01,WI,5714.58245
2021-01-01,WI,5873.97561
2021-02-01,AR,4054.98239
2021-02-01,AR,281.94831
2021-02-01,AR,34.169
2021-02-01,AR,0.606
2021-02-01,AR,2.17909
2021-02-01,AR,0.13731
2021-02-01,AR,59.0352
2021-02-01,AR,4336.9307
2021-02-01,AR,316.11731
2021-02-01,AR,2.78509
2021-02-01,AR,59.17251
2021-02-01,AR,4371.0997
2021-02-01,AR,4433.0573
2021-02-01,IA,4161.20585
2021-02-01,IA,649.83273
2021-02-01,IA,0.261
2021-02-01,IA,0.29644
2021-02-01,IA,12.1819
2021-02-01,IA,0.006
2021-02-01,IA,129.58673
2021-02-01,IA,4811.03857
2021-02-01,IA,650.09373
2021-02-01,IA,12.47834
2021-02-01,IA,129.59273
2021-02-01,IA,4811.29957
2021-02-01,IA,4953.37064
2021-02-01,IL,254.17884
2021-02-01,IL,14155.32866
2021-02-01,IL,46.56475
2021-02-01,IL,0.42275
2021-02-01,IL,36.62997
2021-02-01,IL,0.78309
2021-02-01,IL,183.7718
2021-02-01,IL,14409.5075
2021-02-01,IL,14201.8934
2021-02-01,IL,37.05272
2021-02-01,IL,184.55488
2021-02-01,IL,14456.07225
2021-02-01,IL,14677.67985
2021-02-01,IN,6821.21432
2021-02-01,IN,1894.22391
2021-02-01,IN,612.54315
2021-02-01,IN,0.11266
2021-02-01,IN,19.7526
2021-02-01,IN,40.9009
2021-02-01,IN,295.85527
2021-02-01,IN,8715.43823
2021-02-01,IN,2506.76706
2021-02-01,IN,19.86526
2021-02-01,IN,336.75617
2021-02-01,IN,9327.98138
2021-02-01,IN,9684.60281
2021-02-01,KY,6327.90355
2021-02-01,KY,42.46535
2021-02-01,KY,39.7535
2021-02-01,KY,6370.3689
2021-02-01,KY,42.46535
2021-02-01,KY,39.7535
2021-02-01,KY,6370.3689
2021-02-01,KY,6410.1224
2021-02-01,LA,4702.74074
2021-02-01,LA,382.99172
2021-02-01,LA,190.214
2021-02-01,LA,16.43554
2021-02-01,LA,28.36013
2021-02-01,LA,2212.93561
2021-02-01,LA,5085.73246
2021-02-01,LA,573.20572
2021-02-01,LA,0.0
2021-02-01,LA,16.43554
2021-02-01,LA,2241.29574
2021-02-01,LA,5275.94646
2021-02-01,LA,7533.67773
2021-02-01,MI,7129.06087
2021-02-01,MI,1771.51161
2021-02-01,MI,1106.39551
2021-02-01,MI,8.43511
2021-02-01,MI,52.14012
2021-02-01,MI,0.94005
2021-02-01,MI,120.95059
2021-02-01,MI,8900.57247
2021-02-01,MI,2877.90711
2021-02-01,MI,0.19668
2021-02-01,MI,60.57523
2021-02-01,MI,121.89063
2021-02-01,MI,10006.96798
2021-02-01,MI,10189.43384
2021-02-01,MN,3941.91088
2021-02-01,MN,903.15146
2021-02-01,MN,64.05684
2021-02-01,MN,1.63019
2021-02-01,MN,27.55935
2021-02-01,MN,3.089
2021-02-01,MN,78.5711
2021-02-01,MN,4845.06234
2021-02-01,MN,967.2083
2021-02-01,MN,29.18954
2021-02-01,MN,81.6601
2021-02-01,MN,4909.11918
2021-02-01,MN,5019.96882
2021-02-01,MO,6277.0051
2021-02-01,MO,441.05136
2021-02-01,MO,2.519
2021-02-01,MO,0.024
2021-02-01,MO,15.142
2021-02-01,MO,5.057
2021-02-01,MO,6718.05646
2021-02-01,MO,443.57036
2021-02-01,MO,15.166
2021-02-01,MO,5.057
2021-02-01,MO,6720.57546
2021-02-01,MO,6740.79846
2021-02-01,MS,5208.86
2021-02-01,MS,245.22044
2021-02-01,MS,0.0
2021-02-01,MS,145.11704
2021-02-01,MS,5454.08044
2021-02-01,MS,245.22044
2021-02-01,MS,0.0
2021-02-01,MS,145.11704
2021-02-01,MS,5454.08044
2021-02-01,MS,5599.19748
2021-02-01,MT,795.12548
2021-02-01,MT,1086.31755
2021-02-01,MT,34.385
2021-02-01,MT,0.11336
2021-02-01,MT,3.24531
2021-02-01,MT,1881.44303
2021-02-01,MT,1120.70255
2021-02-01,MT,3.35867
2021-02-01,MT,1915.82803
2021-02-01,MT,1919.1867
2021-02-01,ND,2802.14955
2021-02-01,ND,644.81947
2021-02-01,ND,0.14139
2021-02-01,ND,16.42117
2021-02-01,ND,3446.96902
2021-02-01,ND,644.81947
2021-02-01,ND,0.14139
2021-02-01,ND,16.42117
2021-02-01,ND,3446.96902
2021-02-01,ND,3463.53159
2021-02-01,SD,875.39069
2021-02-01,SD,467.83476
2021-02-01,SD,0.00078
2021-02-01,SD,3.5141
2021-02-01,SD,1343.22544
2021-02-01,SD,467.83476
2021-02-01,SD,0.00078
2021-02-01,SD,3.5141
2021-02-01,SD,1343.22544
2021-02-01,SD,1346.74032
2021-02-01,TX,6545.99797
2021-02-01,TX,22669.72192
2021-02-01,TX,3075.11617
2021-02-01,TX,4.34439
2021-02-01,TX,33.23418
2021-02-01,TX,88.92487
2021-02-01,TX,2476.41819
2021-02-01,TX,29215.7199
2021-02-01,TX,25744.83809
2021-02-01,TX,99.94287
2021-02-01,TX,37.57857
2021-02-01,TX,2565.34306
2021-02-01,TX,32290.83606
2021-02-01,TX,34893.75769
2021-02-01,WI,4432.2021
2021-02-01,WI,886.67233
2021-02-01,WI,30.97459
2021-02-01,WI,2.19566
2021-02-01,WI,7.83743
2021-02-01,WI,4.05932
2021-02-01,WI,117.13826
2021-02-01,WI,5318.87443
2021-02-01,WI,917.64691
2021-02-01,WI,10.0331
2021-02-01,WI,121.19757
2021-02-01,WI,5349.84901
2021-02-01,WI,5481.07968
2021-03-01,AR,3957.78443
2021-03-01,AR,409.01107
2021-03-01,AR,128.002
2021-03-01,AR,1.322
2021-03-01,AR,3.53652
2021-03-01,AR,0.2777
2021-03-01,AR,81.65792
2021-03-01,AR,4366.7955
2021-03-01,AR,537.01307
2021-03-01,AR,4.85852
2021-03-01,AR,81.93563
2021-03-01,AR,4494.7975
2021-03-01,AR,4581.59165
2021-03-01,IA,4430.09357
2021-03-01,IA,928.09872
2021-03-01,IA,0.21
2021-03-01,IA,0.43274
2021-03-01,IA,10.39777
2021-03-01,IA,0.007
2021-03-01,IA,135.62534
2021-03-01,IA,5358.19229
2021-03-01,IA,928.30872
2021-03-01,IA,10.83051
2021-03-01,IA,135.63234
2021-03-01,IA,5358.40229
2021-03-01,IA,5504.86514
2021-03-01,IL,220.00034
2021-03-01,IL,12742.86476
2021-03-01,IL,50.1658
2021-03-01,IL,0.68378
2021-03-01,IL,36.17573
2021-03-01,IL,0.74266
2021-03-01,IL,247.87774
2021-03-01,IL,12962.8651
2021-03-01,IL,12793.03055
2021-03-01,IL,36.85951
2021-03-01,IL,248.6204
2021-03-01,IL,13013.03089
2021-03-01,IL,13298.5108
2021-03-01,IN,3839.76159
2021-03-01,IN,1954.33441
2021-03-01,IN,617.90802
2021-03-01,IN,0.2315
2021-03-01,IN,17.80474
2021-03-01,IN,50.62798
2021-03-01,IN,370.61309
2021-03-01,IN,5794.096
2021-03-01,IN,2572.24243
2021-03-01,IN,18.03625
2021-03-01,IN,421.24107
2021-03-01,IN,6412.00402
2021-03-01,IN,6851.28133
2021-03-01,KY,5019.20628
2021-03-01,KY,2.2878
2021-03-01,KY,45.31113
2021-03-01,KY,5021.49407
2021-03-01,KY,2.2878
2021-03-01,KY,45.31113
2021-03-01,KY,5021.49407
2021-03-01,KY,5066.8052
2021-03-01,LA,4462.34794
2021-03-01,LA,129.72382
2021-03-01,LA,228.115
2021-03-01,LA,10.35628
2021-03-01,LA,40.85088
2021-03-01,LA,1971.13665
2021-03-01,LA,4592.07175
2021-03-01,LA,357.83882
2021-03-01,LA,0.0
2021-03-01,LA,10.35628
2021-03-01,LA,2011.98753
2021-03-01,LA,4820.18675
2021-03-01,LA,6842.53056
2021-03-01,MI,6741.69932
2021-03-01,MI,1909.80951
2021-03-01,MI,704.28567
2021-03-01,MI,8.00789
2021-03-01,MI,49.27199
2021-03-01,MI,0.94806
2021-03-01,MI,121.50633
2021-03-01,MI,8651.50883
2021-03-01,MI,2614.09518
2021-03-01,MI,0.12818
2021-03-01,MI,57.27988
2021-03-01,MI,122.45439
2021-03-01,MI,9355.7945
2021-03-01,MI,9535.52877
2021-03-01,MN,2889.43042
2021-03-01,MN,1368.71139
2021-03-01,MN,67.18451
2021-03-01,MN,2.34931
2021-03-01,MN,15.80328
2021-03-01,MN,2.855
2021-03-01,MN,91.40241
2021-03-01,MN,4258.14181
2021-03-01,MN,1435.8959
2021-03-01,MN,18.15259
2021-03-01,MN,94.25741
2021-03-01,MN,4325.32631
2021-03-01,MN,4437.73631
2021-03-01,MO,4687.99793
2021-03-01,MO,546.70925
2021-03-01,MO,2.307
2021-03-01,MO,0.046
2021-03-01,MO,15.318
2021-03-01,MO,4.498
2021-03-01,MO,5234.70718
2021-03-01,MO,549.01625
2021-03-01,MO,15.364
2021-03-01,MO,4.498
2021-03-01,MO,5237.01418
2021-03-01,MO,5256.87618
2021-03-01,MS,4054.91003
2021-03-01,MS,297.48762
2021-03-01,MS,0.0
2021-03-01,MS,168.3533
2021-03-01,MS,4352.39765
2021-03-01,MS,297.48762
2021-03-01,MS,0.0
2021-03-01,MS,168.3533
2021-03-01,MS,4352.39765
2021-03-01,MS,4520.75095
2021-03-01,MT,1038.16469
2021-03-01,MT,1370.7807
2021-03-01,MT,41.327
2021-03-01,MT,0.12101
2021-03-01,MT,2.22881
2021-03-01,MT,2408.94539
2021-03-01,MT,1412.1077
2021-03-01,MT,2.34982
2021-03-01,MT,2450.27239
2021-03-01,MT,2452.62222
2021-03-01,ND,2737.91828
2021-03-01,ND,844.00025
2021-03-01,ND,0.03699
2021-03-01,ND,17.49781
2021-03-01,ND,3581.91853
2021-03-01,ND,844.00025
2021-03-01,ND,0.03699
2021-03-01,ND,17.49781
2021-03-01,ND,3581.91853
2021-03-01,ND,3599.45333
2021-03-01,SD,705.77749
2021-03-01,SD,673.31933
2021-03-01,SD,0.0006
2021-03-01,SD,3.33063
2021-03-01,SD,1379.09681
2021-03-01,SD,673.31933
2021-03-01,SD,0.0006
2021-03-01,SD,3.33063
2021-03-01,SD,1379.09681
2021-03-01,SD,1382.42805
2021-03-01,TX,5096.51322
2021-03-01,TX,22683.54736
2021-03-01,TX,2885.1145
2021-03-01,TX,6.51287
2021-03-01,TX,33.6499
2021-03-01,TX,131.51782
2021-03-01,TX,2821.43833
2021-03-01,TX,27780.06058
2021-03-01,TX,25568.66186
2021-03-01,TX,121.2582
2021-03-01,TX,40.16277
2021-03-01,TX,2952.95615
2021-03-01,TX,30665.17508
2021-03-01,TX,33658.294
2021-03-01,WI,4187.70369
2021-03-01,WI,997.47332
2021-03-01,WI,85.14412
2021-03-01,WI,3.08156
2021-03-01,WI,10.34587
2021-03-01,WI,4.46496
2021-03-01,WI,139.39167
2021-03-01,WI,5185.17701
2021-03-01,WI,1082.61743
2021-03-01,WI,13.42743
2021-03-01,WI,143.85663
2021-03-01,WI,5270.32112
2021-03-01,WI,5427.60518
2021-04-01,AR,3570.25302
2021-04-01,AR,159.51301
2021-04-01,AR,97.73
2021-04-01,AR,2.066
2021-04-01,AR,4.14581
2021-04-01,AR,0.3197
2021-04-01,AR,92.90243
2021-04-01,AR,3729.76603
2021-04-01,AR,257.24301
2021-04-01,AR,6.21181
2021-04-01,AR,93.22213
2021-04-01,AR,3827.49603
2021-04-01,AR,3926.92997
2021-04-01,IA,4225.41853
2021-04-01,IA,906.53329
2021-04-01,IA,0.235
2021-04-01,IA,0.33564
2021-04-01,IA,3.22503
2021-04-01,IA,0.017
2021-04-01,IA,158.5466
2021-04-01,IA,5131.95182
2021-04-01,IA,906.76829
2021-04-01,IA,3.56067
2021-04-01,IA,158.5636
2021-04-01,IA,5132.18682
2021-04-01,IA,5294.31109
2021-04-01,IL,169.95903
2021-04-01,IL,12751.67172
2021-04-01,IL,51.15127
2021-04-01,IL,0.50142
2021-04-01,IL,27.85347
2021-04-01,IL,0.64251
2021-04-01,IL,198.57467
2021-04-01,IL,12921.63075
2021-04-01,IL,12802.82298
2021-04-01,IL,28.35489
2021-04-01,IL,199.21718
2021-04-01,IL,12972.78202
2021-04-01,IL,13200.35408
2021-04-01,IN,3529.07104
2021-04-01,IN,1639.1044
2021-04-01,IN,579.97807
2021-04-01,IN,0.21222
2021-04-01,IN,20.6206
2021-04-01,IN,46.27079
2021-04-01,IN,323.80906
2021-04-01,IN,5168.17544
2021-04-01,IN,2219.08247
2021-04-01,IN,20.83282
2021-04-01,IN,370.07984
2021-04-01,IN,5748.15351
2021-04-01,IN,6139.06617
2021-04-01,KY,4875.6268
2021-04-01,KY,31.73923
2021-04-01,KY,46.88394
2021-04-01,KY,4907.36603
2021-04-01,KY,31.73923
2021-04-01,KY,46.88394
2021-04-01,KY,4907.36603
2021-04-01,KY,4954.24997
2021-04-01,LA,4626.48653
2021-04-01,LA,174.8816
2021-04-01,LA,262.647
2021-04-01,LA,16.39099
2021-04-01,LA,38.46185
2021-04-01,LA,2018.43805
2021-04-01,LA,4801.36813
2021-04-01,LA,437.5286
2021-04-01,LA,0.0
2021-04-01,LA,16.39099
2021-04-01,LA,2056.8999
2021-04-01,LA,5064.01513
2021-04-01,LA,7137.30602
2021-04-01,MI,4963.60067
2021-04-01,MI,1604.99335
2021-04-01,MI,1104.23602
2021-04-01,MI,8.00722
2021-04-01,MI,48.65138
2021-04-01,MI,0.94014
2021-04-01,MI,107.49271
2021-04-01,MI,6568.59403
2021-04-01,MI,2709.22938
2021-04-01,MI,0.15617
2021-04-01,MI,56.65861
2021-04-01,MI,108.43286
2021-04-01,MI,7672.83005
2021-04-01,MI,7837.92151
2021-04-01,MN,2378.94558
2021-04-01,MN,1265.32575
2021-04-01,MN,102.42981
2021-04-01,MN,2.49795
2021-04-01,MN,20.02232
2021-04-01,MN,4.68
2021-04-01,MN,65.62051
2021-04-01,MN,3644.27133
2021-04-01,MN,1367.75557
2021-04-01,MN,22.52027
2021-04-01,MN,70.30051
2021-04-01,MN,3746.70114
2021-04-01,MN,3839.52193
2021-04-01,MO,4468.78802
2021-04-01,MO,518.07034
2021-04-01,MO,2.358
2021-04-01,MO,0.05
2021-04-01,MO,14.413
2021-04-01,MO,3.697
2021-04-01,MO,4986.85836
2021-04-01,MO,520.42834
2021-04-01,MO,14.463
2021-04-01,MO,3.697
2021-04-01,MO,4989.21636
2021-04-01,MO,5007.37636
2021-04-01,MS,4742.56418
2021-04-01,MS,335.85795
2021-04-01,MS,0.0
2021-04-01,MS,166.08472
2021-04-01,MS,5078.42212
2021-04-01,MS,335.85795
2021-04-01,MS,0.0
2021-04-01,MS,166.08472
2021-04-01,MS,5078.42212
2021-04-01,MS,5244.50685
2021-04-01,MT,1031.01321
2021-04-01,MT,775.56188
2021-04-01,MT,40.779
2021-04-01,MT,0.10559
2021-04-01,MT,2.09208
2021-04-01,MT,1806.57509
2021-04-01,MT,816.34088
2021-04-01,MT,2.19766
2021-04-01,MT,1847.35409
2021-04-01,MT,1849.55176
2021-04-01,ND,2413.10867
2021-04-01,ND,674.35229
2021-04-01,ND,0.02465
2021-04-01,ND,9.74916
2021-04-01,ND,3087.46096
2021-04-01,ND,674.35229
2021-04-01,ND,0.02465
2021-04-01,ND,9.74916
2021-04-01,ND,3087.46096
2021-04-01,ND,3097.23476
2021-04-01,SD,674.37317
2021-04-01,SD,761.46167
2021-04-01,SD,0.00047
2021-04-01,SD,2.97807
2021-04-01,SD,1435.83484
2021-04-01,SD,761.46167
2021-04-01,SD,0.00047
2021-04-01,SD,2.97807
2021-04-01,SD,1435.83484
2021-04-01,SD,1438.81338
2021-04-01,TX,5639.6608
2021-04-01,TX,23130.5636
2021-04-01,TX,3058.43295
2021-04-01,TX,5.52523
2021-04-01,TX,36.4771
2021-04-01,TX,122.75786
2021-04-01,TX,2887.45593
2021-04-01,TX,28770.2244
2021-04-01,TX,26188.99655
2021-04-01,TX,110.82595
2021-04-01,TX,42.00233
2021-04-01,TX,3010.21379
2021-04-01,TX,31828.65735
2021-04-01,TX,34880.87347
2021-04-01,WI,3592.74794
2021-04-01,WI,944.4573
2021-04-01,WI,74.50359
2021-04-01,WI,2.2448
2021-04-01,WI,8.8246
2021-04-01,WI,4.19585
2021-04-01,WI,125.36232
2021-04-01,WI,4537.20524
2021-04-01,WI,1018.96089
2021-04-01,WI,11.06939
2021-04-01,WI,129.55817
2021-04-01,WI,4611.70883
2021-04-01,WI,4752.3364
2021-05-01,AR,4080.09267
2021-05-01,AR,199.3689
2021-05-01,AR,0.0
2021-05-01,AR,1.632
2021-05-01,AR,2.72207
2021-05-01,AR,0.344
2021-05-01,AR,91.98149
2021-05-01,AR,4279.46156
2021-05-01,AR,199.3689
2021-05-01,AR,4.35407
2021-05-01,AR,92.32549
2021-05-01,AR,4279.46156
2021-05-01,AR,4376.14113
2021-05-01,IA,4158.53173
2021-05-01,IA,821.70491
2021-05-01,IA,0.336
2021-05-01,IA,0.55276
2021-05-01,IA,8.53593
2021-05-01,IA,0.003
2021-05-01,IA,179.9716
2021-05-01,IA,4980.23664
2021-05-01,IA,822.04091
2021-05-01,IA,9.08869
2021-05-01,IA,179.9746
2021-05-01,IA,4980.57264
2021-05-01,IA,5169.63593
2021-05-01,IL,230.53595
2021-05-01,IL,14379.89867
2021-05-01,IL,51.48127
2021-05-01,IL,0.43365
2021-05-01,IL,26.30048
2021-05-01,IL,0.6158
2021-05-01,IL,214.68698
2021-05-01,IL,14610.43461
2021-05-01,IL,14431.37994
2021-05-01,IL,26.73412
2021-05-01,IL,215.30278
2021-05-01,IL,14661.91589
2021-05-01,IL,14903.95279
2021-05-01,IN,4332.4679
2021-05-01,IN,1468.92426
2021-05-01,IN,673.49334
2021-05-01,IN,0.24479
2021-05-01,IN,22.37707
2021-05-01,IN,56.03082
2021-05-01,IN,281.36718
2021-05-01,IN,5801.39216
2021-05-01,IN,2142.4176
2021-05-01,IN,22.62187
2021-05-01,IN,337.398
2021-05-01,IN,6474.8855
2021-05-01,IN,6834.90537
2021-05-01,KY,5595.19186
2021-05-01,KY,12.95028
2021-05-01,KY,45.86262
2021-05-01,KY,5608.14214
2021-05-01,KY,12.95028
2021-05-01,KY,45.86262
2021-05-01,KY,5608.14214
2021-05-01,KY,5654.00476
2021-05-01,LA,5311.65784
2021-05-01,LA,338.00505
2021-05-01,LA,227.216
2021-05-01,LA,14.99073
2021-05-01,LA,35.92717
2021-05-01,LA,2101.44585
2021-05-01,LA,5649.66289
2021-05-01,LA,565.22105
2021-05-01,LA,0.0
2021-05-01,LA,14.99073
2021-05-01,LA,2137.37302
2021-05-01,LA,5876.87889
2021-05-01,LA,8029.24263
2021-05-01,MI,5560.79628
2021-05-01,MI,1539.54458
2021-05-01,MI,448.42329
2021-05-01,MI,10.0279
2021-05-01,MI,43.05825
2021-05-01,MI,0.75108
2021-05-01,MI,100.67487
2021-05-01,MI,7100.34086
2021-05-01,MI,1987.96787
2021-05-01,MI,0.13532
2021-05-01,MI,53.08615
2021-05-01,MI,101.42595
2021-05-01,MI,7548.76416
2021-05-01,MI,7703.27626
2021-05-01,MN,2500.13031
2021-05-01,MN,1215.04886
2021-05-01,MN,105.65844
2021-05-01,MN,2.07515
2021-05-01,MN,18.53539
2021-05-01,MN,5.048
2021-05-01,MN,77.06334
2021-05-01,MN,3715.17917
2021-05-01,MN,1320.70729
2021-05-01,MN,20.61054
2021-05-01,MN,82.11134
2021-05-01,MN,3820.83761
2021-05-01,MN,3923.55949
2021-05-01,MO,4806.70413
2021-05-01,MO,463.21473
2021-05-01,MO,3.444
2021-05-01,MO,0.047
2021-05-01,MO,15.49217
2021-05-01,MO,3.235
2021-05-01,MO,5269.91886
2021-05-01,MO,466.65873
2021-05-01,MO,15.53917
2021-05-01,MO,3.235
2021-05-01,MO,5273.36286
2021-05-01,MO,5292.13703
2021-05-01,MS,4981.23975
2021-05-01,MS,277.72544
2021-05-01,MS,0.0
2021-05-01,MS,166.37894
2021-05-01,MS,5258.96519
2021-05-01,MS,277.72544
2021-05-01,MS,0.0
2021-05-01,MS,166.37894
2021-05-01,MS,5258.96519
2021-05-01,MS,5425.34414
2021-05-01,MT,1033.65403
2021-05-01,MT,783.43148
2021-05-01,MT,44.142
2021-05-01,MT,0.10483
2021-05-01,MT,1.91088
2021-05-01,MT,1817.08551
2021-05-01,MT,827.57348
2021-05-01,MT,2.01571
2021-05-01,MT,1861.22751
2021-05-01,MT,1863.24322
2021-05-01,ND,2320.2381
2021-05-01,ND,819.07657
2021-05-01,ND,0.02784
2021-05-01,ND,7.46575
2021-05-01,ND,3139.31467
2021-05-01,ND,819.07657
2021-05-01,ND,0.02784
2021-05-01,ND,7.46575
2021-05-01,ND,3139.31467
2021-05-01,ND,3146.80826
2021-05-01,SD,718.37607
2021-05-01,SD,667.83142
2021-05-01,SD,0.00046
2021-05-01,SD,3.37431
2021-05-01,SD,1386.20749
2021-05-01,SD,667.83142
2021-05-01,SD,0.00046
2021-05-01,SD,3.37431
2021-05-01,SD,1386.20749
2021-05-01,SD,1389.58227
2021-05-01,TX,5981.57533
2021-05-01,TX,26418.44963
2021-05-01,TX,3403.74322
2021-05-01,TX,5.48545
2021-05-01,TX,41.45489
2021-05-01,TX,125.00351
2021-05-01,TX,3158.39523
2021-05-01,TX,32400.02495
2021-05-01,TX,29822.19284
2021-05-01,TX,109.96071
2021-05-01,TX,46.94034
2021-05-01,TX,3283.39874
2021-05-01,TX,35803.76817
2021-05-01,TX,39134.10724
2021-05-01,WI,3802.11434
2021-05-01,WI,986.94656
2021-05-01,WI,61.9015
2021-05-01,WI,2.20682
2021-05-01,WI,9.69774
2021-05-01,WI,4.22953
2021-05-01,WI,113.37663
2021-05-01,WI,4789.0609
2021-05-01,WI,1048.84806
2021-05-01,WI,11.90455
2021-05-01,WI,117.60616
2021-05-01,WI,4850.9624
2021-05-01,WI,4980.4731
2021-06-01,AR,5407.58394
2021-06-01,AR,461.01923
2021-06-01,AR,53.751
2021-06-01,AR,1.68
2021-06-01,AR,4.53402
2021-06-01,AR,0.34102
2021-06-01,AR,94.45344
2021-06-01,AR,5868.60317
2021-06-01,AR,514.77023
2021-06-01,AR,6.21402
2021-06-01,AR,94.79446
2021-06-01,AR,5922.35417
2021-06-01,AR,6023.36265
2021-06-01,IA,4972.86046
2021-06-01,IA,572.85497
2021-06-01,IA,0.335
2021-06-01,IA,0.148
2021-06-01,IA,12.75302
2021-06-01,IA,0.032
2021-06-01,IA,210.71156
2021-06-01,IA,5545.71543
2021-06-01,IA,573.18997
2021-06-01,IA,12.90102
2021-06-01,IA,210.74356
2021-06-01,IA,5546.05043
2021-06-01,IA,5769.69501
2021-06-01,IL,469.04423
2021-06-01,IL,15108.82305
2021-06-01,IL,56.09705
2021-06-01,IL,0.37762
2021-06-01,IL,45.38281
2021-06-01,IL,1.81682
2021-06-01,IL,228.01584
2021-06-01,IL,15577.86727
2021-06-01,IL,15164.92009
2021-06-01,IL,45.76043
2021-06-01,IL,229.83266
2021-06-01,IL,15633.96432
2021-06-01,IL,15909.5574
2021-06-01,IN,6081.63025
2021-06-01,IN,1578.48772
2021-06-01,IN,662.88673
2021-06-01,IN,0.23822
2021-06-01,IN,16.6938
2021-06-01,IN,49.09187
2021-06-01,IN,372.34764
2021-06-01,IN,7660.11797
2021-06-01,IN,2241.37445
2021-06-01,IN,16.93202
2021-06-01,IN,421.43951
2021-06-01,IN,8323.0047
2021-06-01,IN,8761.37623
2021-06-01,KY,6481.63141
2021-06-01,KY,111.54472
2021-06-01,KY,32.33876
2021-06-01,KY,6593.17613
2021-06-01,KY,111.54472
2021-06-01,KY,32.33876
2021-06-01,KY,6593.17613
2021-06-01,KY,6625.51489
2021-06-01,LA,6130.45298
2021-06-01,LA,392.98528
2021-06-01,LA,238.356
2021-06-01,LA,17.56438
2021-06-01,LA,45.82091
2021-06-01,LA,2150.10029
2021-06-01,LA,6523.43825
2021-06-01,LA,631.34128
2021-06-01,LA,0.0
2021-06-01,LA,17.56438
2021-06-01,LA,2195.92119
2021-06-01,LA,6761.79425
2021-06-01,LA,8975.27982
2021-06-01,MI,7176.6011
2021-06-01,MI,1671.2197
2021-06-01,MI,1071.37526
2021-06-01,MI,9.139
2021-06-01,MI,42.64651
2021-06-01,MI,0.77955
2021-06-01,MI,116.46776
2021-06-01,MI,8847.82079
2021-06-01,MI,2742.59495
2021-06-01,MI,0.18732
2021-06-01,MI,51.78551
2021-06-01,MI,117.2473
2021-06-01,MI,9919.19605
2021-06-01,MI,10088.22886
2021-06-01,MN,3883.05465
2021-06-01,MN,1221.95082
2021-06-01,MN,55.99637
2021-06-01,MN,1.74598
2021-06-01,MN,27.12938
2021-06-01,MN,3.091
2021-06-01,MN,86.49095
2021-06-01,MN,5105.00547
2021-06-01,MN,1277.94718
2021-06-01,MN,28.87536
2021-06-01,MN,89.58195
2021-06-01,MN,5161.00183
2021-06-01,MN,5279.45914
2021-06-01,MO,6179.58412
2021-06-01,MO,527.0963
2021-06-01,MO,2.724
2021-06-01,MO,0.046
2021-06-01,MO,16.808
2021-06-01,MO,3.104
2021-06-01,MO,6706.68043
2021-06-01,MO,529.8203
2021-06-01,MO,16.854
2021-06-01,MO,3.104
2021-06-01,MO,6709.40443
2021-06-01,MO,6729.36243
2021-06-01,MS,5729.1304
2021-06-01,MS,217.03807
2021-06-01,MS,0.0
2021-06-01,MS,160.65016
2021-06-01,MS,5946.16846
2021-06-01,MS,217.03807
2021-06-01,MS,0.0
2021-06-01,MS,160.65016
2021-06-01,MS,5946.16846
2021-06-01,MS,6106.81862
2021-06-01,MT,967.12173
2021-06-01,MT,840.07744
2021-06-01,MT,40.96
2021-06-01,MT,0.11779
2021-06-01,MT,2.34219
2021-06-01,MT,1807.19917
2021-06-01,MT,881.03744
2021-06-01,MT,2.45997
2021-06-01,MT,1848.15917
2021-06-01,MT,1850.61914
2021-06-01,ND,2575.50876
2021-06-01,ND,532.55577
2021-06-01,ND,0.0361
2021-06-01,ND,6.03654
2021-06-01,ND,3108.06452
2021-06-01,ND,532.55577
2021-06-01,ND,0.0361
2021-06-01,ND,6.03654
2021-06-01,ND,3108.06452
2021-06-01,ND,3114.13716
2021-06-01,SD,960.6963
2021-06-01,SD,572.89784
2021-06-01,SD,0.00053
2021-06-01,SD,5.0586
2021-06-01,SD,1533.59414
2021-06-01,SD,572.89784
2021-06-01,SD,0.00053
2021-06-01,SD,5.0586
2021-06-01,SD,1533.59414
2021-06-01,SD,1538.65327
2021-06-01,TX,8478.76953
2021-06-01,TX,29934.68512
2021-06-01,TX,3759.07127
2021-06-01,TX,5.70436
2021-06-01,TX,47.69111
2021-06-01,TX,157.32572
2021-06-01,TX,3589.82216
2021-06-01,TX,38413.45465
2021-06-01,TX,33693.75639
2021-06-01,TX,165.59643
2021-06-01,TX,53.39547
2021-06-01,TX,3747.14787
2021-06-01,TX,42172.52592
2021-06-01,TX,45973.06926
2021-06-01,WI,4800.28417
2021-06-01,WI,943.07183
2021-06-01,WI,95.23107
2021-06-01,WI,1.83445
2021-06-01,WI,9.28332
2021-06-01,WI,4.05252
2021-06-01,WI,119.26659
2021-06-01,WI,5743.35599
2021-06-01,WI,1038.3029
2021-06-01,WI,11.11777
2021-06-01,WI,123.31911
2021-06-01,WI,5838.58706
2021-06-01,WI,5973.02394
2021-07-01,AR,6076.76283
2021-07-01,AR,545.95784
2021-07-01,AR,7.806
2021-07-01,AR,2.084
2021-07-01,AR,4.19154
2021-07-01,AR,0.3728
2021-07-01,AR,90.58268
2021-07-01,AR,6622.72068
2021-07-01,AR,553.76384
2021-07-01,AR,6.27554
2021-07-01,AR,90.95548
2021-07-01,AR,6630.52668
2021-07-01,AR,6727.7577
2021-07-01,IA,5056.6314
2021-07-01,IA,393.46868
2021-07-01,IA,0.416
2021-07-01,IA,0.064
2021-07-01,IA,14.36217
2021-07-01,IA,0.001
2021-07-01,IA,205.92354
2021-07-01,IA,5450.10008
2021-07-01,IA,393.88468
2021-07-01,IA,14.42617
2021-07-01,IA,205.92454
2021-07-01,IA,5450.51608
2021-07-01,IA,5670.86679
2021-07-01,IL,448.06779
2021-07-01,IL,16051.95955
2021-07-01,IL,59.61365
2021-07-01,IL,0.34764
2021-07-01,IL,52.35624
2021-07-01,IL,2.32403
2021-07-01,IL,222.07149
2021-07-01,IL,16500.02734
2021-07-01,IL,16111.5732
2021-07-01,IL,52.70388
2021-07-01,IL,224.39552
2021-07-01,IL,16559.64099
2021-07-01,IL,16836.74039
2021-07-01,IN,6877.01703
2021-07-01,IN,1422.3202
2021-07-01,IN,678.82227
2021-07-01,IN,0.20915
2021-07-01,IN,21.71018
2021-07-01,IN,48.32384
2021-07-01,IN,396.51869
2021-07-01,IN,8299.33723
2021-07-01,IN,2101.14247
2021-07-01,IN,21.91933
2021-07-01,IN,444.84253
2021-07-01,IN,8978.1595
2021-07-01,IN,9444.92136
2021-07-01,KY,6946.3879
2021-07-01,KY,140.59207
2021-07-01,KY,52.70545
2021-07-01,KY,7086.97998
2021-07-01,KY,140.59207
2021-07-01,KY,52.70545
2021-07-01,KY,7086.97998
2021-07-01,KY,7139.68543
2021-07-01,LA,6775.13378
2021-07-01,LA,462.62171
2021-07-01,LA,246.696
2021-07-01,LA,18.45909
2021-07-01,LA,41.30317
2021-07-01,LA,2558.75015
2021-07-01,LA,7237.75549
2021-07-01,LA,709.31771
2021-07-01,LA,0.0
2021-07-01,LA,18.45909
2021-07-01,LA,2600.05332
2021-07-01,LA,7484.45149
2021-07-01,LA,10102.9639
2021-07-01,MI,7397.29952
2021-07-01,MI,1619.80739
2021-07-01,MI,1134.07682
2021-07-01,MI,9.28368
2021-07-01,MI,48.07892
2021-07-01,MI,0.81511
2021-07-01,MI,120.64927
2021-07-01,MI,9017.10691
2021-07-01,MI,2753.88421
2021-07-01,MI,0.20123
2021-07-01,MI,57.3626
2021-07-01,MI,121.46438
2021-07-01,MI,10151.18373
2021-07-01,MI,10330.01071
2021-07-01,MN,4500.07696
2021-07-01,MN,1086.94487
2021-07-01,MN,134.99369
2021-07-01,MN,1.41106
2021-07-01,MN,26.4985
2021-07-01,MN,2.736
2021-07-01,MN,81.50047
2021-07-01,MN,5587.02183
2021-07-01,MN,1221.93856
2021-07-01,MN,27.90956
2021-07-01,MN,84.23647
2021-07-01,MN,5722.01552
2021-07-01,MN,5834.16155
2021-07-01,MO,6670.40088
2021-07-01,MO,449.71812
2021-07-01,MO,3.437
2021-07-01,MO,0.074
2021-07-01,MO,18.33
2021-07-01,MO,2.903
2021-07-01,MO,7120.119
2021-07-01,MO,453.15512
2021-07-01,MO,18.404
2021-07-01,MO,2.903
2021-07-01,MO,7123.556
2021-07-01,MO,7144.863
2021-07-01,MS,6162.71808
2021-07-01,MS,353.67747
2021-07-01,MS,0.0
2021-07-01,MS,162.17385
2021-07-01,MS,6516.39556
2021-07-01,MS,353.67747
2021-07-01,MS,0.0
2021-07-01,MS,162.17385
2021-07-01,MS,6516.39556
2021-07-01,MS,6678.56941
2021-07-01,MT,962.93115
2021-07-01,MT,1181.0636
2021-07-01,MT,40.011
2021-07-01,MT,0.13299
2021-07-01,MT,2.40438
2021-07-01,MT,2143.99475
2021-07-01,MT,1221.0746
2021-07-01,MT,2.53737
2021-07-01,MT,2184.00575
2021-07-01,MT,2186.54312
2021-07-01,ND,3212.1057
2021-07-01,ND,665.73704
2021-07-01,ND,0.02841
2021-07-01,ND,6.86902
2021-07-01,ND,3877.84274
2021-07-01,ND,665.73704
2021-07-01,ND,0.02841
2021-07-01,ND,6.86902
2021-07-01,ND,3877.84274
2021-07-01,ND,3884.74018
2021-07-01,SD,975.53374
2021-07-01,SD,546.03254
2021-07-01,SD,0.00019
2021-07-01,SD,5.46933
2021-07-01,SD,1521.56628
2021-07-01,SD,546.03254
2021-07-01,SD,0.00019
2021-07-01,SD,5.46933
2021-07-01,SD,1521.56628
2021-07-01,SD,1527.0358
2021-07-01,TX,9461.69758
2021-07-01,TX,30853.26672
2021-07-01,TX,4076.8375
2021-07-01,TX,4.19211
2021-07-01,TX,75.31956
2021-07-01,TX,188.18854
2021-07-01,TX,3740.06057
2021-07-01,TX,40314.9643
2021-07-01,TX,34930.10421
2021-07-01,TX,176.67486
2021-07-01,TX,79.51166
2021-07-01,TX,3928.24911
2021-07-01,TX,44391.80179
2021-07-01,TX,48399.56257
2021-07-01,WI,5391.43735
2021-07-01,WI,945.20224
2021-07-01,WI,105.63296
2021-07-01,WI,1.42304
2021-07-01,WI,10.31502
2021-07-01,WI,4.54978
2021-07-01,WI,122.19705
2021-07-01,WI,6336.63959
2021-07-01,WI,1050.8352
2021-07-01,WI,11.73806
2021-07-01,WI,126.74683
2021-07-01,WI,6442.27255
2021-07-01,WI,6580.75744
2021-08-01,AR,5988.96956
2021-08-01,AR,549.42101
2021-08-01,AR,116.816
2021-08-01,AR,2.011
2021-08-01,AR,4.56012
2021-08-01,AR,0.35301
2021-08-01,AR,93.34807
2021-08-01,AR,6538.39057
2021-08-01,AR,666.23701
2021-08-01,AR,6.57112
2021-08-01,AR,93.70108
2021-08-01,AR,6655.20657
2021-08-01,AR,6755.47877
2021-08-01,IA,5203.01798
2021-08-01,IA,530.40029
2021-08-01,IA,0.4
2021-08-01,IA,0.231
2021-08-01,IA,14.72761
2021-08-01,IA,0.05
2021-08-01,IA,178.48509
2021-08-01,IA,5733.41827
2021-08-01,IA,530.80029
2021-08-01,IA,14.95861
2021-08-01,IA,178.53509
2021-08-01,IA,5733.81827
2021-08-01,IA,5927.31197
2021-08-01,IL,487.3517
2021-08-01,IL,16630.67498
2021-08-01,IL,63.69309
2021-08-01,IL,0.41274
2021-08-01,IL,61.10031
2021-08-01,IL,2.53553
2021-08-01,IL,214.64392
2021-08-01,IL,17118.02669
2021-08-01,IL,16694.36807
2021-08-01,IL,61.51305
2021-08-01,IL,217.17945
2021-08-01,IL,17181.71978
2021-08-01,IL,17460.41228
2021-08-01,IN,7337.88882
2021-08-01,IN,1557.47435
2021-08-01,IN,721.04087
2021-08-01,IN,0.20103
2021-08-01,IN,24.18796
2021-08-01,IN,47.261
2021-08-01,IN,349.52659
2021-08-01,IN,8895.36316
2021-08-01,IN,2278.51521
2021-08-01,IN,24.38898
2021-08-01,IN,396.78759
2021-08-01,IN,9616.40403
2021-08-01,IN,10037.5806
2021-08-01,KY,7071.49132
2021-08-01,KY,117.12007
2021-08-01,KY,38.65687
2021-08-01,KY,7188.61139
2021-08-01,KY,117.12007
2021-08-01,KY,38.65687
2021-08-01,KY,7188.61139
2021-08-01,KY,7227.26826
2021-08-01,LA,6832.35799
2021-08-01,LA,572.36778
2021-08-01,LA,219.29
2021-08-01,LA,17.6283
2021-08-01,LA,33.44583
2021-08-01,LA,2464.62343
2021-08-01,LA,7404.72577
2021-08-01,LA,791.65778
2021-08-01,LA,0.0
2021-08-01,LA,17.6283
2021-08-01,LA,2498.06926
2021-08-01,LA,7624.01577
2021-08-01,LA,10139.71334
2021-08-01,MI,8022.13172
2021-08-01,MI,1572.89421
2021-08-01,MI,1102.57452
2021-08-01,MI,8.49044
2021-08-01,MI,50.50158
2021-08-01,MI,0.98107
2021-08-01,MI,115.94604
2021-08-01,MI,9595.02593
2021-08-01,MI,2675.46873
2021-08-01,MI,0.20866
2021-08-01,MI,58.99202
2021-08-01,MI,116.92711
2021-08-01,MI,10697.60045
2021-08-01,MI,10873.51958
2021-08-01,MN,4657.17974
2021-08-01,MN,1173.89919
2021-08-01,MN,110.98423
2021-08-01,MN,1.83806
2021-08-01,MN,26.77818
2021-08-01,MN,2.609
2021-08-01,MN,72.32994
2021-08-01,MN,5831.07892
2021-08-01,MN,1284.88341
2021-08-01,MN,28.61624
2021-08-01,MN,74.93894
2021-08-01,MN,5942.06315
2021-08-01,MN,6045.61833
2021-08-01,MO,7516.67953
2021-08-01,MO,543.52347
2021-08-01,MO,2.686
2021-08-01,MO,0.075
2021-08-01,MO,18.93
2021-08-01,MO,2.59
2021-08-01,MO,8060.20299
2021-08-01,MO,546.20947
2021-08-01,MO,19.005
2021-08-01,MO,2.59
2021-08-01,MO,8062.88899
2021-08-01,MO,8084.48399
2021-08-01,MS,6205.4999
2021-08-01,MS,349.21673
2021-08-01,MS,0.0
2021-08-01,MS,167.57776
2021-08-01,MS,6554.71663
2021-08-01,MS,349.21673
2021-08-01,MS,0.0
2021-08-01,MS,167.57776
2021-08-01,MS,6554.71663
2021-08-01,MS,6722.29439
2021-08-01,MT,942.58899
2021-08-01,MT,1139.02268
2021-08-01,MT,41.101
2021-08-01,MT,0.12724
2021-08-01,MT,2.30161
2021-08-01,MT,2081.61167
2021-08-01,MT,1180.12368
2021-08-01,MT,2.42884
2021-08-01,MT,2122.71267
2021-08-01,MT,2125.14151
2021-08-01,ND,3141.41118
2021-08-01,ND,766.52135
2021-08-01,ND,0.03007
2021-08-01,ND,14.2914
2021-08-01,ND,3907.93253
2021-08-01,ND,766.52135
2021-08-01,ND,0.03007
2021-08-01,ND,14.2914
2021-08-01,ND,3907.93253
2021-08-01,ND,3922.254
2021-08-01,SD,941.13544
2021-08-01,SD,707.84488
2021-08-01,SD,0.0003
2021-08-01,SD,5.11493
2021-08-01,SD,1648.98033
2021-08-01,SD,707.84488
2021-08-01,SD,0.0003
2021-08-01,SD,5.11493
2021-08-01,SD,1648.98033
2021-08-01,SD,1654.09555
2021-08-01,TX,9315.26351
2021-08-01,TX,32505.27059
2021-08-01,TX,4213.63778
2021-08-01,TX,5.93961
2021-08-01,TX,77.3797
2021-08-01,TX,219.4591
2021-08-01,TX,3719.0176
2021-08-01,TX,41820.5341
2021-08-01,TX,36718.90837
2021-08-01,TX,179.68415
2021-08-01,TX,83.31931
2021-08-01,TX,3938.47671
2021-08-01,TX,46034.17188
2021-08-01,TX,50055.9679
2021-08-01,WI,5465.83407
2021-08-01,WI,889.73528
2021-08-01,WI,92.18265
2021-08-01,WI,1.36958
2021-08-01,WI,9.20895
2021-08-01,WI,4.62846
2021-08-01,WI,121.45812
2021-08-01,WI,6355.56935
2021-08-01,WI,981.91794
2021-08-01,WI,10.57853
2021-08-01,WI,126.08658
2021-08-01,WI,6447.75201
2021-08-01,WI,6584.41712
2021-09-01,AR,4936.79688
2021-09-01,AR,526.08557
2021-09-01,AR,111.216
2021-09-01,AR,2.063
2021-09-01,AR,3.87998
2021-09-01,AR,0.30481
2021-09-01,AR,91.21515
2021-09-01,AR,5462.88245
2021-09-01,AR,637.30157
2021-09-01,AR,5.94298
2021-09-01,AR,91.51996
2021-09-01,AR,5574.09845
2021-09-01,AR,5671.56139
2021-09-01,IA,5011.37903
2021-09-01,IA,657.22257
2021-09-01,IA,0.419
2021-09-01,IA,0.278
2021-09-01,IA,12.63523
2021-09-01,IA,0.018
2021-09-01,IA,161.98289
2021-09-01,IA,5668.6016
2021-09-01,IA,657.64157
2021-09-01,IA,12.91323
2021-09-01,IA,162.00089
2021-09-01,IA,5669.0206
2021-09-01,IA,5843.93472
2021-09-01,IL,334.89118
2021-09-01,IL,13995.51843
2021-09-01,IL,52.08991
2021-09-01,IL,0.36686
2021-09-01,IL,40.77622
2021-09-01,IL,1.67704
2021-09-01,IL,220.7531
2021-09-01,IL,14330.40962
2021-09-01,IL,14047.60834
2021-09-01,IL,41.14308
2021-09-01,IL,222.43014
2021-09-01,IL,14382.49952
2021-09-01,IL,14646.07274
2021-09-01,IN,4940.00146
2021-09-01,IN,1667.38008
2021-09-01,IN,604.26853
2021-09-01,IN,0.23685
2021-09-01,IN,21.61309
2021-09-01,IN,41.47175
2021-09-01,IN,317.3082
2021-09-01,IN,6607.38154
2021-09-01,IN,2271.64861
2021-09-01,IN,21.84994
2021-09-01,IN,358.77995
2021-09-01,IN,7211.65007
2021-09-01,IN,7592.27996
2021-09-01,KY,5516.29543
2021-09-01,KY,27.20976
2021-09-01,KY,42.74165
2021-09-01,KY,5543.50519
2021-09-01,KY,27.20976
2021-09-01,KY,42.74165
2021-09-01,KY,5543.50519
2021-09-01,KY,5586.24684
2021-09-01,LA,4715.15058
2021-09-01,LA,426.58244
2021-09-01,LA,187.108
2021-09-01,LA,14.83787
2021-09-01,LA,36.21741
2021-09-01,LA,1859.77073
2021-09-01,LA,5141.73302
2021-09-01,LA,613.69044
2021-09-01,LA,0.0
2021-09-01,LA,14.83787
2021-09-01,LA,1895.98814
2021-09-01,LA,5328.84102
2021-09-01,LA,7239.66702
2021-09-01,MI,6555.95497
2021-09-01,MI,1674.40934
2021-09-01,MI,912.94748
2021-09-01,MI,6.18397
2021-09-01,MI,46.16996
2021-09-01,MI,0.80797
2021-09-01,MI,100.23563
2021-09-01,MI,8230.36431
2021-09-01,MI,2587.35682
2021-09-01,MI,0.16691
2021-09-01,MI,52.35393
2021-09-01,MI,101.04361
2021-09-01,MI,9143.31179
2021-09-01,MI,9296.70932
2021-09-01,MN,3259.2645
2021-09-01,MN,1103.7339
2021-09-01,MN,75.41279
2021-09-01,MN,1.92328
2021-09-01,MN,22.70318
2021-09-01,MN,2.484
2021-09-01,MN,82.32537
2021-09-01,MN,4362.99841
2021-09-01,MN,1179.14669
2021-09-01,MN,24.62646
2021-09-01,MN,84.80937
2021-09-01,MN,4438.41119
2021-09-01,MN,4547.84703
2021-09-01,MO,6449.26279
2021-09-01,MO,530.6849
2021-09-01,MO,3.632
2021-09-01,MO,0.035
2021-09-01,MO,17.807
2021-09-01,MO,2.384
2021-09-01,MO,6979.94769
2021-09-01,MO,534.3169
2021-09-01,MO,17.842
2021-09-01,MO,2.384
2021-09-01,MO,6983.57969
2021-09-01,MO,7003.80569
2021-09-01,MS,4889.71159
2021-09-01,MS,133.42115
2021-09-01,MS,0.0
2021-09-01,MS,156.01536
2021-09-01,MS,5023.13274
2021-09-01,MS,133.42115
2021-09-01,MS,0.0
2021-09-01,MS,156.01536
2021-09-01,MS,5023.13274
2021-09-01,MS,5179.1481
2021-09-01,MT,761.37939
2021-09-01,MT,1300.07752
2021-09-01,MT,35.103
2021-09-01,MT,0.11954
2021-09-01,MT,2.68226
2021-09-01,MT,2061.4569
2021-09-01,MT,1335.18052
2021-09-01,MT,2.8018
2021-09-01,MT,2096.5599
2021-09-01,MT,2099.36171
2021-09-01,ND,2863.89358
2021-09-01,ND,841.32007
2021-09-01,ND,0.02898
2021-09-01,ND,16.21281
2021-09-01,ND,3705.21365
2021-09-01,ND,841.32007
2021-09-01,ND,0.02898
2021-09-01,ND,16.21281
2021-09-01,ND,3705.21365
2021-09-01,ND,3721.45543
2021-09-01,SD,615.40348
2021-09-01,SD,672.35241
2021-09-01,SD,0.00041
2021-09-01,SD,4.01944
2021-09-01,SD,1287.75589
2021-09-01,SD,672.35241
2021-09-01,SD,0.00041
2021-09-01,SD,4.01944
2021-09-01,SD,1287.75589
2021-09-01,SD,1291.77574
2021-09-01,TX,8026.34301
2021-09-01,TX,28539.22952
2021-09-01,TX,3775.98482
2021-09-01,TX,6.19031
2021-09-01,TX,70.8873
2021-09-01,TX,208.72212
2021-09-01,TX,3534.02032
2021-09-01,TX,36565.57253
2021-09-01,TX,32315.21434
2021-09-01,TX,162.6704
2021-09-01,TX,77.07762
2021-09-01,TX,3742.74245
2021-09-01,TX,40341.55735
2021-09-01,TX,44161.37741
2021-09-01,WI,4101.01401
2021-09-01,WI,930.74852
2021-09-01,WI,26.75517
2021-09-01,WI,2.0131
2021-09-01,WI,10.33475
2021-09-01,WI,4.35031
2021-09-01,WI,110.92753
2021-09-01,WI,5031.76253
2021-09-01,WI,957.50369
2021-09-01,WI,12.34784
2021-09-01,WI,115.27783
2021-09-01,WI,5058.5177
2021-09-01,WI,5186.14337
2021-10-01,AR,4010.84521
2021-10-01,AR,532.84962
2021-10-01,AR,124.488
2021-10-01,AR,1.644
2021-10-01,AR,4.35359
2021-10-01,AR,0.26943
2021-10-01,AR,87.20269
2021-10-01,AR,4543.69483
2021-10-01,AR,657.33762
2021-10-01,AR,5.99759
2021-10-01,AR,87.47212
2021-10-01,AR,4668.18283
2021-10-01,AR,4761.65255
2021-10-01,IA,4667.7684
2021-10-01,IA,736.60474
2021-10-01,IA,0.453
2021-10-01,IA,0.337
2021-10-01,IA,12.492
2021-10-01,IA,0.0
2021-10-01,IA,186.99426
2021-10-01,IA,5404.37314
2021-10-01,IA,737.05774
2021-10-01,IA,12.829
2021-10-01,IA,186.99426
2021-10-01,IA,5404.82614
2021-10-01,IA,5604.64941
2021-10-01,IL,373.61632
2021-10-01,IL,12884.07996
2021-10-01,IL,57.07437
2021-10-01,IL,0.50501
2021-10-01,IL,43.722
2021-10-01,IL,0.79876
2021-10-01,IL,157.00034
2021-10-01,IL,13257.69628
2021-10-01,IL,12941.15434
2021-10-01,IL,44.22701
2021-10-01,IL,157.7991
2021-10-01,IL,13314.77066
2021-10-01,IL,13516.79676
2021-10-01,IN,3911.61004
2021-10-01,IN,1769.02942
2021-10-01,IN,589.32061
2021-10-01,IN,0.13447
2021-10-01,IN,24.31334
2021-10-01,IN,41.87177
2021-10-01,IN,299.12746
2021-10-01,IN,5680.63946
2021-10-01,IN,2358.35003
2021-10-01,IN,24.44782
2021-10-01,IN,340.99922
2021-10-01,IN,6269.96007
2021-10-01,IN,6635.40711
2021-10-01,KY,4656.75133
2021-10-01,KY,14.7058
2021-10-01,KY,51.82294
2021-10-01,KY,4671.45714
2021-10-01,KY,14.7058
2021-10-01,KY,51.82294
2021-10-01,KY,4671.45714
2021-10-01,KY,4723.28008
2021-10-01,LA,5763.93352
2021-10-01,LA,482.68931
2021-10-01,LA,241.889
2021-10-01,LA,13.19123
2021-10-01,LA,36.76044
2021-10-01,LA,2429.07976
2021-10-01,LA,6246.62283
2021-10-01,LA,724.57831
2021-10-01,LA,0.0
2021-10-01,LA,13.19123
2021-10-01,LA,2465.84021
2021-10-01,LA,6488.51183
2021-10-01,LA,8967.54326
2021-10-01,MI,6806.84267
2021-10-01,MI,1573.05726
2021-10-01,MI,1156.71422
2021-10-01,MI,5.6505
2021-10-01,MI,45.28252
2021-10-01,MI,0.92391
2021-10-01,MI,108.30542
2021-10-01,MI,8379.89993
2021-10-01,MI,2729.77148
2021-10-01,MI,0.16211
2021-10-01,MI,50.93302
2021-10-01,MI,109.22933
2021-10-01,MI,9536.61415
2021-10-01,MI,9696.7765
2021-10-01,MN,3297.67718
2021-10-01,MN,1023.4765
2021-10-01,MN,148.10461
2021-10-01,MN,1.96423
2021-10-01,MN,24.8963
2021-10-01,MN,2.432
2021-10-01,MN,84.23219
2021-10-01,MN,4321.15367
2021-10-01,MN,1171.58111
2021-10-01,MN,26.86053
2021-10-01,MN,86.66419
2021-10-01,MN,4469.25828
2021-10-01,MN,4582.783
2021-10-01,MO,5566.54982
2021-10-01,MO,548.37651
2021-10-01,MO,3.748
2021-10-01,MO,0.002
2021-10-01,MO,16.991
2021-10-01,MO,2.793
2021-10-01,MO,6114.92633
2021-10-01,MO,552.12451
2021-10-01,MO,16.993
2021-10-01,MO,2.793
2021-10-01,MO,6118.67433
2021-10-01,MO,6138.46033
2021-10-01,MS,4638.27094
2021-10-01,MS,166.19222
2021-10-01,MS,0.0
2021-10-01,MS,119.15725
2021-10-01,MS,4804.46316
2021-10-01,MS,166.19222
2021-10-01,MS,0.0
2021-10-01,MS,119.15725
2021-10-01,MS,4804.46316
2021-10-01,MS,4923.62041
2021-10-01,MT,692.11578
2021-10-01,MT,1316.29272
2021-10-01,MT,16.228
2021-10-01,MT,0.113
2021-10-01,MT,3.51873
2021-10-01,MT,2008.4085
2021-10-01,MT,1332.52072
2021-10-01,MT,3.63173
2021-10-01,MT,2024.6365
2021-10-01,MT,2028.26823
2021-10-01,ND,2531.03533
2021-10-01,ND,1026.08061
2021-10-01,ND,0.03451
2021-10-01,ND,17.1648
2021-10-01,ND,3557.11593
2021-10-01,ND,1026.08061
2021-10-01,ND,0.03451
2021-10-01,ND,17.1648
2021-10-01,ND,3557.11593
2021-10-01,ND,3574.31525
2021-10-01,SD,551.48504
2021-10-01,SD,716.95752
2021-10-01,SD,0.00052
2021-10-01,SD,5.81347
2021-10-01,SD,1268.44256
2021-10-01,SD,716.95752
2021-10-01,SD,0.00052
2021-10-01,SD,5.81347
2021-10-01,SD,1268.44256
2021-10-01,SD,1274.25655
2021-10-01,TX,6145.41055
2021-10-01,TX,26172.1573
2021-10-01,TX,3611.76832
2021-10-01,TX,6.52393
2021-10-01,TX,45.55271
2021-10-01,TX,209.78651
2021-10-01,TX,3221.06308
2021-10-01,TX,32317.56785
2021-10-01,TX,29783.92562
2021-10-01,TX,145.43998
2021-10-01,TX,52.07665
2021-10-01,TX,3430.84959
2021-10-01,TX,35929.33617
2021-10-01,TX,39412.2624
2021-10-01,WI,3748.10067
2021-10-01,WI,622.51541
2021-10-01,WI,14.96865
2021-10-01,WI,1.71664
2021-10-01,WI,8.05032
2021-10-01,WI,4.55937
2021-10-01,WI,109.64347
2021-10-01,WI,4370.61608
2021-10-01,WI,637.48406
2021-10-01,WI,9.76695
2021-10-01,WI,114.20284
2021-10-01,WI,4385.58473
2021-10-01,WI,4509.55453
2021-11-01,AR,3644.06417
2021-11-01,AR,151.30983
2021-11-01,AR,85.629
2021-11-01,AR,1.163
2021-11-01,AR,5.08373
2021-11-01,AR,0.23967
2021-11-01,AR,95.794
2021-11-01,AR,3795.37401
2021-11-01,AR,236.93883
2021-11-01,AR,6.24673
2021-11-01,AR,96.03367
2021-11-01,AR,3881.00301
2021-11-01,AR,3983.2834
2021-11-01,IA,4776.65634
2021-11-01,IA,1020.18699
2021-11-01,IA,0.356
2021-11-01,IA,0.363
2021-11-01,IA,12.48032
2021-11-01,IA,0.0
2021-11-01,IA,171.81653
2021-11-01,IA,5796.84333
2021-11-01,IA,1020.54299
2021-11-01,IA,12.84332
2021-11-01,IA,171.81653
2021-11-01,IA,5797.19933
2021-11-01,IA,5981.85919
2021-11-01,IL,509.94232
2021-11-01,IL,14186.53394
2021-11-01,IL,55.13133
2021-11-01,IL,0.52276
2021-11-01,IL,37.94685
2021-11-01,IL,0.31988
2021-11-01,IL,200.92334
2021-11-01,IL,14696.47626
2021-11-01,IL,14241.66527
2021-11-01,IL,38.46961
2021-11-01,IL,201.24322
2021-11-01,IL,14751.6076
2021-11-01,IL,14991.32042
2021-11-01,IN,3045.0039
2021-11-01,IN,1882.08325
2021-11-01,IN,616.68964
2021-11-01,IN,0.09691
2021-11-01,IN,19.17735
2021-11-01,IN,45.43571
2021-11-01,IN,388.77798
2021-11-01,IN,4927.08715
2021-11-01,IN,2498.77289
2021-11-01,IN,19.27427
2021-11-01,IN,434.2137
2021-11-01,IN,5543.77679
2021-11-01,IN,5997.26475
2021-11-01,KY,5032.54679
2021-11-01,KY,76.43254
2021-11-01,KY,50.70739
2021-11-01,KY,5108.97932
2021-11-01,KY,76.43254
2021-11-01,KY,50.70739
2021-11-01,KY,5108.97932
2021-11-01,KY,5159.68672
2021-11-01,LA,4860.92678
2021-11-01,LA,381.98697
2021-11-01,LA,285.365
2021-11-01,LA,10.60216
2021-11-01,LA,30.07222
2021-11-01,LA,2377.38064
2021-11-01,LA,5242.91375
2021-11-01,LA,667.35197
2021-11-01,LA,0.0
2021-11-01,LA,10.60216
2021-11-01,LA,2407.45286
2021-11-01,LA,5528.27875
2021-11-01,LA,7946.33377
2021-11-01,MI,7079.54546
2021-11-01,MI,1637.12993
2021-11-01,MI,966.05144
2021-11-01,MI,9.3207
2021-11-01,MI,50.27965
2021-11-01,MI,0.79324
2021-11-01,MI,121.72786
2021-11-01,MI,8716.67539
2021-11-01,MI,2603.18137
2021-11-01,MI,0.17749
2021-11-01,MI,59.60035
2021-11-01,MI,122.5211
2021-11-01,MI,9682.72683
2021-11-01,MI,9864.84828
2021-11-01,MN,3491.30645
2021-11-01,MN,1361.57028
2021-11-01,MN,112.62074
2021-11-01,MN,2.52036
2021-11-01,MN,21.49479
2021-11-01,MN,2.809
2021-11-01,MN,78.83052
2021-11-01,MN,4852.87673
2021-11-01,MN,1474.19103
2021-11-01,MN,24.01515
2021-11-01,MN,81.63952
2021-11-01,MN,4965.49747
2021-11-01,MN,5071.15214
2021-11-01,MO,5729.32802
2021-11-01,MO,489.77475
2021-11-01,MO,3.505
2021-11-01,MO,0.017
2021-11-01,MO,14.759
2021-11-01,MO,3.692
2021-11-01,MO,6219.10276
2021-11-01,MO,493.27975
2021-11-01,MO,14.776
2021-11-01,MO,3.692
2021-11-01,MO,6222.60776
2021-11-01,MO,6241.07576
2021-11-01,MS,4743.7008
2021-11-01,MS,271.37123
2021-11-01,MS,0.0
2021-11-01,MS,142.14066
2021-11-01,MS,5015.07203
2021-11-01,MS,271.37123
2021-11-01,MS,0.0
2021-11-01,MS,142.14066
2021-11-01,MS,5015.07203
2021-11-01,MS,5157.21269
2021-11-01,MT,724.14908
2021-11-01,MT,1437.05425
2021-11-01,MT,42.134
2021-11-01,MT,0.1121
2021-11-01,MT,3.56971
2021-11-01,MT,2161.20333
2021-11-01,MT,1479.18825
2021-11-01,MT,3.6818
2021-11-01,MT,2203.33733
2021-11-01,MT,2207.01913
2021-11-01,ND,2801.98664
2021-11-01,ND,961.80012
2021-11-01,ND,0.07836
2021-11-01,ND,17.59266
2021-11-01,ND,3763.78676
2021-11-01,ND,961.80012
2021-11-01,ND,0.07836
2021-11-01,ND,17.59266
2021-11-01,ND,3763.78676
2021-11-01,ND,3781.45778
2021-11-01,SD,632.31707
2021-11-01,SD,754.1312
2021-11-01,SD,0.0005
2021-11-01,SD,5.77449
2021-11-01,SD,1386.44827
2021-11-01,SD,754.1312
2021-11-01,SD,0.0005
2021-11-01,SD,5.77449
2021-11-01,SD,1386.44827
2021-11-01,SD,1392.22326
2021-11-01,TX,4785.58257
2021-11-01,TX,23854.23074
2021-11-01,TX,2945.19715
2021-11-01,TX,6.00903
2021-11-01,TX,38.86395
2021-11-01,TX,216.88473
2021-11-01,TX,3375.67858
2021-11-01,TX,28639.81332
2021-11-01,TX,26799.42789
2021-11-01,TX,136.79561
2021-11-01,TX,44.87298
2021-11-01,TX,3592.56332
2021-11-01,TX,31585.01046
2021-11-01,TX,35222.44676
2021-11-01,WI,3064.60187
2021-11-01,WI,915.339
2021-11-01,WI,130.90019
2021-11-01,WI,2.66381
2021-11-01,WI,13.48022
2021-11-01,WI,3.49161
2021-11-01,WI,133.99841
2021-11-01,WI,3979.94087
2021-11-01,WI,1046.23919
2021-11-01,WI,16.14403
2021-11-01,WI,137.49002
2021-11-01,WI,4110.84106
2021-11-01,WI,4264.4751
2021-12-01,AR,4181.97334
2021-12-01,AR,345.74808
2021-12-01,AR,115.547
2021-12-01,AR,1.072
2021-12-01,AR,5.1433
2021-12-01,AR,0.15005
2021-12-01,AR,92.85223
2021-12-01,AR,4527.72142
2021-12-01,AR,461.29508
2021-12-01,AR,6.2153
2021-12-01,AR,93.00228
2021-12-01,AR,4643.26842
2021-12-01,AR,4742.486
2021-12-01,IA,4756.4552
2021-12-01,IA,915.44546
2021-12-01,IA,0.31
2021-12-01,IA,0.44
2021-12-01,IA,14.14785
2021-12-01,IA,0.007
2021-12-01,IA,174.16492
2021-12-01,IA,5671.90066
2021-12-01,IA,915.75546
2021-12-01,IA,14.58785
2021-12-01,IA,174.17192
2021-12-01,IA,5672.21066
2021-12-01,IA,5860.97042
2021-12-01,IL,421.44995
2021-12-01,IL,15292.32314
2021-12-01,IL,56.26821
2021-12-01,IL,0.53528
2021-12-01,IL,39.93736
2021-12-01,IL,0.07647
2021-12-01,IL,211.89334
2021-12-01,IL,15713.77309
2021-12-01,IL,15348.59135
2021-12-01,IL,40.47264
2021-12-01,IL,211.96981
2021-12-01,IL,15770.0413
2021-12-01,IL,16022.48375
2021-12-01,IN,4135.68283
2021-12-01,IN,2053.51401
2021-12-01,IN,656.94571
2021-12-01,IN,0.07019
2021-12-01,IN,20.57607
2021-12-01,IN,42.51224
2021-12-01,IN,344.98291
2021-12-01,IN,6189.19684
2021-12-01,IN,2710.45972
2021-12-01,IN,20.64627
2021-12-01,IN,387.49515
2021-12-01,IN,6846.14255
2021-12-01,IN,7254.28396
2021-12-01,KY,4925.50559
2021-12-01,KY,12.32921
2021-12-01,KY,52.02629
2021-12-01,KY,4937.8348
2021-12-01,KY,12.32921
2021-12-01,KY,52.02629
2021-12-01,KY,4937.8348
2021-12-01,KY,4989.86109
2021-12-01,LA,4903.5857
2021-12-01,LA,235.6498
2021-12-01,LA,237.729
2021-12-01,LA,15.06236
2021-12-01,LA,34.25396
2021-12-01,LA,2511.39593
2021-12-01,LA,5139.2355
2021-12-01,LA,473.3788
2021-12-01,LA,0.0
2021-12-01,LA,15.06236
2021-12-01,LA,2545.64988
2021-12-01,LA,5376.9645
2021-12-01,LA,7937.67675
2021-12-01,MI,6777.44334
2021-12-01,MI,1572.53042
2021-12-01,MI,1128.5229
2021-12-01,MI,9.72849
2021-12-01,MI,51.42837
2021-12-01,MI,0.89472
2021-12-01,MI,123.24939
2021-12-01,MI,8349.97376
2021-12-01,MI,2701.05332
2021-12-01,MI,0.16445
2021-12-01,MI,61.15686
2021-12-01,MI,124.14411
2021-12-01,MI,9478.49666
2021-12-01,MI,9663.79763
2021-12-01,MN,4023.81304
2021-12-01,MN,1368.80546
2021-12-01,MN,135.36631
2021-12-01,MN,2.71982
2021-12-01,MN,27.18514
2021-12-01,MN,3.427
2021-12-01,MN,91.1586
2021-12-01,MN,5392.6185
2021-12-01,MN,1504.17177
2021-12-01,MN,29.90497
2021-12-01,MN,94.5856
2021-12-01,MN,5527.98481
2021-12-01,MN,5652.47538
2021-12-01,MO,5887.77907
2021-12-01,MO,575.43384
2021-12-01,MO,3.615
2021-12-01,MO,0.003
2021-12-01,MO,15.074
2021-12-01,MO,4.687
2021-12-01,MO,6463.21291
2021-12-01,MO,579.04884
2021-12-01,MO,15.077
2021-12-01,MO,4.687
2021-12-01,MO,6466.82791
2021-12-01,MO,6486.59191
2021-12-01,MS,4931.50767
2021-12-01,MS,248.72643
2021-12-01,MS,0.0
2021-12-01,MS,179.80777
2021-12-01,MS,5180.2341
2021-12-01,MS,248.72643
2021-12-01,MS,0.0
2021-12-01,MS,179.80777
2021-12-01,MS,5180.2341
2021-12-01,MS,5360.04187
2021-12-01,MT,721.84098
2021-12-01,MT,1317.3748
2021-12-01,MT,40.035
2021-12-01,MT,0.1162
2021-12-01,MT,3.54693
2021-12-01,MT,2039.21578
2021-12-01,MT,1357.4098
2021-12-01,MT,3.66313
2021-12-01,MT,2079.25078
2021-12-01,MT,2082.9139
2021-12-01,ND,2914.13645
2021-12-01,ND,933.3361
2021-12-01,ND,0.26124
2021-12-01,ND,17.84216
2021-12-01,ND,3847.47254
2021-12-01,ND,933.3361
2021-12-01,ND,0.26124
2021-12-01,ND,17.84216
2021-12-01,ND,3847.47254
2021-12-01,ND,3865.57594
2021-12-01,SD,879.89739
2021-12-01,SD,752.94195
2021-12-01,SD,0.00075
2021-12-01,SD,5.96153
2021-12-01,SD,1632.83934
2021-12-01,SD,752.94195
2021-12-01,SD,0.00075
2021-12-01,SD,5.96153
2021-12-01,SD,1632.83934
2021-12-01,SD,1638.80163
2021-12-01,TX,4557.82688
2021-12-01,TX,26128.1761
2021-12-01,TX,3260.88426
2021-12-01,TX,5.01394
2021-12-01,TX,40.05804
2021-12-01,TX,226.64129
2021-12-01,TX,3482.57126
2021-12-01,TX,30686.00298
2021-12-01,TX,29389.06037
2021-12-01,TX,142.6045
2021-12-01,TX,45.07197
2021-12-01,TX,3709.21255
2021-12-01,TX,33946.88724
2021-12-01,TX,37701.17176
2021-12-01,WI,3399.20958
2021-12-01,WI,997.40127
2021-12-01,WI,106.67283
2021-12-01,WI,2.47011
2021-12-01,WI,14.64685
2021-12-01,WI,3.85198
2021-12-01,WI,138.38555
2021-12-01,WI,4396.61084
2021-12-01,WI,1104.07409
2021-12-01,WI,17.11696
2021-12-01,WI,142.23753
2021-12-01,WI,4503.28367
2021-12-01,WI,4662.63816
2022-01-01,AR,5551.72932
2022-01-01,AR,484.90191
2022-01-01,AR,127.116
2022-01-01,AR,0.918
2022-01-01,AR,3.9059
2022-01-01,AR,0.23914
2022-01-01,AR,103.25714
2022-01-01,AR,6036.63124
2022-01-01,AR,612.01791
2022-01-01,AR,4.8239
2022-01-01,AR,103.49628
2022-01-01,AR,6163.74724
2022-01-01,AR,6272.06742
2022-01-01,IA,5585.45676
2022-01-01,IA,1066.40477
2022-01-01,IA,0.265
2022-01-01,IA,0.551
2022-01-01,IA,16.36343
2022-01-01,IA,0.00799
2022-01-01,IA,169.93803
2022-01-01,IA,6651.86153
2022-01-01,IA,1066.66977
2022-01-01,IA,16.91443
2022-01-01,IA,169.94602
2022-01-01,IA,6652.12653
2022-01-01,IA,6838.98698
2022-01-01,IL,458.12405
2022-01-01,IL,16441.95659
2022-01-01,IL,57.65333
2022-01-01,IL,0.53458
2022-01-01,IL,51.16577
2022-01-01,IL,0.16023
2022-01-01,IL,201.22127
2022-01-01,IL,16900.08064
2022-01-01,IL,16499.60992
2022-01-01,IL,51.70034
2022-01-01,IL,201.38151
2022-01-01,IL,16957.73397
2022-01-01,IL,17210.81582
2022-01-01,IN,5710.65754
2022-01-01,IN,2387.1345
2022-01-01,IN,619.27446
2022-01-01,IN,0.06374
2022-01-01,IN,23.1466
2022-01-01,IN,45.43768
2022-01-01,IN,362.12082
2022-01-01,IN,8097.79205
2022-01-01,IN,3006.40897
2022-01-01,IN,23.21034
2022-01-01,IN,407.5585
2022-01-01,IN,8717.06651
2022-01-01,IN,9147.83535
2022-01-01,KY,6764.26951
2022-01-01,KY,172.08533
2022-01-01,KY,0.16719
2022-01-01,KY,57.0118
2022-01-01,KY,6936.35485
2022-01-01,KY,172.08533
2022-01-01,KY,0.16719
2022-01-01,KY,57.0118
2022-01-01,KY,6936.35485
2022-01-01,KY,6993.53384
2022-01-01,LA,5880.30047
2022-01-01,LA,431.20623
2022-01-01,LA,184.79
2022-01-01,LA,15.1098
2022-01-01,LA,52.57973
2022-01-01,LA,2679.03628
2022-01-01,LA,6311.50669
2022-01-01,LA,615.99623
2022-01-01,LA,0.0
2022-01-01,LA,15.1098
2022-01-01,LA,2731.616
2022-01-01,LA,6496.29669
2022-01-01,LA,9243.02249
2022-01-01,MI,7204.37251
2022-01-01,MI,1862.92141
2022-01-01,MI,1468.2081
2022-01-01,MI,9.3633
2022-01-01,MI,56.71499
2022-01-01,MI,0.97538
2022-01-01,MI,124.66883
2022-01-01,MI,9067.29392
2022-01-01,MI,3331.12952
2022-01-01,MI,0.14215
2022-01-01,MI,66.07829
2022-01-01,MI,125.64421
2022-01-01,MI,10535.50202
2022-01-01,MI,10727.22453
2022-01-01,MN,4589.80799
2022-01-01,MN,1362.71145
2022-01-01,MN,89.00926
2022-01-01,MN,2.8235
2022-01-01,MN,28.89593
2022-01-01,MN,3.82
2022-01-01,MN,109.86628
2022-01-01,MN,5952.51944
2022-01-01,MN,1451.72072
2022-01-01,MN,31.71943
2022-01-01,MN,113.68628
2022-01-01,MN,6041.5287
2022-01-01,MN,6186.93441
2022-01-01,MO,7242.05897
2022-01-01,MO,609.02383
2022-01-01,MO,3.231
2022-01-01,MO,0.023
2022-01-01,MO,16.813
2022-01-01,MO,5.825
2022-01-01,MO,7851.0828
2022-01-01,MO,612.25483
2022-01-01,MO,16.836
2022-01-01,MO,5.825
2022-01-01,MO,7854.3138
2022-01-01,MO,7876.9748
2022-01-01,MS,6158.31971
2022-01-01,MS,197.67659
2022-01-01,MS,0.0
2022-01-01,MS,171.11225
2022-01-01,MS,6355.9963
2022-01-01,MS,197.67659
2022-01-01,MS,0.0
2022-01-01,MS,171.11225
2022-01-01,MS,6355.9963
2022-01-01,MS,6527.10855
2022-01-01,MT,1020.69641
2022-01-01,MT,1559.63377
2022-01-01,MT,44.231
2022-01-01,MT,0.0
2022-01-01,MT,3.14157
2022-01-01,MT,2580.33018
2022-01-01,MT,1603.86477
2022-01-01,MT,3.14157
2022-01-01,MT,2624.56118
2022-01-01,MT,2627.70275
2022-01-01,ND,3278.40063
2022-01-01,ND,1026.13645
2022-01-01,ND,0.0
2022-01-01,ND,20.19232
2022-01-01,ND,4304.53708
2022-01-01,ND,1026.13645
2022-01-01,ND,0.0
2022-01-01,ND,20.19232
2022-01-01,ND,4304.53708
2022-01-01,ND,4324.7294
2022-01-01,SD,835.51539
2022-01-01,SD,779.47143
2022-01-01,SD,0.00133
2022-01-01,SD,5.9855
2022-01-01,SD,1614.98681
2022-01-01,SD,779.47143
2022-01-01,SD,0.00133
2022-01-01,SD,5.9855
2022-01-01,SD,1614.98681
2022-01-01,SD,1620.97364
2022-01-01,TX,6534.06935
2022-01-01,TX,27420.79912
2022-01-01,TX,3566.72671
2022-01-01,TX,6.90257
2022-01-01,TX,38.49749
2022-01-01,TX,184.45772
2022-01-01,TX,3566.78579
2022-01-01,TX,33954.86847
2022-01-01,TX,30987.52583
2022-01-01,TX,120.72494
2022-01-01,TX,45.40007
2022-01-01,TX,3751.2435
2022-01-01,TX,37521.59518
2022-01-01,TX,41318.23875
2022-01-01,WI,4933.08441
2022-01-01,WI,1057.07972
2022-01-01,WI,2.54549
2022-01-01,WI,2.59154
2022-01-01,WI,10.66236
2022-01-01,WI,2.84947
2022-01-01,WI,141.46632
2022-01-01,WI,5990.16413
2022-01-01,WI,1059.62521
2022-01-01,WI,13.2539
2022-01-01,WI,144.31579
2022-01-01,WI,5992.70962
2022-01-01,WI,6150.27931
2022-02-01,AR,4347.89487
2022-02-01,AR,438.31815
2022-02-01,AR,104.828
2022-02-01,AR,1.215
2022-02-01,AR,1.99133
2022-02-01,AR,0.21299
2022-02-01,AR,95.45229
2022-02-01,AR,4786.21302
2022-02-01,AR,543.14615
2022-02-01,AR,3.20633
2022-02-01,AR,95.66528
2022-02-01,AR,4891.04102
2022-02-01,AR,4989.91263
2022-02-01,IA,4983.88853
2022-02-01,IA,1039.08932
2022-02-01,IA,0.183
2022-02-01,IA,0.464
2022-02-01,IA,14.29891
2022-02-01,IA,0.01462
2022-02-01,IA,149.42836
2022-02-01,IA,6022.97785
2022-02-01,IA,1039.27232
2022-02-01,IA,14.76291
2022-02-01,IA,149.44298
2022-02-01,IA,6023.16085
2022-02-01,IA,6187.36674
2022-02-01,IL,245.89874
2022-02-01,IL,14451.51555
2022-02-01,IL,50.1361
2022-02-01,IL,0.52748
2022-02-01,IL,28.78214
2022-02-01,IL,0.09967
2022-02-01,IL,210.75129
2022-02-01,IL,14697.41429
2022-02-01,IL,14501.65165
2022-02-01,IL,29.30963
2022-02-01,IL,210.85096
2022-02-01,IL,14747.5504
2022-02-01,IL,14987.71098
2022-02-01,IN,5243.9411
2022-02-01,IN,2221.51104
2022-02-01,IN,623.25488
2022-02-01,IN,0.08621
2022-02-01,IN,9.47726
2022-02-01,IN,38.78294
2022-02-01,IN,343.75545
2022-02-01,IN,7465.45215
2022-02-01,IN,2844.76593
2022-02-01,IN,9.56347
2022-02-01,IN,382.53839
2022-02-01,IN,8088.70703
2022-02-01,IN,8480.80889
2022-02-01,KY,5351.4749
2022-02-01,KY,35.28321
2022-02-01,KY,0.1714
2022-02-01,KY,52.22022
2022-02-01,KY,5386.75811
2022-02-01,KY,35.28321
2022-02-01,KY,0.1714
2022-02-01,KY,52.22022
2022-02-01,KY,5386.75811
2022-02-01,KY,5439.14973
2022-02-01,LA,5072.96473
2022-02-01,LA,401.47956
2022-02-01,LA,201.178
2022-02-01,LA,14.37059
2022-02-01,LA,55.59781
2022-02-01,LA,2316.75048
2022-02-01,LA,5474.4443
2022-02-01,LA,602.65756
2022-02-01,LA,0.0
2022-02-01,LA,14.37059
2022-02-01,LA,2372.34829
2022-02-01,LA,5675.6223
2022-02-01,LA,8062.34118
2022-02-01,MI,5480.38847
2022-02-01,MI,1786.96681
2022-02-01,MI,1121.07153
2022-02-01,MI,8.02129
2022-02-01,MI,55.60969
2022-02-01,MI,0.90575
2022-02-01,MI,112.30619
2022-02-01,MI,7267.35528
2022-02-01,MI,2908.03835
2022-02-01,MI,0.11608
2022-02-01,MI,63.63099
2022-02-01,MI,113.21193
2022-02-01,MI,8388.42681
2022-02-01,MI,8565.26973
2022-02-01,MN,3747.21238
2022-02-01,MN,1180.28445
2022-02-01,MN,80.8144
2022-02-01,MN,2.40886
2022-02-01,MN,26.31404
2022-02-01,MN,3.116
2022-02-01,MN,99.83674
2022-02-01,MN,4927.49683
2022-02-01,MN,1261.09885
2022-02-01,MN,28.7229
2022-02-01,MN,102.95274
2022-02-01,MN,5008.31123
2022-02-01,MN,5139.98688
2022-02-01,MO,6023.56137
2022-02-01,MO,556.0227
2022-02-01,MO,1.84
2022-02-01,MO,0.021
2022-02-01,MO,14.72
2022-02-01,MO,4.827
2022-02-01,MO,6579.58407
2022-02-01,MO,557.8627
2022-02-01,MO,14.741
2022-02-01,MO,4.827
2022-02-01,MO,6581.42407
2022-02-01,MO,6600.99207
2022-02-01,MS,4654.92576
2022-02-01,MS,267.58441
2022-02-01,MS,0.0
2022-02-01,MS,135.76163
2022-02-01,MS,4922.51017
2022-02-01,MS,267.58441
2022-02-01,MS,0.0
2022-02-01,MS,135.76163
2022-02-01,MS,4922.51017
2022-02-01,MS,5058.2718
2022-02-01,MT,871.31694
2022-02-01,MT,1321.14697
2022-02-01,MT,39.777
2022-02-01,MT,0.0
2022-02-01,MT,2.22111
2022-02-01,MT,2192.46391
2022-02-01,MT,1360.92397
2022-02-01,MT,2.22111
2022-02-01,MT,2232.24091
2022-02-01,MT,2234.46203
2022-02-01,ND,2704.82142
2022-02-01,ND,941.72125
2022-02-01,ND,0.012
2022-02-01,ND,18.51672
2022-02-01,ND,3646.54267
2022-02-01,ND,941.72125
2022-02-01,ND,0.012
2022-02-01,ND,18.51672
2022-02-01,ND,3646.54267
2022-02-01,ND,3665.07139
2022-02-01,SD,758.32427
2022-02-01,SD,806.637
2022-02-01,SD,0.00143
2022-02-01,SD,5.00624
2022-02-01,SD,1564.96127
2022-02-01,SD,806.637
2022-02-01,SD,0.00143
2022-02-01,SD,5.00624
2022-02-01,SD,1564.96127
2022-02-01,SD,1569.96893
2022-02-01,TX,6161.40475
2022-02-01,TX,25743.46631
2022-02-01,TX,3184.64194
2022-02-01,TX,6.67787
2022-02-01,TX,38.47758
2022-02-01,TX,107.56474
2022-02-01,TX,2943.73185
2022-02-01,TX,31904.87107
2022-02-01,TX,28928.10825
2022-02-01,TX,108.1167
2022-02-01,TX,45.15545
2022-02-01,TX,3051.2966
2022-02-01,TX,35089.513
2022-02-01,TX,38185.96504
2022-02-01,WI,4381.01996
2022-02-01,WI,961.59708
2022-02-01,WI,2.11432
2022-02-01,WI,2.55297
2022-02-01,WI,8.79021
2022-02-01,WI,2.5179
2022-02-01,WI,125.48365
2022-02-01,WI,5342.61704
2022-02-01,WI,963.7114
2022-02-01,WI,11.34317
2022-02-01,WI,128.00155
2022-02-01,WI,5344.73136
2022-02-01,WI,5484.07608
2022-03-01,AR,4637.9813
2022-03-01,AR,438.47941
2022-03-01,AR,122.555
2022-03-01,AR,1.315
2022-03-01,AR,3.022
2022-03-01,AR,0.31999
2022-03-01,AR,99.0236
2022-03-01,AR,5076.46071
2022-03-01,AR,561.03441
2022-03-01,AR,4.337
2022-03-01,AR,99.34359
2022-03-01,AR,5199.01571
2022-03-01,AR,5302.6963
2022-03-01,IA,4940.12061
2022-03-01,IA,1167.11532
2022-03-01,IA,0.095
2022-03-01,IA,0.509
2022-03-01,IA,15.71968
2022-03-01,IA,0.00698
2022-03-01,IA,166.73963
2022-03-01,IA,6107.23593
2022-03-01,IA,1167.21032
2022-03-01,IA,16.22868
2022-03-01,IA,166.74661
2022-03-01,IA,6107.33093
2022-03-01,IA,6290.30622
2022-03-01,IL,205.83819
2022-03-01,IL,14702.62691
2022-03-01,IL,46.78071
2022-03-01,IL,0.53114
2022-03-01,IL,29.83232
2022-03-01,IL,1.75693
2022-03-01,IL,234.98525
2022-03-01,IL,14908.4651
2022-03-01,IL,14749.40762
2022-03-01,IL,30.36347
2022-03-01,IL,236.74217
2022-03-01,IL,14955.24581
2022-03-01,IL,15222.35145
2022-03-01,IN,4384.81234
2022-03-01,IN,2050.2297
2022-03-01,IN,661.4751
2022-03-01,IN,0.11781
2022-03-01,IN,20.10955
2022-03-01,IN,41.90472
2022-03-01,IN,385.17319
2022-03-01,IN,6435.04204
2022-03-01,IN,2711.7048
2022-03-01,IN,20.22736
2022-03-01,IN,427.07792
2022-03-01,IN,7096.51713
2022-03-01,IN,7543.82241
2022-03-01,KY,4840.74089
2022-03-01,KY,9.37883
2022-03-01,KY,0.25309
2022-03-01,KY,42.92263
2022-03-01,KY,4850.11972
2022-03-01,KY,9.37883
2022-03-01,KY,0.25309
2022-03-01,KY,42.92263
2022-03-01,KY,4850.11972
2022-03-01,KY,4893.29544
2022-03-01,LA,4796.97029
2022-03-01,LA,295.12068
2022-03-01,LA,0.0
2022-03-01,LA,14.50895
2022-03-01,LA,45.04676
2022-03-01,LA,2464.44557
2022-03-01,LA,5092.09097
2022-03-01,LA,295.12068
2022-03-01,LA,0.0
2022-03-01,LA,14.50895
2022-03-01,LA,2509.49233
2022-03-01,LA,5092.09097
2022-03-01,LA,7616.09225
2022-03-01,MI,5388.95634
2022-03-01,MI,1735.0977
2022-03-01,MI,1272.03989
2022-03-01,MI,6.07639
2022-03-01,MI,50.52709
2022-03-01,MI,1.00891
2022-03-01,MI,118.08152
2022-03-01,MI,7124.05404
2022-03-01,MI,3007.13758
2022-03-01,MI,0.11912
2022-03-01,MI,56.60348
2022-03-01,MI,119.09043
2022-03-01,MI,8396.09393
2022-03-01,MI,8571.78783
2022-03-01,MN,3370.12459
2022-03-01,MN,1217.19459
2022-03-01,MN,49.76418
2022-03-01,MN,2.53125
2022-03-01,MN,18.07578
2022-03-01,MN,3.815
2022-03-01,MN,97.77911
2022-03-01,MN,4587.31917
2022-03-01,MN,1266.95877
2022-03-01,MN,20.60703
2022-03-01,MN,101.59411
2022-03-01,MN,4637.08335
2022-03-01,MN,4759.2845
2022-03-01,MO,5873.02468
2022-03-01,MO,572.92134
2022-03-01,MO,3.363
2022-03-01,MO,0.04
2022-03-01,MO,15.985
2022-03-01,MO,4.932
2022-03-01,MO,6445.94602
2022-03-01,MO,576.28434
2022-03-01,MO,16.025
2022-03-01,MO,4.932
2022-03-01,MO,6449.30902
2022-03-01,MO,6470.26602
2022-03-01,MS,3990.36874
2022-03-01,MS,303.10285
2022-03-01,MS,0.0
2022-03-01,MS,162.30213
2022-03-01,MS,4293.47159
2022-03-01,MS,303.10285
2022-03-01,MS,0.0
2022-03-01,MS,162.30213
2022-03-01,MS,4293.47159
2022-03-01,MS,4455.77372
2022-03-01,MT,1109.37932
2022-03-01,MT,1487.21318
2022-03-01,MT,43.197
2022-03-01,MT,0.0
2022-03-01,MT,1.82023
2022-03-01,MT,2596.5925
2022-03-01,MT,1530.41018
2022-03-01,MT,1.82023
2022-03-01,MT,2639.7895
2022-03-01,MT,2641.60973
2022-03-01,ND,2760.08542
2022-03-01,ND,1080.73368
2022-03-01,ND,0.0
2022-03-01,ND,18.8209
2022-03-01,ND,3840.8191
2022-03-01,ND,1080.73368
2022-03-01,ND,0.0
2022-03-01,ND,18.8209
2022-03-01,ND,3840.8191
2022-03-01,ND,3859.63999
2022-03-01,SD,809.54449
2022-03-01,SD,919.14168
2022-03-01,SD,0.00118
2022-03-01,SD,4.40793
2022-03-01,SD,1728.68617
2022-03-01,SD,919.14168
2022-03-01,SD,0.00118
2022-03-01,SD,4.40793
2022-03-01,SD,1728.68617
2022-03-01,SD,1733.09528
2022-03-01,TX,4869.53885
2022-03-01,TX,25719.17286
2022-03-01,TX,2849.96848
2022-03-01,TX,7.03824
2022-03-01,TX,39.3902
2022-03-01,TX,160.79823
2022-03-01,TX,3021.45058
2022-03-01,TX,30588.71171
2022-03-01,TX,28569.14134
2022-03-01,TX,106.62247
2022-03-01,TX,46.42844
2022-03-01,TX,3182.24881
2022-03-01,TX,33438.68019
2022-03-01,TX,36667.35743
2022-03-01,WI,3622.86789
2022-03-01,WI,978.58184
2022-03-01,WI,2.53214
2022-03-01,WI,2.68859
2022-03-01,WI,9.71634
2022-03-01,WI,2.69564
2022-03-01,WI,137.62218
2022-03-01,WI,4601.44973
2022-03-01,WI,981.11398
2022-03-01,WI,12.40493
2022-03-01,WI,140.31782
2022-03-01,WI,4603.98187
2022-03-01,WI,4756.70462
2022-04-01,AR,3750.01441
2022-04-01,AR,439.65288
2022-04-01,AR,117.952
2022-04-01,AR,1.865
2022-04-01,AR,2.41588
2022-04-01,AR,0.33665
2022-04-01,AR,68.24053
2022-04-01,AR,4189.66728
2022-04-01,AR,557.60488
2022-04-01,AR,4.28088
2022-04-01,AR,68.57718
2022-04-01,AR,4307.61928
2022-04-01,AR,4380.47734
2022-04-01,IA,4298.96599
2022-04-01,IA,1267.30282
2022-04-01,IA,0.071
2022-04-01,IA,0.542
2022-04-01,IA,10.70562
2022-04-01,IA,0.01424
2022-04-01,IA,169.88398
2022-04-01,IA,5566.26881
2022-04-01,IA,1267.37382
2022-04-01,IA,11.24762
2022-04-01,IA,169.89822
2022-04-01,IA,5566.33981
2022-04-01,IA,5747.48565
2022-04-01,IL,109.4945
2022-04-01,IL,13773.19537
2022-04-01,IL,50.98268
2022-04-01,IL,0.57698
2022-04-01,IL,15.53362
2022-04-01,IL,1.14506
2022-04-01,IL,198.17431
2022-04-01,IL,13882.68987
2022-04-01,IL,13824.17805
2022-04-01,IL,16.1106
2022-04-01,IL,199.31937
2022-04-01,IL,13933.67255
2022-04-01,IL,14149.10252
2022-04-01,IN,4541.81034
2022-04-01,IN,2269.11655
2022-04-01,IN,559.22897
2022-04-01,IN,0.1203
2022-04-01,IN,20.46974
2022-04-01,IN,46.25379
2022-04-01,IN,338.57656
2022-04-01,IN,6810.92688
2022-04-01,IN,2828.34551
2022-04-01,IN,20.59004
2022-04-01,IN,384.83035
2022-04-01,IN,7370.15585
2022-04-01,IN,7775.57624
2022-04-01,KY,5194.84565
2022-04-01,KY,5.62771
2022-04-01,KY,0.27652
2022-04-01,KY,46.49868
2022-04-01,KY,5200.47336
2022-04-01,KY,5.62771
2022-04-01,KY,0.27652
2022-04-01,KY,46.49868
2022-04-01,KY,5200.47336
2022-04-01,KY,5247.24856
2022-04-01,LA,4947.40526
2022-04-01,LA,396.52583
2022-04-01,LA,0.0
2022-04-01,LA,5.62083
2022-04-01,LA,33.52215
2022-04-01,LA,2350.83346
2022-04-01,LA,5343.93109
2022-04-01,LA,396.52583
2022-04-01,LA,0.0
2022-04-01,LA,5.62083
2022-04-01,LA,2384.35561
2022-04-01,LA,5343.93109
2022-04-01,LA,7733.90752
2022-04-01,MI,4577.43061
2022-04-01,MI,1728.81839
2022-04-01,MI,1076.38707
2022-04-01,MI,6.39298
2022-04-01,MI,47.39503
2022-04-01,MI,0.98184
2022-04-01,MI,108.84292
2022-04-01,MI,6306.24901
2022-04-01,MI,2805.20547
2022-04-01,MI,0.10463
2022-04-01,MI,53.78801
2022-04-01,MI,109.82476
2022-04-01,MI,7382.63608
2022-04-01,MI,7546.24885
2022-04-01,MN,2580.01189
2022-04-01,MN,1222.01239
2022-04-01,MN,72.99793
2022-04-01,MN,2.5719
2022-04-01,MN,24.20121
2022-04-01,MN,4.132
2022-04-01,MN,84.11861
2022-04-01,MN,3802.02428
2022-04-01,MN,1295.01033
2022-04-01,MN,26.77311
2022-04-01,MN,88.25061
2022-04-01,MN,3875.02222
2022-04-01,MN,3990.04593
2022-04-01,MO,4929.26629
2022-04-01,MO,575.61177
2022-04-01,MO,4.395
2022-04-01,MO,0.036
2022-04-01,MO,14.022
2022-04-01,MO,4.35
2022-04-01,MO,5504.87806
2022-04-01,MO,580.00677
2022-04-01,MO,14.058
2022-04-01,MO,4.35
2022-04-01,MO,5509.27306
2022-04-01,MO,5527.68106
2022-04-01,MS,3854.17223
2022-04-01,MS,285.57904
2022-04-01,MS,0.0
2022-04-01,MS,142.35393
2022-04-01,MS,4139.75127
2022-04-01,MS,285.57904
2022-04-01,MS,0.0
2022-04-01,MS,142.35393
2022-04-01,MS,4139.75127
2022-04-01,MS,4282.1052
2022-04-01,MT,1058.10857
2022-04-01,MT,837.1663
2022-04-01,MT,42.554
2022-04-01,MT,0.0
2022-04-01,MT,1.68297
2022-04-01,MT,1895.27487
2022-04-01,MT,879.7203
2022-04-01,MT,1.68297
2022-04-01,MT,1937.82887
2022-04-01,MT,1939.51184
2022-04-01,ND,2168.32507
2022-04-01,ND,1060.55099
2022-04-01,ND,0.0
2022-04-01,ND,16.51633
2022-04-01,ND,3228.87606
2022-04-01,ND,1060.55099
2022-04-01,ND,0.0
2022-04-01,ND,16.51633
2022-04-01,ND,3228.87606
2022-04-01,ND,3245.39239
2022-04-01,SD,635.76908
2022-04-01,SD,905.67514
2022-04-01,SD,0.00079
2022-04-01,SD,4.04204
2022-04-01,SD,1541.44423
2022-04-01,SD,905.67514
2022-04-01,SD,0.00079
2022-04-01,SD,4.04204
2022-04-01,SD,1541.44423
2022-04-01,SD,1545.48706
2022-04-01,TX,5325.98134
2022-04-01,TX,27029.45967
2022-04-01,TX,2488.85848
2022-04-01,TX,7.3065
2022-04-01,TX,44.04091
2022-04-01,TX,191.45538
2022-04-01,TX,2875.77856
2022-04-01,TX,32355.44102
2022-04-01,TX,29518.31815
2022-04-01,TX,77.981
2022-04-01,TX,51.34742
2022-04-01,TX,3067.23394
2022-04-01,TX,34844.2995
2022-04-01,TX,37962.88085
2022-04-01,WI,3628.29606
2022-04-01,WI,738.05609
2022-04-01,WI,2.39025
2022-04-01,WI,3.15976
2022-04-01,WI,9.3349
2022-04-01,WI,2.46477
2022-04-01,WI,109.06327
2022-04-01,WI,4366.35215
2022-04-01,WI,740.44634
2022-04-01,WI,12.49466
2022-04-01,WI,111.52804
2022-04-01,WI,4368.7424
2022-04-01,WI,4492.7651
2022-05-01,AR,4082.54037
2022-05-01,AR,511.50495
2022-05-01,AR,90.509
2022-05-01,AR,1.099
2022-05-01,AR,2.36756
2022-05-01,AR,0.38461
2022-05-01,AR,92.70093
2022-05-01,AR,4594.04531
2022-05-01,AR,602.01395
2022-05-01,AR,3.46656
2022-05-01,AR,93.08554
2022-05-01,AR,4684.55431
2022-05-01,AR,4781.1064
2022-05-01,IA,4270.28055
2022-05-01,IA,1030.82822
2022-05-01,IA,0.0
2022-05-01,IA,0.388
2022-05-01,IA,10.81239
2022-05-01,IA,0.0055
2022-05-01,IA,170.62102
2022-05-01,IA,5301.10878
2022-05-01,IA,1030.82822
2022-05-01,IA,11.20039
2022-05-01,IA,170.62652
2022-05-01,IA,5301.10878
2022-05-01,IA,5482.93569
2022-05-01,IL,401.15217
2022-05-01,IL,14203.84285
2022-05-01,IL,53.24443
2022-05-01,IL,0.5221
2022-05-01,IL,17.55703
2022-05-01,IL,1.68105
2022-05-01,IL,226.54063
2022-05-01,IL,14604.99502
2022-05-01,IL,14257.08727
2022-05-01,IL,18.07913
2022-05-01,IL,228.22168
2022-05-01,IL,14658.23944
2022-05-01,IL,14904.54025
2022-05-01,IN,5314.41063
2022-05-01,IN,1934.024
2022-05-01,IN,686.86956
2022-05-01,IN,0.66234
2022-05-01,IN,17.47244
2022-05-01,IN,44.63906
2022-05-01,IN,375.49375
2022-05-01,IN,7248.43464
2022-05-01,IN,2620.89356
2022-05-01,IN,18.13478
2022-05-01,IN,420.13281
2022-05-01,IN,7935.30419
2022-05-01,IN,8373.57178
2022-05-01,KY,5543.95327
2022-05-01,KY,36.72086
2022-05-01,KY,0.3011
2022-05-01,KY,48.19127
2022-05-01,KY,5580.67413
2022-05-01,KY,36.72086
2022-05-01,KY,0.3011
2022-05-01,KY,48.19127
2022-05-01,KY,5580.67413
2022-05-01,KY,5629.1665
2022-05-01,LA,5707.0024
2022-05-01,LA,739.94257
2022-05-01,LA,195.567
2022-05-01,LA,4.13005
2022-05-01,LA,43.15617
2022-05-01,LA,2334.69359
2022-05-01,LA,6446.94497
2022-05-01,LA,935.50957
2022-05-01,LA,0.0
2022-05-01,LA,4.13005
2022-05-01,LA,2377.84976
2022-05-01,LA,6642.51197
2022-05-01,LA,9024.49178
2022-05-01,MI,6296.33746
2022-05-01,MI,1483.86966
2022-05-01,MI,1073.24443
2022-05-01,MI,8.26066
2022-05-01,MI,49.70758
2022-05-01,MI,0.76881
2022-05-01,MI,108.78003
2022-05-01,MI,7780.20711
2022-05-01,MI,2557.11408
2022-05-01,MI,0.09886
2022-05-01,MI,57.96825
2022-05-01,MI,109.54884
2022-05-01,MI,8853.45154
2022-05-01,MI,9020.96862
2022-05-01,MN,2422.02164
2022-05-01,MN,1125.54858
2022-05-01,MN,62.10116
2022-05-01,MN,2.07268
2022-05-01,MN,29.81144
2022-05-01,MN,3.082
2022-05-01,MN,93.55247
2022-05-01,MN,3547.57021
2022-05-01,MN,1187.64974
2022-05-01,MN,31.88412
2022-05-01,MN,96.63447
2022-05-01,MN,3609.67138
2022-05-01,MN,3738.18997
2022-05-01,MO,4411.40987
2022-05-01,MO,548.23922
2022-05-01,MO,5.895
2022-05-01,MO,0.052
2022-05-01,MO,17.066
2022-05-01,MO,3.588
2022-05-01,MO,4959.64909
2022-05-01,MO,554.13422
2022-05-01,MO,17.118
2022-05-01,MO,3.588
2022-05-01,MO,4965.54409
2022-05-01,MO,4986.25009
2022-05-01,MS,5053.26237
2022-05-01,MS,345.23011
2022-05-01,MS,0.0
2022-05-01,MS,143.39157
2022-05-01,MS,5398.49248
2022-05-01,MS,345.23011
2022-05-01,MS,0.0
2022-05-01,MS,143.39157
2022-05-01,MS,5398.49248
2022-05-01,MS,5541.88404
2022-05-01,MT,1148.03616
2022-05-01,MT,968.41441
2022-05-01,MT,44.014
2022-05-01,MT,0.0
2022-05-01,MT,1.72757
2022-05-01,MT,2116.45057
2022-05-01,MT,1012.42841
2022-05-01,MT,1.72757
2022-05-01,MT,2160.46457
2022-05-01,MT,2162.19214
2022-05-01,ND,2485.54714
2022-05-01,ND,964.78958
2022-05-01,ND,0.0
2022-05-01,ND,16.99414
2022-05-01,ND,3450.33672
2022-05-01,ND,964.78958
2022-05-01,ND,0.0
2022-05-01,ND,16.99414
2022-05-01,ND,3450.33672
2022-05-01,ND,3467.33086
2022-05-01,SD,712.5971
2022-05-01,SD,572.06898
2022-05-01,SD,0.00155
2022-05-01,SD,5.16518
2022-05-01,SD,1284.66609
2022-05-01,SD,572.06898
2022-05-01,SD,0.00155
2022-05-01,SD,5.16518
2022-05-01,SD,1284.66609
2022-05-01,SD,1289.83282
2022-05-01,TX,7388.9997
2022-05-01,TX,32447.80136
2022-05-01,TX,2906.75099
2022-05-01,TX,7.56579
2022-05-01,TX,65.52256
2022-05-01,TX,209.05821
2022-05-01,TX,3238.61661
2022-05-01,TX,39836.80106
2022-05-01,TX,35354.55235
2022-05-01,TX,122.17929
2022-05-01,TX,73.08835
2022-05-01,TX,3447.67482
2022-05-01,TX,42743.55206
2022-05-01,TX,46264.31523
2022-05-01,WI,3517.43624
2022-05-01,WI,1117.17217
2022-05-01,WI,2.23556
2022-05-01,WI,2.40815
2022-05-01,WI,9.8312
2022-05-01,WI,3.00887
2022-05-01,WI,85.73224
2022-05-01,WI,4634.60841
2022-05-01,WI,1119.40774
2022-05-01,WI,12.23935
2022-05-01,WI,88.74111
2022-05-01,WI,4636.84398
2022-05-01,WI,4737.82443
2022-06-01,AR,5501.75955
2022-06-01,AR,150.59202
2022-06-01,AR,103.04
2022-06-01,AR,1.83441
2022-06-01,AR,3.42856
2022-06-01,AR,0.43394
2022-06-01,AR,84.27556
2022-06-01,AR,5652.35157
2022-06-01,AR,253.63202
2022-06-01,AR,5.26297
2022-06-01,AR,84.70951
2022-06-01,AR,5755.39157
2022-06-01,AR,5845.36405
2022-06-01,IA,4730.75035
2022-06-01,IA,817.60928
2022-06-01,IA,0.0
2022-06-01,IA,0.289
2022-06-01,IA,16.07066
2022-06-01,IA,0.02818
2022-06-01,IA,187.91567
2022-06-01,IA,5548.35963
2022-06-01,IA,817.60928
2022-06-01,IA,16.35966
2022-06-01,IA,187.94385
2022-06-01,IA,5548.35963
2022-06-01,IA,5752.66314
2022-06-01,IL,460.26784
2022-06-01,IL,14928.91182
2022-06-01,IL,61.45447
2022-06-01,IL,0.35803
2022-06-01,IL,45.65533
2022-06-01,IL,1.78601
2022-06-01,IL,231.0124
2022-06-01,IL,15389.17967
2022-06-01,IL,14990.3663
2022-06-01,IL,46.01335
2022-06-01,IL,232.7984
2022-06-01,IL,15450.63414
2022-06-01,IL,15729.44589
2022-06-01,IN,5813.03495
2022-06-01,IN,1701.59027
2022-06-01,IN,589.87448
2022-06-01,IN,0.70569
2022-06-01,IN,23.81471
2022-06-01,IN,49.03764
2022-06-01,IN,376.9021
2022-06-01,IN,7514.62522
2022-06-01,IN,2291.46475
2022-06-01,IN,24.5204
2022-06-01,IN,425.93974
2022-06-01,IN,8104.4997
2022-06-01,IN,8554.95984
2022-06-01,KY,6278.52739
2022-06-01,KY,83.13764
2022-06-01,KY,0.31998
2022-06-01,KY,43.21756
2022-06-01,KY,6361.66503
2022-06-01,KY,83.13764
2022-06-01,KY,0.31998
2022-06-01,KY,43.21756
2022-06-01,KY,6361.66503
2022-06-01,KY,6405.20257
2022-06-01,LA,6418.72778
2022-06-01,LA,632.93359
2022-06-01,LA,293.444
2022-06-01,LA,13.91824
2022-06-01,LA,51.23598
2022-06-01,LA,2270.1449
2022-06-01,LA,7051.66137
2022-06-01,LA,926.37759
2022-06-01,LA,0.0
2022-06-01,LA,13.91824
2022-06-01,LA,2321.38089
2022-06-01,LA,7345.10537
2022-06-01,LA,9680.4045
2022-06-01,MI,7864.7731
2022-06-01,MI,1141.48921
2022-06-01,MI,1111.53246
2022-06-01,MI,8.76462
2022-06-01,MI,56.58772
2022-06-01,MI,0.70445
2022-06-01,MI,106.23168
2022-06-01,MI,9006.26231
2022-06-01,MI,2253.02167
2022-06-01,MI,0.15498
2022-06-01,MI,65.35234
2022-06-01,MI,106.93613
2022-06-01,MI,10117.79477
2022-06-01,MI,10290.08324
2022-06-01,MN,3513.35514
2022-06-01,MN,1181.51775
2022-06-01,MN,79.4061
2022-06-01,MN,1.92717
2022-06-01,MN,31.47841
2022-06-01,MN,3.117
2022-06-01,MN,110.51716
2022-06-01,MN,4694.87289
2022-06-01,MN,1260.92385
2022-06-01,MN,33.40558
2022-06-01,MN,113.63416
2022-06-01,MN,4774.27899
2022-06-01,MN,4921.31872
2022-06-01,MO,6336.02926
2022-06-01,MO,542.90742
2022-06-01,MO,8.916
2022-06-01,MO,0.283
2022-06-01,MO,17.953
2022-06-01,MO,2.965
2022-06-01,MO,6878.93668
2022-06-01,MO,551.82342
2022-06-01,MO,18.236
2022-06-01,MO,2.965
2022-06-01,MO,6887.85268
2022-06-01,MO,6909.05368
2022-06-01,MS,6392.13896
2022-06-01,MS,346.58181
2022-06-01,MS,0.0
2022-06-01,MS,154.74177
2022-06-01,MS,6738.72077
2022-06-01,MS,346.58181
2022-06-01,MS,0.0
2022-06-01,MS,154.74177
2022-06-01,MS,6738.72077
2022-06-01,MS,6893.46253
2022-06-01,MT,1017.06634
2022-06-01,MT,960.28073
2022-06-01,MT,32.472
2022-06-01,MT,0.0
2022-06-01,MT,2.24233
2022-06-01,MT,1977.34708
2022-06-01,MT,992.75273
2022-06-01,MT,2.24233
2022-06-01,MT,2009.81908
2022-06-01,MT,2012.06141
2022-06-01,ND,2844.84051
2022-06-01,ND,741.25501
2022-06-01,ND,0.0
2022-06-01,ND,8.38521
2022-06-01,ND,3586.09552
2022-06-01,ND,741.25501
2022-06-01,ND,0.0
2022-06-01,ND,8.38521
2022-06-01,ND,3586.09552
2022-06-01,ND,3594.48073
2022-06-01,SD,922.52176
2022-06-01,SD,599.82687
2022-06-01,SD,0.00107
2022-06-01,SD,6.55263
2022-06-01,SD,1522.34862
2022-06-01,SD,599.82687
2022-06-01,SD,0.00107
2022-06-01,SD,6.55263
2022-06-01,SD,1522.34862
2022-06-01,SD,1528.90232
2022-06-01,TX,8789.89698
2022-06-01,TX,34752.61044
2022-06-01,TX,3370.97355
2022-06-01,TX,7.08978
2022-06-01,TX,73.93857
2022-06-01,TX,192.20058
2022-06-01,TX,3392.92388
2022-06-01,TX,43542.50742
2022-06-01,TX,38123.58399
2022-06-01,TX,130.41011
2022-06-01,TX,81.02835
2022-06-01,TX,3585.12446
2022-06-01,TX,46913.48096
2022-06-01,TX,50579.63377
2022-06-01,WI,4175.38096
2022-06-01,WI,1081.94783
2022-06-01,WI,2.11289
2022-06-01,WI,2.02395
2022-06-01,WI,6.98243
2022-06-01,WI,3.21791
2022-06-01,WI,120.19032
2022-06-01,WI,5257.32878
2022-06-01,WI,1084.06072
2022-06-01,WI,9.00638
2022-06-01,WI,123.40822
2022-06-01,WI,5259.44167
2022-06-01,WI,5391.85627
2022-07-01,AR,6614.02942
2022-07-01,AR,462.42305
2022-07-01,AR,120.213
2022-07-01,AR,2.807
2022-07-01,AR,4.36721
2022-07-01,AR,0.4142
2022-07-01,AR,90.15868
2022-07-01,AR,7076.45247
2022-07-01,AR,582.63605
2022-07-01,AR,7.17421
2022-07-01,AR,90.57287
2022-07-01,AR,7196.66547
2022-07-01,AR,7294.41255
2022-07-01,IA,5197.58306
2022-07-01,IA,604.98795
2022-07-01,IA,0.0
2022-07-01,IA,0.231
2022-07-01,IA,17.24847
2022-07-01,IA,0.00681
2022-07-01,IA,210.80423
2022-07-01,IA,5802.571
2022-07-01,IA,604.98795
2022-07-01,IA,17.47947
2022-07-01,IA,210.81104
2022-07-01,IA,5802.571
2022-07-01,IA,6030.8615
2022-07-01,IL,541.13173
2022-07-01,IL,15530.57009
2022-07-01,IL,68.86611
2022-07-01,IL,0.3008
2022-07-01,IL,51.93345
2022-07-01,IL,1.53662
2022-07-01,IL,226.43712
2022-07-01,IL,16071.70182
2022-07-01,IL,15599.4362
2022-07-01,IL,52.23425
2022-07-01,IL,227.97374
2022-07-01,IL,16140.56793
2022-07-01,IL,16420.77592
2022-07-01,IN,5731.40605
2022-07-01,IN,1759.23501
2022-07-01,IN,713.9654
2022-07-01,IN,0.57354
2022-07-01,IN,20.275
2022-07-01,IN,53.29207
2022-07-01,IN,368.50046
2022-07-01,IN,7490.64106
2022-07-01,IN,2473.20041
2022-07-01,IN,20.84854
2022-07-01,IN,421.79253
2022-07-01,IN,8204.60646
2022-07-01,IN,8647.24754
2022-07-01,KY,6706.95342
2022-07-01,KY,108.69828
2022-07-01,KY,0.28429
2022-07-01,KY,47.05203
2022-07-01,KY,6815.6517
2022-07-01,KY,108.69828
2022-07-01,KY,0.28429
2022-07-01,KY,47.05203
2022-07-01,KY,6815.6517
2022-07-01,KY,6862.98802
2022-07-01,LA,7356.13829
2022-07-01,LA,723.83128
2022-07-01,LA,308.814
2022-07-01,LA,14.04329
2022-07-01,LA,49.87051
2022-07-01,LA,2516.01247
2022-07-01,LA,8079.96957
2022-07-01,LA,1032.64528
2022-07-01,LA,0.0
2022-07-01,LA,14.04329
2022-07-01,LA,2565.88298
2022-07-01,LA,8388.78357
2022-07-01,LA,10968.70983
2022-07-01,MI,8676.01784
2022-07-01,MI,1962.20015
2022-07-01,MI,1195.13432
2022-07-01,MI,7.94602
2022-07-01,MI,60.60039
2022-07-01,MI,0.58585
2022-07-01,MI,111.36893
2022-07-01,MI,10638.21799
2022-07-01,MI,3157.33447
2022-07-01,MI,0.20723
2022-07-01,MI,68.54641
2022-07-01,MI,111.95478
2022-07-01,MI,11833.35231
2022-07-01,MI,12013.8535
2022-07-01,MN,4454.07325
2022-07-01,MN,1132.31511
2022-07-01,MN,117.0576
2022-07-01,MN,1.58645
2022-07-01,MN,28.72281
2022-07-01,MN,3.464
2022-07-01,MN,113.46212
2022-07-01,MN,5586.38836
2022-07-01,MN,1249.37271
2022-07-01,MN,30.30927
2022-07-01,MN,116.92612
2022-07-01,MN,5703.44595
2022-07-01,MN,5850.68135
2022-07-01,MO,7311.64251
2022-07-01,MO,537.9117
2022-07-01,MO,10.039
2022-07-01,MO,0.002
2022-07-01,MO,20.623
2022-07-01,MO,2.701
2022-07-01,MO,7849.55422
2022-07-01,MO,547.9507
2022-07-01,MO,20.625
2022-07-01,MO,2.701
2022-07-01,MO,7859.59322
2022-07-01,MO,7882.91922
2022-07-01,MS,6207.76565
2022-07-01,MS,350.50748
2022-07-01,MS,0.0
2022-07-01,MS,160.88462
2022-07-01,MS,6558.27313
2022-07-01,MS,350.50748
2022-07-01,MS,0.0
2022-07-01,MS,160.88462
2022-07-01,MS,6558.27313
2022-07-01,MS,6719.15774
2022-07-01,MT,1080.28421
2022-07-01,MT,1215.41377
2022-07-01,MT,5.808
2022-07-01,MT,0.0
2022-07-01,MT,2.43491
2022-07-01,MT,2295.69798
2022-07-01,MT,1221.22177
2022-07-01,MT,2.43491
2022-07-01,MT,2301.50598
2022-07-01,MT,2303.94089
2022-07-01,ND,3251.18764
2022-07-01,ND,626.71716
2022-07-01,ND,0.0
2022-07-01,ND,9.09452
2022-07-01,ND,3877.90481
2022-07-01,ND,626.71716
2022-07-01,ND,0.0
2022-07-01,ND,9.09452
2022-07-01,ND,3877.90481
2022-07-01,ND,3886.99933
2022-07-01,SD,1042.64635
2022-07-01,SD,591.24728
2022-07-01,SD,0.00077
2022-07-01,SD,8.28543
2022-07-01,SD,1633.89362
2022-07-01,SD,591.24728
2022-07-01,SD,0.00077
2022-07-01,SD,8.28543
2022-07-01,SD,1633.89362
2022-07-01,SD,1642.17983
2022-07-01,TX,10485.33994
2022-07-01,TX,36920.3242
2022-07-01,TX,3953.02499
2022-07-01,TX,5.56588
2022-07-01,TX,82.60599
2022-07-01,TX,191.92713
2022-07-01,TX,3720.87252
2022-07-01,TX,47405.66414
2022-07-01,TX,40873.34919
2022-07-01,TX,142.72168
2022-07-01,TX,88.17187
2022-07-01,TX,3912.79965
2022-07-01,TX,51358.68913
2022-07-01,TX,55359.66064
2022-07-01,WI,5200.12975
2022-07-01,WI,1109.10769
2022-07-01,WI,2.42766
2022-07-01,WI,1.63786
2022-07-01,WI,9.45191
2022-07-01,WI,2.77621
2022-07-01,WI,120.87605
2022-07-01,WI,6309.23744
2022-07-01,WI,1111.53534
2022-07-01,WI,11.08977
2022-07-01,WI,123.65226
2022-07-01,WI,6311.6651
2022-07-01,WI,6446.40712
2022-08-01,AR,6310.70851
2022-08-01,AR,549.2562
2022-08-01,AR,121.814
2022-08-01,AR,1.954
2022-08-01,AR,4.36792
2022-08-01,AR,0.3679
2022-08-01,AR,86.20621
2022-08-01,AR,6859.96471
2022-08-01,AR,671.0702
2022-08-01,AR,6.32192
2022-08-01,AR,86.57411
2022-08-01,AR,6981.77871
2022-08-01,AR,7074.67474
2022-08-01,IA,5197.58664
2022-08-01,IA,551.2343
2022-08-01,IA,0.0
2022-08-01,IA,0.211
2022-08-01,IA,16.9629
2022-08-01,IA,0.006
2022-08-01,IA,203.32232
2022-08-01,IA,5748.82094
2022-08-01,IA,551.2343
2022-08-01,IA,17.1739
2022-08-01,IA,203.32832
2022-08-01,IA,5748.82094
2022-08-01,IA,5969.32315
2022-08-01,IL,565.33704
2022-08-01,IL,15469.40785
2022-08-01,IL,60.9374
2022-08-01,IL,0.27504
2022-08-01,IL,49.9953
2022-08-01,IL,1.85727
2022-08-01,IL,232.92501
2022-08-01,IL,16034.7449
2022-08-01,IL,15530.34526
2022-08-01,IL,50.27034
2022-08-01,IL,234.78228
2022-08-01,IL,16095.6823
2022-08-01,IL,16380.73492
2022-08-01,IN,6143.79409
2022-08-01,IN,1702.20296
2022-08-01,IN,528.61003
2022-08-01,IN,0.61211
2022-08-01,IN,22.93532
2022-08-01,IN,51.56106
2022-08-01,IN,328.2194
2022-08-01,IN,7845.99705
2022-08-01,IN,2230.81299
2022-08-01,IN,23.54743
2022-08-01,IN,379.78046
2022-08-01,IN,8374.60708
2022-08-01,IN,8777.93497
2022-08-01,KY,6291.4293
2022-08-01,KY,68.81231
2022-08-01,KY,0.22
2022-08-01,KY,37.75552
2022-08-01,KY,6360.24161
2022-08-01,KY,68.81231
2022-08-01,KY,0.22
2022-08-01,KY,37.75552
2022-08-01,KY,6360.24161
2022-08-01,KY,6398.21713
2022-08-01,LA,6729.93657
2022-08-01,LA,470.94208
2022-08-01,LA,277.764
2022-08-01,LA,18.17869
2022-08-01,LA,39.14012
2022-08-01,LA,2616.60853
2022-08-01,LA,7200.87865
2022-08-01,LA,748.70608
2022-08-01,LA,0.0
2022-08-01,LA,18.17869
2022-08-01,LA,2655.74865
2022-08-01,LA,7478.64265
2022-08-01,LA,10152.56999
2022-08-01,MI,7985.81176
2022-08-01,MI,1915.28936
2022-08-01,MI,1035.01234
2022-08-01,MI,8.47575
2022-08-01,MI,61.18112
2022-08-01,MI,0.85086
2022-08-01,MI,103.41144
2022-08-01,MI,9901.10112
2022-08-01,MI,2950.30169
2022-08-01,MI,0.18914
2022-08-01,MI,69.65687
2022-08-01,MI,104.2623
2022-08-01,MI,10936.11346
2022-08-01,MI,11110.03262
2022-08-01,MN,4105.16594
2022-08-01,MN,1105.92117
2022-08-01,MN,119.93802
2022-08-01,MN,1.58727
2022-08-01,MN,37.78157
2022-08-01,MN,8.665
2022-08-01,MN,107.28926
2022-08-01,MN,5211.08711
2022-08-01,MN,1225.8592
2022-08-01,MN,39.36884
2022-08-01,MN,115.95426
2022-08-01,MN,5331.02514
2022-08-01,MN,5486.34824
2022-08-01,MO,7247.922
2022-08-01,MO,475.58529
2022-08-01,MO,8.694
2022-08-01,MO,0.003
2022-08-01,MO,20.264
2022-08-01,MO,3.324
2022-08-01,MO,7723.50729
2022-08-01,MO,484.27929
2022-08-01,MO,20.267
2022-08-01,MO,3.324
2022-08-01,MO,7732.20129
2022-08-01,MO,7755.79229
2022-08-01,MS,6231.8113
2022-08-01,MS,336.42717
2022-08-01,MS,0.0
2022-08-01,MS,156.95965
2022-08-01,MS,6568.23847
2022-08-01,MS,336.42717
2022-08-01,MS,0.0
2022-08-01,MS,156.95965
2022-08-01,MS,6568.23847
2022-08-01,MS,6725.19812
2022-08-01,MT,920.08334
2022-08-01,MT,1361.95049
2022-08-01,MT,42.274
2022-08-01,MT,0.0
2022-08-01,MT,2.42182
2022-08-01,MT,2282.03383
2022-08-01,MT,1404.22449
2022-08-01,MT,2.42182
2022-08-01,MT,2324.30783
2022-08-01,MT,2326.72965
2022-08-01,ND,3159.36739
2022-08-01,ND,693.64535
2022-08-01,ND,0.0
2022-08-01,ND,13.44317
2022-08-01,ND,3853.01274
2022-08-01,ND,693.64535
2022-08-01,ND,0.0
2022-08-01,ND,13.44317
2022-08-01,ND,3853.01274
2022-08-01,ND,3866.4559
2022-08-01,SD,965.63863
2022-08-01,SD,576.62252
2022-08-01,SD,0.00083
2022-08-01,SD,8.08962
2022-08-01,SD,1542.26115
2022-08-01,SD,576.62252
2022-08-01,SD,0.00083
2022-08-01,SD,8.08962
2022-08-01,SD,1542.26115
2022-08-01,SD,1550.3516
2022-08-01,TX,10134.58272
2022-08-01,TX,34173.94027
2022-08-01,TX,3967.93823
2022-08-01,TX,4.69056
2022-08-01,TX,82.71386
2022-08-01,TX,159.01696
2022-08-01,TX,3679.78795
2022-08-01,TX,44308.52298
2022-08-01,TX,38141.8785
2022-08-01,TX,138.89327
2022-08-01,TX,87.40442
2022-08-01,TX,3838.80491
2022-08-01,TX,48276.46122
2022-08-01,TX,52202.67054
2022-08-01,WI,5024.12926
2022-08-01,WI,1070.98865
2022-08-01,WI,2.54866
2022-08-01,WI,1.35711
2022-08-01,WI,9.8308
2022-08-01,WI,2.87713
2022-08-01,WI,111.0375
2022-08-01,WI,6095.11791
2022-08-01,WI,1073.53732
2022-08-01,WI,11.18791
2022-08-01,WI,113.91463
2022-08-01,WI,6097.66657
2022-08-01,WI,6222.76912
2022-09-01,AR,5376.37604
2022-09-01,AR,368.85607
2022-09-01,AR,116.317
2022-09-01,AR,2.163
2022-09-01,AR,3.86063
2022-09-01,AR,0.37451
2022-09-01,AR,89.45055
2022-09-01,AR,5745.23211
2022-09-01,AR,485.17307
2022-09-01,AR,6.02363
2022-09-01,AR,89.82506
2022-09-01,AR,5861.54911
2022-09-01,AR,5957.3978
2022-09-01,IA,4672.54524
2022-09-01,IA,802.8426
2022-09-01,IA,0.0
2022-09-01,IA,0.44196
2022-09-01,IA,17.12049
2022-09-01,IA,0.00299
2022-09-01,IA,174.05861
2022-09-01,IA,5475.38784
2022-09-01,IA,802.8426
2022-09-01,IA,17.56245
2022-09-01,IA,174.0616
2022-09-01,IA,5475.38784
2022-09-01,IA,5667.0119
2022-09-01,IL,455.0025
2022-09-01,IL,13774.78833
2022-09-01,IL,52.46126
2022-09-01,IL,0.31177
2022-09-01,IL,49.33208
2022-09-01,IL,1.12229
2022-09-01,IL,181.25263
2022-09-01,IL,14229.79083
2022-09-01,IL,13827.24959
2022-09-01,IL,49.64385
2022-09-01,IL,182.37492
2022-09-01,IL,14282.25209
2022-09-01,IL,14514.27086
2022-09-01,IN,4147.10901
2022-09-01,IN,1686.00401
2022-09-01,IN,517.47728
2022-09-01,IN,0.57721
2022-09-01,IN,20.41252
2022-09-01,IN,52.64856
2022-09-01,IN,308.8174
2022-09-01,IN,5833.11302
2022-09-01,IN,2203.48129
2022-09-01,IN,20.98974
2022-09-01,IN,361.46595
2022-09-01,IN,6350.5903
2022-09-01,IN,6733.04599
2022-09-01,KY,5137.01419
2022-09-01,KY,32.1994
2022-09-01,KY,0.26904
2022-09-01,KY,50.05219
2022-09-01,KY,5169.2136
2022-09-01,KY,32.1994
2022-09-01,KY,0.26904
2022-09-01,KY,50.05219
2022-09-01,KY,5169.2136
2022-09-01,KY,5219.53482
2022-09-01,LA,5468.22977
2022-09-01,LA,422.21762
2022-09-01,LA,230.908
2022-09-01,LA,13.581
2022-09-01,LA,45.59235
2022-09-01,LA,2426.35627
2022-09-01,LA,5890.44739
2022-09-01,LA,653.12562
2022-09-01,LA,0.0
2022-09-01,LA,13.581
2022-09-01,LA,2471.94862
2022-09-01,LA,6121.35539
2022-09-01,LA,8606.88501
2022-09-01,MI,7310.68839
2022-09-01,MI,1757.15398
2022-09-01,MI,984.50691
2022-09-01,MI,7.3701
2022-09-01,MI,56.38011
2022-09-01,MI,0.80703
2022-09-01,MI,108.99551
2022-09-01,MI,9067.84237
2022-09-01,MI,2741.66089
2022-09-01,MI,0.16718
2022-09-01,MI,63.75021
2022-09-01,MI,109.80254
2022-09-01,MI,10052.34928
2022-09-01,MI,10225.90202
2022-09-01,MN,3238.57251
2022-09-01,MN,1130.19456
2022-09-01,MN,92.14836
2022-09-01,MN,1.87424
2022-09-01,MN,25.77279
2022-09-01,MN,5.704
2022-09-01,MN,74.63684
2022-09-01,MN,4368.76706
2022-09-01,MN,1222.34292
2022-09-01,MN,27.64703
2022-09-01,MN,80.34084
2022-09-01,MN,4460.91542
2022-09-01,MN,4568.90329
2022-09-01,MO,6039.09342
2022-09-01,MO,478.08381
2022-09-01,MO,7.171
2022-09-01,MO,0.03
2022-09-01,MO,16.715
2022-09-01,MO,3.178
2022-09-01,MO,6517.17724
2022-09-01,MO,485.25481
2022-09-01,MO,16.745
2022-09-01,MO,3.178
2022-09-01,MO,6524.34824
2022-09-01,MO,6544.27124
2022-09-01,MS,5353.71078
2022-09-01,MS,124.11205
2022-09-01,MS,0.0
2022-09-01,MS,155.56662
2022-09-01,MS,5477.82284
2022-09-01,MS,124.11205
2022-09-01,MS,0.0
2022-09-01,MS,155.56662
2022-09-01,MS,5477.82284
2022-09-01,MS,5633.38946
2022-09-01,MT,776.30761
2022-09-01,MT,1160.93753
2022-09-01,MT,41.361
2022-09-01,MT,0.0
2022-09-01,MT,2.34425
2022-09-01,MT,1937.24514
2022-09-01,MT,1202.29853
2022-09-01,MT,2.34425
2022-09-01,MT,1978.60614
2022-09-01,MT,1980.95039
2022-09-01,ND,2718.76813
2022-09-01,ND,848.45001
2022-09-01,ND,0.0
2022-09-01,ND,15.93546
2022-09-01,ND,3567.21814
2022-09-01,ND,848.45001
2022-09-01,ND,0.0
2022-09-01,ND,15.93546
2022-09-01,ND,3567.21814
2022-09-01,ND,3583.1536
2022-09-01,SD,760.05591
2022-09-01,SD,650.44336
2022-09-01,SD,0.00098
2022-09-01,SD,6.42753
2022-09-01,SD,1410.49926
2022-09-01,SD,650.44336
2022-09-01,SD,0.00098
2022-09-01,SD,6.42753
2022-09-01,SD,1410.49926
2022-09-01,SD,1416.92776
2022-09-01,TX,8209.37526
2022-09-01,TX,30012.96739
2022-09-01,TX,3626.60987
2022-09-01,TX,4.6825
2022-09-01,TX,75.04228
2022-09-01,TX,135.51833
2022-09-01,TX,3180.37763
2022-09-01,TX,38222.34265
2022-09-01,TX,33639.57726
2022-09-01,TX,120.71173
2022-09-01,TX,79.72478
2022-09-01,TX,3315.89596
2022-09-01,TX,41848.95252
2022-09-01,TX,45244.57326
2022-09-01,WI,3369.10986
2022-09-01,WI,1014.61281
2022-09-01,WI,2.55877
2022-09-01,WI,1.63783
2022-09-01,WI,10.73337
2022-09-01,WI,2.78403
2022-09-01,WI,102.20836
2022-09-01,WI,4383.72266
2022-09-01,WI,1017.17158
2022-09-01,WI,12.3712
2022-09-01,WI,104.99238
2022-09-01,WI,4386.28143
2022-09-01,WI,4503.64502
2022-10-01,AR,4018.05492
2022-10-01,AR,368.85331
2022-10-01,AR,80.727
2022-10-01,AR,1.71
2022-10-01,AR,2.98865
2022-10-01,AR,0.33542
2022-10-01,AR,76.03313
2022-10-01,AR,4386.90823
2022-10-01,AR,449.58031
2022-10-01,AR,4.69865
2022-10-01,AR,76.36855
2022-10-01,AR,4467.63523
2022-10-01,AR,4548.70243
2022-10-01,IA,4266.2586
2022-10-01,IA,945.24635
2022-10-01,IA,0.0
2022-10-01,IA,0.37896
2022-10-01,IA,16.21536
2022-10-01,IA,0.00529
2022-10-01,IA,175.61836
2022-10-01,IA,5211.50495
2022-10-01,IA,945.24635
2022-10-01,IA,16.59432
2022-10-01,IA,175.62365
2022-10-01,IA,5211.50495
2022-10-01,IA,5403.72292
2022-10-01,IL,290.25656
2022-10-01,IL,13698.9543
2022-10-01,IL,49.77117
2022-10-01,IL,0.49024
2022-10-01,IL,30.73179
2022-10-01,IL,0.72228
2022-10-01,IL,164.86211
2022-10-01,IL,13989.21086
2022-10-01,IL,13748.72547
2022-10-01,IL,31.22203
2022-10-01,IL,165.58438
2022-10-01,IL,14038.98203
2022-10-01,IL,14235.78844
2022-10-01,IN,3712.76703
2022-10-01,IN,2368.53277
2022-10-01,IN,429.25601
2022-10-01,IN,0.49143
2022-10-01,IN,17.12892
2022-10-01,IN,45.38915
2022-10-01,IN,326.05331
2022-10-01,IN,6081.29981
2022-10-01,IN,2797.78878
2022-10-01,IN,17.62035
2022-10-01,IN,371.44246
2022-10-01,IN,6510.55582
2022-10-01,IN,6899.61862
2022-10-01,KY,4373.27992
2022-10-01,KY,8.18805
2022-10-01,KY,0.24328
2022-10-01,KY,41.3541
2022-10-01,KY,4381.46797
2022-10-01,KY,8.18805
2022-10-01,KY,0.24328
2022-10-01,KY,41.3541
2022-10-01,KY,4381.46797
2022-10-01,KY,4423.06534
2022-10-01,LA,4838.4726
2022-10-01,LA,227.10539
2022-10-01,LA,272.029
2022-10-01,LA,12.69578
2022-10-01,LA,36.81213
2022-10-01,LA,2520.85629
2022-10-01,LA,5065.57799
2022-10-01,LA,499.13439
2022-10-01,LA,0.0
2022-10-01,LA,12.69578
2022-10-01,LA,2557.66842
2022-10-01,LA,5337.60699
2022-10-01,LA,7907.97119
2022-10-01,MI,7096.21389
2022-10-01,MI,1806.61613
2022-10-01,MI,1127.30863
2022-10-01,MI,8.11583
2022-10-01,MI,53.22853
2022-10-01,MI,0.75628
2022-10-01,MI,113.28714
2022-10-01,MI,8902.83003
2022-10-01,MI,2933.92476
2022-10-01,MI,0.16226
2022-10-01,MI,61.34435
2022-10-01,MI,114.04342
2022-10-01,MI,10030.13865
2022-10-01,MI,10205.52642
2022-10-01,MN,3103.43579
2022-10-01,MN,1160.35976
2022-10-01,MN,92.66087
2022-10-01,MN,2.40328
2022-10-01,MN,16.86129
2022-10-01,MN,5.815
2022-10-01,MN,63.74337
2022-10-01,MN,4263.79555
2022-10-01,MN,1253.02063
2022-10-01,MN,19.26457
2022-10-01,MN,69.55837
2022-10-01,MN,4356.45642
2022-10-01,MN,4445.27936
2022-10-01,MO,5150.78963
2022-10-01,MO,578.04377
2022-10-01,MO,4.665
2022-10-01,MO,0.089
2022-10-01,MO,15.73062
2022-10-01,MO,3.458
2022-10-01,MO,5728.8334
2022-10-01,MO,582.70877
2022-10-01,MO,15.81962
2022-10-01,MO,3.458
2022-10-01,MO,5733.4984
2022-10-01,MO,5752.77602
2022-10-01,MS,4324.02765
2022-10-01,MS,217.71793
2022-10-01,MS,0.0
2022-10-01,MS,122.88359
2022-10-01,MS,4541.74558
2022-10-01,MS,217.71793
2022-10-01,MS,0.0
2022-10-01,MS,122.88359
2022-10-01,MS,4541.74558
2022-10-01,MS,4664.62917
2022-10-01,MT,679.26542
2022-10-01,MT,1384.50676
2022-10-01,MT,39.471
2022-10-01,MT,0.0
2022-10-01,MT,3.36226
2022-10-01,MT,2063.77218
2022-10-01,MT,1423.97776
2022-10-01,MT,3.36226
2022-10-01,MT,2103.24318
2022-10-01,MT,2106.60544
2022-10-01,ND,2664.50711
2022-10-01,ND,857.57516
2022-10-01,ND,0.012
2022-10-01,ND,17.09065
2022-10-01,ND,3522.08226
2022-10-01,ND,857.57516
2022-10-01,ND,0.012
2022-10-01,ND,17.09065
2022-10-01,ND,3522.08226
2022-10-01,ND,3539.18491
2022-10-01,SD,511.33341
2022-10-01,SD,772.38414
2022-10-01,SD,0.00116
2022-10-01,SD,5.0988
2022-10-01,SD,1283.71755
2022-10-01,SD,772.38414
2022-10-01,SD,0.00116
2022-10-01,SD,5.0988
2022-10-01,SD,1283.71755
2022-10-01,SD,1288.81752
2022-10-01,TX,6289.82321
2022-10-01,TX,26710.9927
2022-10-01,TX,3280.77901
2022-10-01,TX,5.16602
2022-10-01,TX,46.22308
2022-10-01,TX,143.25556
2022-10-01,TX,3135.91192
2022-10-01,TX,33000.8159
2022-10-01,TX,29991.77171
2022-10-01,TX,117.17708
2022-10-01,TX,51.38911
2022-10-01,TX,3279.16748
2022-10-01,TX,36281.59492
2022-10-01,TX,39612.1515
2022-10-01,WI,2663.80495
2022-10-01,WI,1088.94474
2022-10-01,WI,2.64715
2022-10-01,WI,2.15953
2022-10-01,WI,9.00227
2022-10-01,WI,2.30797
2022-10-01,WI,95.39148
2022-10-01,WI,3752.74969
2022-10-01,WI,1091.59189
2022-10-01,WI,11.1618
2022-10-01,WI,97.69945
2022-10-01,WI,3755.39683
2022-10-01,WI,3864.25808
2022-11-01,AR,3840.28508
2022-11-01,AR,374.55835
2022-11-01,AR,56.463
2022-11-01,AR,1.193
2022-11-01,AR,3.011
2022-11-01,AR,0.21601
2022-11-01,AR,92.13078
2022-11-01,AR,4214.84344
2022-11-01,AR,431.02135
2022-11-01,AR,4.204
2022-11-01,AR,92.34678
2022-11-01,AR,4271.30644
2022-11-01,AR,4367.85722
2022-11-01,IA,5147.94551
2022-11-01,IA,1272.42363
2022-11-01,IA,0.0
2022-11-01,IA,0.416
2022-11-01,IA,16.68614
2022-11-01,IA,0.00164
2022-11-01,IA,150.08214
2022-11-01,IA,6420.36914
2022-11-01,IA,1272.42363
2022-11-01,IA,17.10214
2022-11-01,IA,150.08378
2022-11-01,IA,6420.36914
2022-11-01,IA,6587.55506
2022-11-01,IL,309.22443
2022-11-01,IL,14518.54684
2022-11-01,IL,52.1244
2022-11-01,IL,0.56947
2022-11-01,IL,33.97408
2022-11-01,IL,0.77651
2022-11-01,IL,172.96003
2022-11-01,IL,14827.77126
2022-11-01,IL,14570.67124
2022-11-01,IL,34.54356
2022-11-01,IL,173.73654
2022-11-01,IL,14879.89566
2022-11-01,IL,15088.17576
2022-11-01,IN,4644.16971
2022-11-01,IN,2156.73551
2022-11-01,IN,644.84301
2022-11-01,IN,0.5695
2022-11-01,IN,19.48505
2022-11-01,IN,48.17298
2022-11-01,IN,365.42964
2022-11-01,IN,6800.90522
2022-11-01,IN,2801.57852
2022-11-01,IN,20.05454
2022-11-01,IN,413.60262
2022-11-01,IN,7445.74823
2022-11-01,IN,7879.40539
2022-11-01,KY,5168.98436
2022-11-01,KY,43.05456
2022-11-01,KY,0.15157
2022-11-01,KY,54.21432
2022-11-01,KY,5212.03892
2022-11-01,KY,43.05456
2022-11-01,KY,0.15157
2022-11-01,KY,54.21432
2022-11-01,KY,5212.03892
2022-11-01,KY,5266.4048
2022-11-01,LA,4795.56569
2022-11-01,LA,205.34134
2022-11-01,LA,260.034
2022-11-01,LA,7.17666
2022-11-01,LA,33.12669
2022-11-01,LA,2530.97391
2022-11-01,LA,5000.90703
2022-11-01,LA,465.37534
2022-11-01,LA,0.0
2022-11-01,LA,7.17666
2022-11-01,LA,2564.1006
2022-11-01,LA,5260.94103
2022-11-01,LA,7832.21829
2022-11-01,MI,6377.34742
2022-11-01,MI,1243.41335
2022-11-01,MI,1143.35425
2022-11-01,MI,9.05304
2022-11-01,MI,48.71615
2022-11-01,MI,0.84789
2022-11-01,MI,113.20717
2022-11-01,MI,7620.76077
2022-11-01,MI,2386.7676
2022-11-01,MI,0.11041
2022-11-01,MI,57.76918
2022-11-01,MI,114.05506
2022-11-01,MI,8764.11502
2022-11-01,MI,8935.93926
2022-11-01,MN,3079.07486
2022-11-01,MN,1233.20713
2022-11-01,MN,63.31699
2022-11-01,MN,2.73139
2022-11-01,MN,18.93166
2022-11-01,MN,3.901
2022-11-01,MN,88.35532
2022-11-01,MN,4312.28199
2022-11-01,MN,1296.52412
2022-11-01,MN,21.66305
2022-11-01,MN,92.25632
2022-11-01,MN,4375.59899
2022-11-01,MN,4489.51835
2022-11-01,MO,5712.2654
2022-11-01,MO,458.60685
2022-11-01,MO,8.474
2022-11-01,MO,0.044
2022-11-01,MO,15.327
2022-11-01,MO,3.951
2022-11-01,MO,6170.87224
2022-11-01,MO,467.08085
2022-11-01,MO,15.371
2022-11-01,MO,3.951
2022-11-01,MO,6179.34624
2022-11-01,MO,6198.66824
2022-11-01,MS,4736.56436
2022-11-01,MS,324.6645
2022-11-01,MS,0.0
2022-11-01,MS,129.51759
2022-11-01,MS,5061.22886
2022-11-01,MS,324.6645
2022-11-01,MS,0.0
2022-11-01,MS,129.51759
2022-11-01,MS,5061.22886
2022-11-01,MS,5190.74646
2022-11-01,MT,913.89113
2022-11-01,MT,1479.94277
2022-11-01,MT,39.97
2022-11-01,MT,0.0
2022-11-01,MT,3.22436
2022-11-01,MT,2393.8339
2022-11-01,MT,1519.91277
2022-11-01,MT,3.22436
2022-11-01,MT,2433.8039
2022-11-01,MT,2437.02825
2022-11-01,ND,2576.16296
2022-11-01,ND,1001.28746
2022-11-01,ND,
2022-11-01,ND,16.57772
2022-11-01,ND,3577.45042
2022-11-01,ND,1001.28746
2022-11-01,ND,
2022-11-01,ND,16.57772
2022-11-01,ND,3577.45042
2022-11-01,ND,3594.05787
2022-11-01,SD,576.06779
2022-11-01,SD,816.83098
2022-11-01,SD,0.00135
2022-11-01,SD,4.65307
2022-11-01,SD,1392.89877
2022-11-01,SD,816.83098
2022-11-01,SD,0.00135
2022-11-01,SD,4.65307
2022-11-01,SD,1392.89877
2022-11-01,SD,1397.55319
2022-11-01,TX,6014.80825
2022-11-01,TX,27072.11253
2022-11-01,TX,3002.23177
2022-11-01,TX,6.56072
2022-11-01,TX,40.87391
2022-11-01,TX,136.61886
2022-11-01,TX,3359.14314
2022-11-01,TX,33086.92078
2022-11-01,TX,30074.3443
2022-11-01,TX,105.59555
2022-11-01,TX,47.43463
2022-11-01,TX,3495.76201
2022-11-01,TX,36089.15256
2022-11-01,TX,39632.34919
2022-11-01,WI,2633.31279
2022-11-01,WI,1056.7266
2022-11-01,WI,2.55551
2022-11-01,WI,2.59385
2022-11-01,WI,8.58374
2022-11-01,WI,2.59118
2022-11-01,WI,101.9249
2022-11-01,WI,3690.03939
2022-11-01,WI,1059.28211
2022-11-01,WI,11.17759
2022-11-01,WI,104.51608
2022-11-01,WI,3692.5949
2022-11-01,WI,3808.28857
2022-12-01,AR,4567.01989
2022-12-01,AR,328.8647
2022-12-01,AR,114.95
2022-12-01,AR,0.774
2022-12-01,AR,3.50366
2022-12-01,AR,0.13963
2022-12-01,AR,75.10948
2022-12-01,AR,4895.88459
2022-12-01,AR,443.8147
2022-12-01,AR,4.27766
2022-12-01,AR,75.24911
2022-12-01,AR,5010.83459
2022-12-01,AR,5090.36135
2022-12-01,IA,5621.42283
2022-12-01,IA,1224.01174
2022-12-01,IA,0.0
2022-12-01,IA,0.52
2022-12-01,IA,18.20129
2022-12-01,IA,0.00575
2022-12-01,IA,159.81745
2022-12-01,IA,6845.43457
2022-12-01,IA,1224.01174
2022-12-01,IA,18.72129
2022-12-01,IA,159.82321
2022-12-01,IA,6845.43457
2022-12-01,IA,7023.97907
2022-12-01,IL,302.92424
2022-12-01,IL,15788.20404
2022-12-01,IL,54.50394
2022-12-01,IL,0.46937
2022-12-01,IL,37.43326
2022-12-01,IL,0.52812
2022-12-01,IL,195.54671
2022-12-01,IL,16091.12828
2022-12-01,IL,15842.70798
2022-12-01,IL,37.90263
2022-12-01,IL,196.07482
2022-12-01,IL,16145.63222
2022-12-01,IL,16379.60968
2022-12-01,IN,5851.6382
2022-12-01,IN,2314.43917
2022-12-01,IN,666.41825
2022-12-01,IN,0.52613
2022-12-01,IN,20.40137
2022-12-01,IN,44.50135
2022-12-01,IN,343.15307
2022-12-01,IN,8166.07737
2022-12-01,IN,2980.85741
2022-12-01,IN,20.9275
2022-12-01,IN,387.65442
2022-12-01,IN,8832.49561
2022-12-01,IN,9241.07754
2022-12-01,KY,6249.14229
2022-12-01,KY,78.39692
2022-12-01,KY,0.10253
2022-12-01,KY,41.88094
2022-12-01,KY,6327.53921
2022-12-01,KY,78.39692
2022-12-01,KY,0.10253
2022-12-01,KY,41.88094
2022-12-01,KY,6327.53921
2022-12-01,KY,6369.52268
2022-12-01,LA,5508.46521
2022-12-01,LA,315.51785
2022-12-01,LA,242.985
2022-12-01,LA,13.13371
2022-12-01,LA,37.21702
2022-12-01,LA,2558.91665
2022-12-01,LA,5823.98306
2022-12-01,LA,558.50285
2022-12-01,LA,0.0
2022-12-01,LA,13.13371
2022-12-01,LA,2596.13367
2022-12-01,LA,6066.96806
2022-12-01,LA,8676.23544
2022-12-01,MI,7319.57602
2022-12-01,MI,1335.03404
2022-12-01,MI,1440.63626
2022-12-01,MI,8.83703
2022-12-01,MI,56.49425
2022-12-01,MI,0.83196
2022-12-01,MI,122.80608
2022-12-01,MI,8654.61006
2022-12-01,MI,2775.6703
2022-12-01,MI,0.15069
2022-12-01,MI,65.33127
2022-12-01,MI,123.63804
2022-12-01,MI,10095.24632
2022-12-01,MI,10284.21563
2022-12-01,MN,3945.10707
2022-12-01,MN,1231.48306
2022-12-01,MN,74.94512
2022-12-01,MN,2.5946
2022-12-01,MN,21.23223
2022-12-01,MN,2.37
2022-12-01,MN,112.66785
2022-12-01,MN,5176.59014
2022-12-01,MN,1306.42818
2022-12-01,MN,23.82684
2022-12-01,MN,115.03785
2022-12-01,MN,5251.53525
2022-12-01,MN,5390.39993
2022-12-01,MO,6221.08582
2022-12-01,MO,606.54431
2022-12-01,MO,8.86
2022-12-01,MO,0.0
2022-12-01,MO,14.5
2022-12-01,MO,4.396
2022-12-01,MO,6827.63013
2022-12-01,MO,615.40431
2022-12-01,MO,14.5
2022-12-01,MO,4.396
2022-12-01,MO,6836.49013
2022-12-01,MO,6855.38613
2022-12-01,MS,5644.30448
2022-12-01,MS,289.82106
2022-12-01,MS,0.0
2022-12-01,MS,155.3872
2022-12-01,MS,5934.12555
2022-12-01,MS,289.82106
2022-12-01,MS,0.0
2022-12-01,MS,155.3872
2022-12-01,MS,5934.12555
2022-12-01,MS,6089.51275
2022-12-01,MT,828.21954
2022-12-01,MT,1440.18132
2022-12-01,MT,43.949
2022-12-01,MT,0.0
2022-12-01,MT,3.59563
2022-12-01,MT,2268.40086
2022-12-01,MT,1484.13032
2022-12-01,MT,3.59563
2022-12-01,MT,2312.34986
2022-12-01,MT,2315.94549
2022-12-01,ND,2973.06559
2022-12-01,ND,783.3039
2022-12-01,ND,0.034
2022-12-01,ND,18.05586
2022-12-01,ND,3756.36949
2022-12-01,ND,783.3039
2022-12-01,ND,0.034
2022-12-01,ND,18.05586
2022-12-01,ND,3756.36949
2022-12-01,ND,3774.45935
2022-12-01,SD,603.85317
2022-12-01,SD,706.87964
2022-12-01,SD,0.00156
2022-12-01,SD,5.63802
2022-12-01,SD,1310.73281
2022-12-01,SD,706.87964
2022-12-01,SD,0.00156
2022-12-01,SD,5.63802
2022-12-01,SD,1310.73281
2022-12-01,SD,1316.37239
2022-12-01,TX,7080.10587
2022-12-01,TX,28817.11991
2022-12-01,TX,3173.53465
2022-12-01,TX,4.7705
2022-12-01,TX,42.84471
2022-12-01,TX,83.57718
2022-12-01,TX,3331.5941
2022-12-01,TX,35897.22578
2022-12-01,TX,31990.65456
2022-12-01,TX,115.51436
2022-12-01,TX,47.61521
2022-12-01,TX,3415.17127
2022-12-01,TX,39070.76044
2022-12-01,TX,42533.54692
2022-12-01,WI,4189.78381
2022-12-01,WI,1057.29134
2022-12-01,WI,2.6506
2022-12-01,WI,2.47988
2022-12-01,WI,9.16076
2022-12-01,WI,2.70032
2022-12-01,WI,116.36193
2022-12-01,WI,5247.07515
2022-12-01,WI,1059.94193
2022-12-01,WI,11.64063
2022-12-01,WI,119.06224
2022-12-01,WI,5249.72575
2022-12-01,WI,5380.42862
2023-01-01,AR,5040.89668
2023-01-01,AR,428.90349
2023-01-01,AR,58.268
2023-01-01,AR,1.028
2023-01-01,AR,3.11979
2023-01-01,AR,0.117
2023-01-01,AR,73.24667
2023-01-01,AR,5469.80017
2023-01-01,AR,487.17149
2023-01-01,AR,4.14779
2023-01-01,AR,73.36367
2023-01-01,AR,5528.06817
2023-01-01,AR,5605.57963
2023-01-01,IA,4839.03014
2023-01-01,IA,988.00102
2023-01-01,IA,0.0
2023-01-01,IA,0.34
2023-01-01,IA,11.72877
2023-01-01,IA,0.00298
2023-01-01,IA,156.91035
2023-01-01,IA,5827.03116
2023-01-01,IA,988.00102
2023-01-01,IA,12.06877
2023-01-01,IA,156.91333
2023-01-01,IA,5827.03116
2023-01-01,IA,5996.01326
2023-01-01,IL,392.38768
2023-01-01,IL,15010.15812
2023-01-01,IL,52.20074
2023-01-01,IL,0.22142
2023-01-01,IL,42.12184
2023-01-01,IL,0.75682
2023-01-01,IL,200.77635
2023-01-01,IL,15402.5458
2023-01-01,IL,15062.35886
2023-01-01,IL,42.34326
2023-01-01,IL,201.53317
2023-01-01,IL,15454.74654
2023-01-01,IL,15698.62297
2023-01-01,IN,4897.00085
2023-01-01,IN,2285.98889
2023-01-01,IN,530.48181
2023-01-01,IN,0.541
2023-01-01,IN,17.23537
2023-01-01,IN,50.95912
2023-01-01,IN,365.28932
2023-01-01,IN,7182.98974
2023-01-01,IN,2816.4707
2023-01-01,IN,17.77637
2023-01-01,IN,416.24844
2023-01-01,IN,7713.47155
2023-01-01,IN,8147.49636
2023-01-01,KY,5399.85994
2023-01-01,KY,13.15879
2023-01-01,KY,0.042
2023-01-01,KY,36.86712
2023-01-01,KY,5413.01872
2023-01-01,KY,13.15879
2023-01-01,KY,0.042
2023-01-01,KY,36.86712
2023-01-01,KY,5413.01872
2023-01-01,KY,5449.92784
2023-01-01,LA,4189.64264
2023-01-01,LA,108.5915
2023-01-01,LA,215.097
2023-01-01,LA,7.71581
2023-01-01,LA,31.3192
2023-01-01,LA,2550.38886
2023-01-01,LA,4298.23414
2023-01-01,LA,323.6885
2023-01-01,LA,0.5402
2023-01-01,LA,7.71581
2023-01-01,LA,2581.70806
2023-01-01,LA,4513.33114
2023-01-01,LA,7102.755
2023-01-01,MI,8133.5193
2023-01-01,MI,1049.64187
2023-01-01,MI,1404.85104
2023-01-01,MI,9.48177
2023-01-01,MI,54.80036
2023-01-01,MI,
2023-01-01,MI,117.82614
2023-01-01,MI,9183.16116
2023-01-01,MI,2454.49291
2023-01-01,MI,0.02381
2023-01-01,MI,64.28213
2023-01-01,MI,118.70057
2023-01-01,MI,10588.0122
2023-01-01,MI,10770.99491
2023-01-01,MN,3913.68612
2023-01-01,MN,1080.93671
2023-01-01,MN,91.77886
2023-01-01,MN,1.3002
2023-01-01,MN,19.61533
2023-01-01,MN,3.887
2023-01-01,MN,98.09491
2023-01-01,MN,4994.62283
2023-01-01,MN,1172.71557
2023-01-01,MN,20.91553
2023-01-01,MN,101.98191
2023-01-01,MN,5086.40169
2023-01-01,MN,5209.29914
2023-01-01,MO,5766.32959
2023-01-01,MO,572.46312
2023-01-01,MO,16.63616
2023-01-01,MO,0.002
2023-01-01,MO,14.696
2023-01-01,MO,5.83
2023-01-01,MO,6338.79271
2023-01-01,MO,589.09928
2023-01-01,MO,14.698
2023-01-01,MO,5.83
2023-01-01,MO,6355.42887
2023-01-01,MO,6375.95687
2023-01-01,MS,5611.68987
2023-01-01,MS,282.22665
2023-01-01,MS,0.0
2023-01-01,MS,142.78363
2023-01-01,MS,5893.91652
2023-01-01,MS,282.22665
2023-01-01,MS,0.0
2023-01-01,MS,142.78363
2023-01-01,MS,5893.91652
2023-01-01,MS,6036.70015
2023-01-01,MT,926.9687
2023-01-01,MT,1365.139
2023-01-01,MT,44.227
2023-01-01,MT,0.0
2023-01-01,MT,2.25073
2023-01-01,MT,2292.1077
2023-01-01,MT,1409.366
2023-01-01,MT,2.25073
2023-01-01,MT,2336.3347
2023-01-01,MT,2338.58543
2023-01-01,ND,3090.01543
2023-01-01,ND,646.952
2023-01-01,ND,0.014
2023-01-01,ND,17.72871
2023-01-01,ND,3736.96743
2023-01-01,ND,646.952
2023-01-01,ND,0.014
2023-01-01,ND,17.72871
2023-01-01,ND,3736.96743
2023-01-01,ND,3754.71014
2023-01-01,SD,496.95242
2023-01-01,SD,631.277
2023-01-01,SD,
2023-01-01,SD,4.18422
2023-01-01,SD,1128.22942
2023-01-01,SD,631.277
2023-01-01,SD,
2023-01-01,SD,4.18422
2023-01-01,SD,1128.22942
2023-01-01,SD,1132.41497
2023-01-01,TX,6225.58346
2023-01-01,TX,28593.30658
2023-01-01,TX,3376.28824
2023-01-01,TX,6.19188
2023-01-01,TX,37.38765
2023-01-01,TX,125.15772
2023-01-01,TX,3156.75074
2023-01-01,TX,34818.89004
2023-01-01,TX,31969.59482
2023-01-01,TX,118.7557
2023-01-01,TX,43.57953
2023-01-01,TX,3281.90846
2023-01-01,TX,38195.17828
2023-01-01,TX,41520.66627
2023-01-01,WI,4312.69651
2023-01-01,WI,981.50327
2023-01-01,WI,2.07233
2023-01-01,WI,1.48805
2023-01-01,WI,8.98473
2023-01-01,WI,2.778
2023-01-01,WI,122.28152
2023-01-01,WI,5294.19978
2023-01-01,WI,983.5756
2023-01-01,WI,10.47278
2023-01-01,WI,125.05952
2023-01-01,WI,5296.27211
2023-01-01,WI,5431.8044
2023-02-01,AR,4001.34678
2023-02-01,AR,302.16841
2023-02-01,AR,107.197
2023-02-01,AR,0.818
2023-02-01,AR,2.82359
2023-02-01,AR,0.108
2023-02-01,AR,79.06194
2023-02-01,AR,4303.51519
2023-02-01,AR,409.36541
2023-02-01,AR,3.64159
2023-02-01,AR,79.16994
2023-02-01,AR,4410.71219
2023-02-01,AR,4493.52372
2023-02-01,IA,4532.36158
2023-02-01,IA,1187.34591
2023-02-01,IA,0.0
2023-02-01,IA,0.469
2023-02-01,IA,16.44149
2023-02-01,IA,0.00795
2023-02-01,IA,130.74736
2023-02-01,IA,5719.70749
2023-02-01,IA,1187.34591
2023-02-01,IA,16.91049
2023-02-01,IA,130.75532
2023-02-01,IA,5719.70749
2023-02-01,IA,5867.3733
2023-02-01,IL,261.5518
2023-02-01,IL,13577.61813
2023-02-01,IL,47.13263
2023-02-01,IL,0.19567
2023-02-01,IL,38.00957
2023-02-01,IL,0.78228
2023-02-01,IL,179.01717
2023-02-01,IL,13839.16993
2023-02-01,IL,13624.75076
2023-02-01,IL,38.20524
2023-02-01,IL,179.79945
2023-02-01,IL,13886.30256
2023-02-01,IL,14104.30725
2023-02-01,IN,4258.435
2023-02-01,IN,2245.62096
2023-02-01,IN,577.63528
2023-02-01,IN,0.548
2023-02-01,IN,19.23512
2023-02-01,IN,46.54553
2023-02-01,IN,359.84684
2023-02-01,IN,6504.05596
2023-02-01,IN,2823.25624
2023-02-01,IN,19.78312
2023-02-01,IN,406.39237
2023-02-01,IN,7081.69124
2023-02-01,IN,7507.86672
2023-02-01,KY,4575.41802
2023-02-01,KY,34.42469
2023-02-01,KY,0.092
2023-02-01,KY,50.76633
2023-02-01,KY,4609.84271
2023-02-01,KY,34.42469
2023-02-01,KY,0.092
2023-02-01,KY,50.76633
2023-02-01,KY,4609.84271
2023-02-01,KY,4660.70104
2023-02-01,LA,4287.84044
2023-02-01,LA,98.63124
2023-02-01,LA,235.367
2023-02-01,LA,3.54769
2023-02-01,LA,29.37069
2023-02-01,LA,2300.7564
2023-02-01,LA,4386.47168
2023-02-01,LA,333.99824
2023-02-01,LA,0.57769
2023-02-01,LA,3.54769
2023-02-01,LA,2330.12709
2023-02-01,LA,4621.83868
2023-02-01,LA,6955.51345
2023-02-01,MI,6497.88938
2023-02-01,MI,1268.17699
2023-02-01,MI,1270.58274
2023-02-01,MI,7.32131
2023-02-01,MI,51.40465
2023-02-01,MI,
2023-02-01,MI,101.99021
2023-02-01,MI,7766.06637
2023-02-01,MI,2538.75973
2023-02-01,MI,0.02328
2023-02-01,MI,58.72596
2023-02-01,MI,102.7989
2023-02-01,MI,9036.64911
2023-02-01,MI,9198.17396
2023-02-01,MN,2960.34629
2023-02-01,MN,1129.35166
2023-02-01,MN,60.52643
2023-02-01,MN,2.10319
2023-02-01,MN,16.61735
2023-02-01,MN,3.435
2023-02-01,MN,85.64874
2023-02-01,MN,4089.69795
2023-02-01,MN,1189.87809
2023-02-01,MN,18.72054
2023-02-01,MN,89.08374
2023-02-01,MN,4150.22438
2023-02-01,MN,4258.02865
2023-02-01,MO,3943.7817
2023-02-01,MO,538.95269
2023-02-01,MO,16.74122
2023-02-01,MO,0.001
2023-02-01,MO,14.181
2023-02-01,MO,4.344
2023-02-01,MO,4482.73439
2023-02-01,MO,555.69391
2023-02-01,MO,14.182
2023-02-01,MO,4.344
2023-02-01,MO,4499.47561
2023-02-01,MO,4518.00161
2023-02-01,MS,4883.6596
2023-02-01,MS,127.25598
2023-02-01,MS,0.0
2023-02-01,MS,145.24243
2023-02-01,MS,5010.91558
2023-02-01,MS,127.25598
2023-02-01,MS,0.0
2023-02-01,MS,145.24243
2023-02-01,MS,5010.91558
2023-02-01,MS,5156.15801
2023-02-01,MT,844.11184
2023-02-01,MT,1503.089
2023-02-01,MT,40.115
2023-02-01,MT,0.0
2023-02-01,MT,1.94175
2023-02-01,MT,2347.20084
2023-02-01,MT,1543.204
2023-02-01,MT,1.94175
2023-02-01,MT,2387.31584
2023-02-01,MT,2389.25759
2023-02-01,ND,2830.7006
2023-02-01,ND,974.997
2023-02-01,ND,0.012
2023-02-01,ND,14.86695
2023-02-01,ND,3805.6976
2023-02-01,ND,974.997
2023-02-01,ND,0.012
2023-02-01,ND,14.86695
2023-02-01,ND,3805.6976
2023-02-01,ND,3820.57656
2023-02-01,SD,516.51588
2023-02-01,SD,827.334
2023-02-01,SD,
2023-02-01,SD,3.17729
2023-02-01,SD,1343.84988
2023-02-01,SD,827.334
2023-02-01,SD,
2023-02-01,SD,3.17729
2023-02-01,SD,1343.84988
2023-02-01,SD,1347.02833
2023-02-01,TX,5411.04206
2023-02-01,TX,26215.11613
2023-02-01,TX,3196.92077
2023-02-01,TX,6.99549
2023-02-01,TX,32.87114
2023-02-01,TX,90.65989
2023-02-01,TX,3198.9565
2023-02-01,TX,31626.1582
2023-02-01,TX,29412.0369
2023-02-01,TX,76.88686
2023-02-01,TX,39.86663
2023-02-01,TX,3289.61639
2023-02-01,TX,34823.07896
2023-02-01,TX,38152.56198
2023-02-01,WI,3637.54834
2023-02-01,WI,916.7313
2023-02-01,WI,1.78501
2023-02-01,WI,2.96445
2023-02-01,WI,9.90049
2023-02-01,WI,3.279
2023-02-01,WI,117.02557
2023-02-01,WI,4554.27964
2023-02-01,WI,918.51632
2023-02-01,WI,12.86494
2023-02-01,WI,120.30457
2023-02-01,WI,4556.06466
2023-02-01,WI,4689.23417
2023-03-01,AR,4217.13168
2023-03-01,AR,364.44344
2023-03-01,AR,101.946
2023-03-01,AR,1.109
2023-03-01,AR,2.90939
2023-03-01,AR,0.248
2023-03-01,AR,69.99716
2023-03-01,AR,4581.57513
2023-03-01,AR,466.38944
2023-03-01,AR,4.01839
2023-03-01,AR,70.24516
2023-03-01,AR,4683.52113
2023-03-01,AR,4757.78468
2023-03-01,IA,5301.06492
2023-03-01,IA,1230.05224
2023-03-01,IA,0.0
2023-03-01,IA,0.266
2023-03-01,IA,11.27864
2023-03-01,IA,0.00876
2023-03-01,IA,116.4215
2023-03-01,IA,6531.11716
2023-03-01,IA,1230.05224
2023-03-01,IA,11.54464
2023-03-01,IA,116.43027
2023-03-01,IA,6531.11716
2023-03-01,IA,6659.09207
2023-03-01,IL,280.40151
2023-03-01,IL,13759.07541
2023-03-01,IL,50.6341
2023-03-01,IL,0.33661
2023-03-01,IL,35.40897
2023-03-01,IL,0.963
2023-03-01,IL,191.26716
2023-03-01,IL,14039.47692
2023-03-01,IL,13809.70951
2023-03-01,IL,35.74558
2023-03-01,IL,192.23016
2023-03-01,IL,14090.11102
2023-03-01,IL,14318.08675
2023-03-01,IN,4264.909
2023-03-01,IN,2227.04118
2023-03-01,IN,634.34041
2023-03-01,IN,0.678
2023-03-01,IN,18.36483
2023-03-01,IN,44.75723
2023-03-01,IN,395.2535
2023-03-01,IN,6491.95018
2023-03-01,IN,2861.38159
2023-03-01,IN,19.04283
2023-03-01,IN,440.01073
2023-03-01,IN,7126.29059
2023-03-01,IN,7585.34415
2023-03-01,KY,4928.56461
2023-03-01,KY,23.39379
2023-03-01,KY,0.106
2023-03-01,KY,50.29445
2023-03-01,KY,4951.95839
2023-03-01,KY,23.39379
2023-03-01,KY,0.106
2023-03-01,KY,50.29445
2023-03-01,KY,4951.95839
2023-03-01,KY,5002.35884
2023-03-01,LA,4200.54379
2023-03-01,LA,202.50007
2023-03-01,LA,275.805
2023-03-01,LA,3.63112
2023-03-01,LA,23.42411
2023-03-01,LA,2322.75316
2023-03-01,LA,4403.04386
2023-03-01,LA,478.30507
2023-03-01,LA,0.60311
2023-03-01,LA,3.63112
2023-03-01,LA,2346.17727
2023-03-01,LA,4678.84886
2023-03-01,LA,7028.65724
2023-03-01,MI,7270.55074
2023-03-01,MI,975.81065
2023-03-01,MI,1556.18211
2023-03-01,MI,8.52301
2023-03-01,MI,54.51409
2023-03-01,MI,
2023-03-01,MI,113.25067
2023-03-01,MI,8246.36139
2023-03-01,MI,2531.99276
2023-03-01,MI,0.02599
2023-03-01,MI,63.03709
2023-03-01,MI,114.03382
2023-03-01,MI,9802.54351
2023-03-01,MI,9979.61442
2023-03-01,MN,3361.09612
2023-03-01,MN,1258.10267
2023-03-01,MN,117.75154
2023-03-01,MN,1.80519
2023-03-01,MN,14.19841
2023-03-01,MN,2.645
2023-03-01,MN,115.54897
2023-03-01,MN,4619.1988
2023-03-01,MN,1375.85421
2023-03-01,MN,16.0036
2023-03-01,MN,118.19397
2023-03-01,MN,4736.95033
2023-03-01,MN,4871.1479
2023-03-01,MO,4118.24713
2023-03-01,MO,684.22853
2023-03-01,MO,16.04453
2023-03-01,MO,0.002
2023-03-01,MO,15.113
2023-03-01,MO,4.872
2023-03-01,MO,4802.47566
2023-03-01,MO,700.27306
2023-03-01,MO,15.115
2023-03-01,MO,4.872
2023-03-01,MO,4818.52018
2023-03-01,MO,4838.50718
2023-03-01,MS,5509.25764
2023-03-01,MS,324.89868
2023-03-01,MS,0.0
2023-03-01,MS,171.35629
2023-03-01,MS,5834.15631
2023-03-01,MS,324.89868
2023-03-01,MS,0.0
2023-03-01,MS,171.35629
2023-03-01,MS,5834.15631
2023-03-01,MS,6005.51261
2023-03-01,MT,729.91915
2023-03-01,MT,1455.829
2023-03-01,MT,44.02
2023-03-01,MT,0.0
2023-03-01,MT,2.16528
2023-03-01,MT,2185.74815
2023-03-01,MT,1499.849
2023-03-01,MT,2.16528
2023-03-01,MT,2229.76815
2023-03-01,MT,2231.93343
2023-03-01,ND,2657.63501
2023-03-01,ND,946.535
2023-03-01,ND,0.008
2023-03-01,ND,15.36315
2023-03-01,ND,3604.17001
2023-03-01,ND,946.535
2023-03-01,ND,0.008
2023-03-01,ND,15.36315
2023-03-01,ND,3604.17001
2023-03-01,ND,3619.54116
2023-03-01,SD,723.90129
2023-03-01,SD,759.046
2023-03-01,SD,
2023-03-01,SD,4.6993
2023-03-01,SD,1482.94729
2023-03-01,SD,759.046
2023-03-01,SD,
2023-03-01,SD,4.6993
2023-03-01,SD,1482.94729
2023-03-01,SD,1487.64785
2023-03-01,TX,5160.43089
2023-03-01,TX,27900.63245
2023-03-01,TX,3360.94666
2023-03-01,TX,7.13487
2023-03-01,TX,38.37619
2023-03-01,TX,175.23946
2023-03-01,TX,3405.7801
2023-03-01,TX,33061.06334
2023-03-01,TX,31261.57911
2023-03-01,TX,128.56213
2023-03-01,TX,45.51105
2023-03-01,TX,3581.01955
2023-03-01,TX,36422.01
2023-03-01,TX,40048.54061
2023-03-01,WI,3904.04454
2023-03-01,WI,689.23445
2023-03-01,WI,1.60565
2023-03-01,WI,2.38469
2023-03-01,WI,7.61016
2023-03-01,WI,4.113
2023-03-01,WI,129.67033
2023-03-01,WI,4593.27898
2023-03-01,WI,690.8401
2023-03-01,WI,9.99484
2023-03-01,WI,133.78333
2023-03-01,WI,4594.88463
2023-03-01,WI,4738.6628
2023-04-01,AR,3419.42068
2023-04-01,AR,117.30853
2023-04-01,AR,79.072
2023-04-01,AR,2.217
2023-04-01,AR,2.50279
2023-04-01,AR,0.3
2023-04-01,AR,53.34971
2023-04-01,AR,3536.72921
2023-04-01,AR,196.38053
2023-04-01,AR,4.71979
2023-04-01,AR,53.64971
2023-04-01,AR,3615.80121
2023-04-01,AR,3674.1707
2023-04-01,IA,4532.83708
2023-04-01,IA,1348.89637
2023-04-01,IA,0.0
2023-04-01,IA,0.0
2023-04-01,IA,9.11345
2023-04-01,IA,0.01523
2023-04-01,IA,118.15398
2023-04-01,IA,5881.73344
2023-04-01,IA,1348.89637
2023-04-01,IA,9.11345
2023-04-01,IA,118.1692
2023-04-01,IA,5881.73344
2023-04-01,IA,6009.01609
2023-04-01,IL,54.30862
2023-04-01,IL,12404.72544
2023-04-01,IL,47.4746
2023-04-01,IL,0.33926
2023-04-01,IL,22.27272
2023-04-01,IL,0.8661
2023-04-01,IL,173.17519
2023-04-01,IL,12459.03406
2023-04-01,IL,12452.20005
2023-04-01,IL,22.61199
2023-04-01,IL,174.04129
2023-04-01,IL,12506.50867
2023-04-01,IL,12703.16194
2023-04-01,IN,3575.96497
2023-04-01,IN,1662.46198
2023-04-01,IN,501.44398
2023-04-01,IN,1.009
2023-04-01,IN,22.26264
2023-04-01,IN,50.00913
2023-04-01,IN,366.60413
2023-04-01,IN,5238.42695
2023-04-01,IN,2163.90596
2023-04-01,IN,23.27164
2023-04-01,IN,416.61326
2023-04-01,IN,5739.87093
2023-04-01,IN,6179.75584
2023-04-01,KY,4110.17832
2023-04-01,KY,39.40744
2023-04-01,KY,0.141
2023-04-01,KY,44.13096
2023-04-01,KY,4149.58576
2023-04-01,KY,39.40744
2023-04-01,KY,0.141
2023-04-01,KY,44.13096
2023-04-01,KY,4149.58576
2023-04-01,KY,4193.85772
2023-04-01,LA,4043.97872
2023-04-01,LA,242.65345
2023-04-01,LA,307.435
2023-04-01,LA,3.22795
2023-04-01,LA,22.06588
2023-04-01,LA,2067.58891
2023-04-01,LA,4286.63217
2023-04-01,LA,550.08845
2023-04-01,LA,0.89508
2023-04-01,LA,3.22795
2023-04-01,LA,2089.65479
2023-04-01,LA,4594.06717
2023-04-01,LA,6686.94992
2023-04-01,MI,6574.86796
2023-04-01,MI,1394.3839
2023-04-01,MI,1259.28264
2023-04-01,MI,5.59419
2023-04-01,MI,48.95713
2023-04-01,MI,
2023-04-01,MI,85.86286
2023-04-01,MI,7969.25186
2023-04-01,MI,2653.66654
2023-04-01,MI,0.02525
2023-04-01,MI,54.55133
2023-04-01,MI,86.58828
2023-04-01,MI,9228.5345
2023-04-01,MI,9369.67411
2023-04-01,MN,2839.35114
2023-04-01,MN,1142.37242
2023-04-01,MN,108.03426
2023-04-01,MN,2.63068
2023-04-01,MN,16.36814
2023-04-01,MN,4.556
2023-04-01,MN,74.08171
2023-04-01,MN,3981.72356
2023-04-01,MN,1250.40668
2023-04-01,MN,18.99881
2023-04-01,MN,78.63771
2023-04-01,MN,4089.75782
2023-04-01,MN,4187.39434
2023-04-01,MO,4105.13596
2023-04-01,MO,692.13228
2023-04-01,MO,13.99746
2023-04-01,MO,0.009
2023-04-01,MO,14.26496
2023-04-01,MO,3.811
2023-04-01,MO,4797.26824
2023-04-01,MO,706.12974
2023-04-01,MO,14.27396
2023-04-01,MO,3.811
2023-04-01,MO,4811.2657
2023-04-01,MO,4829.35066
2023-04-01,MS,5071.38294
2023-04-01,MS,318.77041
2023-04-01,MS,0.0
2023-04-01,MS,163.41886
2023-04-01,MS,5390.15335
2023-04-01,MS,318.77041
2023-04-01,MS,0.0
2023-04-01,MS,163.41886
2023-04-01,MS,5390.15335
2023-04-01,MS,5553.57221
2023-04-01,MT,801.60549
2023-04-01,MT,1312.595
2023-04-01,MT,42.627
2023-04-01,MT,0.0
2023-04-01,MT,1.60205
2023-04-01,MT,2114.20049
2023-04-01,MT,1355.222
2023-04-01,MT,1.60205
2023-04-01,MT,2156.82749
2023-04-01,MT,2158.42954
2023-04-01,ND,2152.30835
2023-04-01,ND,988.409
2023-04-01,ND,0.006
2023-04-01,ND,13.91849
2023-04-01,ND,3140.71735
2023-04-01,ND,988.409
2023-04-01,ND,0.006
2023-04-01,ND,13.91849
2023-04-01,ND,3140.71735
2023-04-01,ND,3154.64184
2023-04-01,SD,532.1841
2023-04-01,SD,798.186
2023-04-01,SD,
2023-04-01,SD,3.069
2023-04-01,SD,1330.3701
2023-04-01,SD,798.186
2023-04-01,SD,
2023-04-01,SD,3.069
2023-04-01,SD,1330.3701
2023-04-01,SD,1333.44043
2023-04-01,TX,4871.89537
2023-04-01,TX,27335.74195
2023-04-01,TX,2906.24759
2023-04-01,TX,7.03157
2023-04-01,TX,40.07285
2023-04-01,TX,166.82492
2023-04-01,TX,2796.1253
2023-04-01,TX,32207.63733
2023-04-01,TX,30241.98954
2023-04-01,TX,121.77293
2023-04-01,TX,47.10442
2023-04-01,TX,2962.95023
2023-04-01,TX,35113.88491
2023-04-01,TX,38123.93956
2023-04-01,WI,2859.94879
2023-04-01,WI,914.80321
2023-04-01,WI,1.88899
2023-04-01,WI,3.08954
2023-04-01,WI,7.26747
2023-04-01,WI,2.499
2023-04-01,WI,100.95074
2023-04-01,WI,3774.75199
2023-04-01,WI,916.69219
2023-04-01,WI,10.35701
2023-04-01,WI,103.44974
2023-04-01,WI,3776.64098
2023-04-01,WI,3890.44773
2023-05-01,AR,4858.75455
2023-05-01,AR,382.18376
2023-05-01,AR,80.568
2023-05-01,AR,1.672
2023-05-01,AR,3.51571
2023-05-01,AR,0.355
2023-05-01,AR,75.979
2023-05-01,AR,5240.93831
2023-05-01,AR,462.75176
2023-05-01,AR,5.18771
2023-05-01,AR,76.334
2023-05-01,AR,5321.50631
2023-05-01,AR,5403.02803
2023-05-01,IA,4538.94853
2023-05-01,IA,1018.99507
2023-05-01,IA,0.0
2023-05-01,IA,0.0
2023-05-01,IA,9.70694
2023-05-01,IA,0.0081
2023-05-01,IA,171.7934
2023-05-01,IA,5557.94359
2023-05-01,IA,1018.99507
2023-05-01,IA,9.70694
2023-05-01,IA,171.8015
2023-05-01,IA,5557.94359
2023-05-01,IA,5739.45203
2023-05-01,IL,320.24547
2023-05-01,IL,12572.87846
2023-05-01,IL,51.37346
2023-05-01,IL,0.26869
2023-05-01,IL,30.38855
2023-05-01,IL,0.80626
2023-05-01,IL,199.46139
2023-05-01,IL,12893.12393
2023-05-01,IL,12624.25192
2023-05-01,IL,30.65724
2023-05-01,IL,200.26765
2023-05-01,IL,12944.49739
2023-05-01,IL,13175.42227
2023-05-01,IN,3850.31849
2023-05-01,IN,1434.80636
2023-05-01,IN,621.05516
2023-05-01,IN,1.025
2023-05-01,IN,22.13299
2023-05-01,IN,51.92818
2023-05-01,IN,330.75844
2023-05-01,IN,5285.12485
2023-05-01,IN,2055.86152
2023-05-01,IN,23.15799
2023-05-01,IN,382.68662
2023-05-01,IN,5906.18001
2023-05-01,IN,6312.02463
2023-05-01,KY,4876.52792
2023-05-01,KY,52.51779
2023-05-01,KY,0.171
2023-05-01,KY,47.18796
2023-05-01,KY,4929.04571
2023-05-01,KY,52.51779
2023-05-01,KY,0.171
2023-05-01,KY,47.18796
2023-05-01,KY,4929.04571
2023-05-01,KY,4976.40467
2023-05-01,LA,4954.54231
2023-05-01,LA,406.7612
2023-05-01,LA,313.438
2023-05-01,LA,3.90762
2023-05-01,LA,40.00333
2023-05-01,LA,2416.69584
2023-05-01,LA,5361.30352
2023-05-01,LA,720.1992
2023-05-01,LA,1.21252
2023-05-01,LA,3.90762
2023-05-01,LA,2456.69917
2023-05-01,LA,5674.74152
2023-05-01,LA,8135.34831
2023-05-01,MI,6406.13741
2023-05-01,MI,1137.35803
2023-05-01,MI,1248.26786
2023-05-01,MI,6.8678
2023-05-01,MI,50.57056
2023-05-01,MI,
2023-05-01,MI,84.65529
2023-05-01,MI,7543.49544
2023-05-01,MI,2385.6259
2023-05-01,MI,0.02317
2023-05-01,MI,57.43836
2023-05-01,MI,85.74987
2023-05-01,MI,8791.7633
2023-05-01,MI,8934.95154
2023-05-01,MN,2746.25543
2023-05-01,MN,1184.1246
2023-05-01,MN,85.91193
2023-05-01,MN,1.69972
2023-05-01,MN,15.23817
2023-05-01,MN,4.205
2023-05-01,MN,92.62962
2023-05-01,MN,3930.38003
2023-05-01,MN,1270.03654
2023-05-01,MN,16.93789
2023-05-01,MN,96.83462
2023-05-01,MN,4016.29197
2023-05-01,MN,4130.06447
2023-05-01,MO,4542.12805
2023-05-01,MO,346.3969
2023-05-01,MO,17.57516
2023-05-01,MO,0.003
2023-05-01,MO,14.80135
2023-05-01,MO,2.917
2023-05-01,MO,4888.52495
2023-05-01,MO,363.97206
2023-05-01,MO,14.80435
2023-05-01,MO,2.917
2023-05-01,MO,4906.10011
2023-05-01,MO,4923.82146
2023-05-01,MS,5126.85493
2023-05-01,MS,301.11782
2023-05-01,MS,0.0
2023-05-01,MS,162.56515
2023-05-01,MS,5427.97276
2023-05-01,MS,301.11782
2023-05-01,MS,0.0
2023-05-01,MS,162.56515
2023-05-01,MS,5427.97276
2023-05-01,MS,5590.53791
2023-05-01,MT,1302.47121
2023-05-01,MT,814.042
2023-05-01,MT,43.512
2023-05-01,MT,0.0
2023-05-01,MT,1.95401
2023-05-01,MT,2116.51321
2023-05-01,MT,857.554
2023-05-01,MT,1.95401
2023-05-01,MT,2160.02521
2023-05-01,MT,2161.97922
2023-05-01,ND,2241.80958
2023-05-01,ND,741.018
2023-05-01,ND,0.01
2023-05-01,ND,14.48399
2023-05-01,ND,2982.82758
2023-05-01,ND,741.018
2023-05-01,ND,0.01
2023-05-01,ND,14.48399
2023-05-01,ND,2982.82758
2023-05-01,ND,2997.32157
2023-05-01,SD,748.15437
2023-05-01,SD,675.242
2023-05-01,SD,
2023-05-01,SD,4.4469
2023-05-01,SD,1423.39637
2023-05-01,SD,675.242
2023-05-01,SD,
2023-05-01,SD,4.4469
2023-05-01,SD,1423.39637
2023-05-01,SD,1427.84454
2023-05-01,TX,7029.36667
2023-05-01,TX,30697.79587
2023-05-01,TX,3430.65685
2023-05-01,TX,6.99341
2023-05-01,TX,47.03203
2023-05-01,TX,167.03956
2023-05-01,TX,3164.63054
2023-05-01,TX,37727.16254
2023-05-01,TX,34128.45272
2023-05-01,TX,138.73019
2023-05-01,TX,54.02544
2023-05-01,TX,3331.6701
2023-05-01,TX,41157.81939
2023-05-01,TX,44543.51493
2023-05-01,WI,3332.97422
2023-05-01,WI,1015.3499
2023-05-01,WI,1.76761
2023-05-01,WI,1.99571
2023-05-01,WI,6.41202
2023-05-01,WI,3.579
2023-05-01,WI,116.41705
2023-05-01,WI,4348.32413
2023-05-01,WI,1017.11751
2023-05-01,WI,8.40773
2023-05-01,WI,119.99605
2023-05-01,WI,4350.09174
2023-05-01,WI,4478.49552
2023-06-01,AR,5367.54989
2023-06-01,AR,393.06922
2023-06-01,AR,110.139
2023-06-01,AR,1.867
2023-06-01,AR,3.68679
2023-06-01,AR,0.335
2023-06-01,AR,73.23471
2023-06-01,AR,5760.61912
2023-06-01,AR,503.20822
2023-06-01,AR,5.55379
2023-06-01,AR,73.56971
2023-06-01,AR,5870.75812
2023-06-01,AR,5949.88161
2023-06-01,IA,4493.46261
2023-06-01,IA,593.41437
2023-06-01,IA,0.0
2023-06-01,IA,0.0
2023-06-01,IA,9.96958
2023-06-01,IA,0.0017
2023-06-01,IA,197.87095
2023-06-01,IA,5086.87698
2023-06-01,IA,593.41437
2023-06-01,IA,9.96958
2023-06-01,IA,197.87265
2023-06-01,IA,5086.87698
2023-06-01,IA,5294.71922
2023-06-01,IL,414.49444
2023-06-01,IL,14106.68299
2023-06-01,IL,44.28207
2023-06-01,IL,0.24973
2023-06-01,IL,36.99666
2023-06-01,IL,
2023-06-01,IL,215.28349
2023-06-01,IL,14521.17744
2023-06-01,IL,14150.96506
2023-06-01,IL,37.24639
2023-06-01,IL,216.11052
2023-06-01,IL,14565.45951
2023-06-01,IL,14818.81642
2023-06-01,IN,5042.94572
2023-06-01,IN,1890.75558
2023-06-01,IN,604.85402
2023-06-01,IN,0.586
2023-06-01,IN,18.30033
2023-06-01,IN,47.69481
2023-06-01,IN,349.3971
2023-06-01,IN,6933.7013
2023-06-01,IN,2495.6096
2023-06-01,IN,18.88633
2023-06-01,IN,397.09191
2023-06-01,IN,7538.55532
2023-06-01,IN,7954.53356
2023-06-01,KY,5180.81844
2023-06-01,KY,33.17278
2023-06-01,KY,0.159
2023-06-01,KY,48.35665
2023-06-01,KY,5213.99122
2023-06-01,KY,33.17278
2023-06-01,KY,0.159
2023-06-01,KY,48.35665
2023-06-01,KY,5213.99122
2023-06-01,KY,5262.50687
2023-06-01,LA,5978.19073
2023-06-01,LA,430.05219
2023-06-01,LA,305.051
2023-06-01,LA,4.29066
2023-06-01,LA,34.9689
2023-06-01,LA,2413.9996
2023-06-01,LA,6408.24291
2023-06-01,LA,735.10319
2023-06-01,LA,1.41577
2023-06-01,LA,4.29066
2023-06-01,LA,2448.9685
2023-06-01,LA,6713.29391
2023-06-01,LA,9166.55307
2023-06-01,MI,7273.59365
2023-06-01,MI,1126.63188
2023-06-01,MI,1173.37103
2023-06-01,MI,8.97872
2023-06-01,MI,51.8083
2023-06-01,MI,
2023-06-01,MI,99.88497
2023-06-01,MI,8400.22554
2023-06-01,MI,2300.00292
2023-06-01,MI,0.02653
2023-06-01,MI,60.78702
2023-06-01,MI,100.78213
2023-06-01,MI,9573.59657
2023-06-01,MI,9735.16572
2023-06-01,MN,3720.31456
2023-06-01,MN,1177.26911
2023-06-01,MN,119.14646
2023-06-01,MN,0.90701
2023-06-01,MN,18.68501
2023-06-01,MN,5.832
2023-06-01,MN,115.51851
2023-06-01,MN,4897.58367
2023-06-01,MN,1296.41557
2023-06-01,MN,19.59202
2023-06-01,MN,121.35051
2023-06-01,MN,5016.73013
2023-06-01,MN,5157.67266
2023-06-01,MO,5773.83707
2023-06-01,MO,458.9914
2023-06-01,MO,21.99446
2023-06-01,MO,0.002
2023-06-01,MO,16.4871
2023-06-01,MO,2.859
2023-06-01,MO,6232.82847
2023-06-01,MO,480.98586
2023-06-01,MO,16.4891
2023-06-01,MO,2.859
2023-06-01,MO,6254.82293
2023-06-01,MO,6274.17103
2023-06-01,MS,6155.23423
2023-06-01,MS,313.15799
2023-06-01,MS,0.0
2023-06-01,MS,164.03035
2023-06-01,MS,6468.39222
2023-06-01,MS,313.15799
2023-06-01,MS,0.0
2023-06-01,MS,164.03035
2023-06-01,MS,6468.39222
2023-06-01,MS,6632.42257
2023-06-01,MT,1086.37034
2023-06-01,MT,959.584
2023-06-01,MT,28.587
2023-06-01,MT,0.0
2023-06-01,MT,2.2899
2023-06-01,MT,2045.95434
2023-06-01,MT,988.171
2023-06-01,MT,2.2899
2023-06-01,MT,2074.54134
2023-06-01,MT,2076.83123
2023-06-01,ND,2523.0862
2023-06-01,ND,480.422
2023-06-01,ND,0.002
2023-06-01,ND,10.27806
2023-06-01,ND,3003.5082
2023-06-01,ND,480.422
2023-06-01,ND,0.002
2023-06-01,ND,10.27806
2023-06-01,ND,3003.5082
2023-06-01,ND,3013.78826
2023-06-01,SD,791.71419
2023-06-01,SD,414.498
2023-06-01,SD,
2023-06-01,SD,6.25492
2023-06-01,SD,1206.21219
2023-06-01,SD,414.498
2023-06-01,SD,
2023-06-01,SD,6.25492
2023-06-01,SD,1206.21219
2023-06-01,SD,1212.46831
2023-06-01,TX,8875.69512
2023-06-01,TX,35118.10402
2023-06-01,TX,3784.20975
2023-06-01,TX,5.42314
2023-06-01,TX,73.8553
2023-06-01,TX,159.13857
2023-06-01,TX,3594.40154
2023-06-01,TX,43993.79914
2023-06-01,TX,38902.31377
2023-06-01,TX,154.79092
2023-06-01,TX,79.27844
2023-06-01,TX,3753.54011
2023-06-01,TX,47778.00889
2023-06-01,TX,51610.82744
2023-06-01,WI,4430.44924
2023-06-01,WI,957.84111
2023-06-01,WI,1.83938
2023-06-01,WI,1.3621
2023-06-01,WI,9.26537
2023-06-01,WI,2.051
2023-06-01,WI,111.20158
2023-06-01,WI,5388.29035
2023-06-01,WI,959.68049
2023-06-01,WI,10.62746
2023-06-01,WI,113.25258
2023-06-01,WI,5390.12973
2023-06-01,WI,5514.00977
2023-07-01,AR,6327.29646
2023-07-01,AR,410.85439
2023-07-01,AR,125.198
2023-07-01,AR,2.119
2023-07-01,AR,4.12814
2023-07-01,AR,0.354
2023-07-01,AR,73.39589
2023-07-01,AR,6738.15085
2023-07-01,AR,536.05239
2023-07-01,AR,6.24714
2023-07-01,AR,73.74989
2023-07-01,AR,6863.34885
2023-07-01,AR,6943.34588
2023-07-01,IA,4820.69542
2023-07-01,IA,490.47808
2023-07-01,IA,0.0
2023-07-01,IA,0.0
2023-07-01,IA,8.54514
2023-07-01,IA,0.01974
2023-07-01,IA,204.54217
2023-07-01,IA,5311.17351
2023-07-01,IA,490.47808
2023-07-01,IA,8.54514
2023-07-01,IA,204.56191
2023-07-01,IA,5311.17351
2023-07-01,IA,5524.28055
2023-07-01,IL,484.84079
2023-07-01,IL,15688.75672
2023-07-01,IL,10.501
2023-07-01,IL,0.29927
2023-07-01,IL,42.95856
2023-07-01,IL,
2023-07-01,IL,209.19032
2023-07-01,IL,16173.59751
2023-07-01,IL,15699.25773
2023-07-01,IL,43.25783
2023-07-01,IL,210.21967
2023-07-01,IL,16184.09852
2023-07-01,IL,16437.57602
2023-07-01,IN,5672.49839
2023-07-01,IN,1730.43931
2023-07-01,IN,646.67825
2023-07-01,IN,0.674
2023-07-01,IN,21.19191
2023-07-01,IN,50.65598
2023-07-01,IN,375.19373
2023-07-01,IN,7402.93769
2023-07-01,IN,2377.11756
2023-07-01,IN,21.86591
2023-07-01,IN,425.84971
2023-07-01,IN,8049.61595
2023-07-01,IN,8497.33156
2023-07-01,KY,6715.42521
2023-07-01,KY,95.68102
2023-07-01,KY,0.157
2023-07-01,KY,44.9983
2023-07-01,KY,6811.10623
2023-07-01,KY,95.68102
2023-07-01,KY,0.157
2023-07-01,KY,44.9983
2023-07-01,KY,6811.10623
2023-07-01,KY,6856.26153
2023-07-01,LA,6880.09091
2023-07-01,LA,483.06329
2023-07-01,LA,312.938
2023-07-01,LA,4.48
2023-07-01,LA,27.69942
2023-07-01,LA,2479.0678
2023-07-01,LA,7363.1542
2023-07-01,LA,796.00129
2023-07-01,LA,1.69719
2023-07-01,LA,4.48
2023-07-01,LA,2506.76722
2023-07-01,LA,7676.0922
2023-07-01,LA,10187.33942
2023-07-01,MI,8209.05508
2023-07-01,MI,1219.52063
2023-07-01,MI,1492.66313
2023-07-01,MI,8.58271
2023-07-01,MI,53.45821
2023-07-01,MI,
2023-07-01,MI,108.07482
2023-07-01,MI,9428.57571
2023-07-01,MI,2712.18376
2023-07-01,MI,0.03229
2023-07-01,MI,62.04092
2023-07-01,MI,108.88442
2023-07-01,MI,10921.23884
2023-07-01,MI,11092.16418
2023-07-01,MN,4196.78718
2023-07-01,MN,1138.04507
2023-07-01,MN,149.40612
2023-07-01,MN,0.87706
2023-07-01,MN,20.73235
2023-07-01,MN,3.564
2023-07-01,MN,105.17914
2023-07-01,MN,5334.83225
2023-07-01,MN,1287.4512
2023-07-01,MN,21.60941
2023-07-01,MN,108.74314
2023-07-01,MN,5484.23837
2023-07-01,MN,5614.59092
2023-07-01,MO,6282.34321
2023-07-01,MO,530.65033
2023-07-01,MO,25.57263
2023-07-01,MO,0.003
2023-07-01,MO,17.24582
2023-07-01,MO,3.026
2023-07-01,MO,6812.99355
2023-07-01,MO,556.22296
2023-07-01,MO,17.24882
2023-07-01,MO,3.026
2023-07-01,MO,6838.56618
2023-07-01,MO,6858.841
2023-07-01,MS,7138.12174
2023-07-01,MS,298.45181
2023-07-01,MS,0.0
2023-07-01,MS,172.83818
2023-07-01,MS,7436.57355
2023-07-01,MS,298.45181
2023-07-01,MS,0.0
2023-07-01,MS,172.83818
2023-07-01,MS,7436.57355
2023-07-01,MS,7609.41173
2023-07-01,MT,926.8603
2023-07-01,MT,1387.024
2023-07-01,MT,40.78
2023-07-01,MT,0.0
2023-07-01,MT,2.52919
2023-07-01,MT,2313.8843
2023-07-01,MT,1427.804
2023-07-01,MT,2.52919
2023-07-01,MT,2354.6643
2023-07-01,MT,2357.19349
2023-07-01,ND,3181.65785
2023-07-01,ND,573.108
2023-07-01,ND,0.0
2023-07-01,ND,7.21308
2023-07-01,ND,3754.76585
2023-07-01,ND,573.108
2023-07-01,ND,0.0
2023-07-01,ND,7.21308
2023-07-01,ND,3754.76585
2023-07-01,ND,3761.97893
2023-07-01,SD,1115.3567
2023-07-01,SD,445.71948
2023-07-01,SD,
2023-07-01,SD,6.97437
2023-07-01,SD,1561.07618
2023-07-01,SD,445.71948
2023-07-01,SD,
2023-07-01,SD,6.97437
2023-07-01,SD,1561.07618
2023-07-01,SD,1568.05169
2023-07-01,TX,10347.16372
2023-07-01,TX,39003.82443
2023-07-01,TX,3878.00862
2023-07-01,TX,3.13468
2023-07-01,TX,76.91159
2023-07-01,TX,191.83912
2023-07-01,TX,3781.34623
2023-07-01,TX,49350.98815
2023-07-01,TX,42881.83305
2023-07-01,TX,163.06831
2023-07-01,TX,80.04627
2023-07-01,TX,3973.18535
2023-07-01,TX,53228.99677
2023-07-01,TX,57282.22839
2023-07-01,WI,5645.85129
2023-07-01,WI,982.08291
2023-07-01,WI,1.80777
2023-07-01,WI,1.29606
2023-07-01,WI,9.70611
2023-07-01,WI,2.992
2023-07-01,WI,115.30105
2023-07-01,WI,6627.9342
2023-07-01,WI,983.89068
2023-07-01,WI,11.00217
2023-07-01,WI,118.29305
2023-07-01,WI,6629.74197
2023-07-01,WI,6759.03719
2023-08-01,AR,6394.94323
2023-08-01,AR,300.65952
2023-08-01,AR,122.748
2023-08-01,AR,1.556
2023-08-01,AR,4.09349
2023-08-01,AR,0.355
2023-08-01,AR,70.67652
2023-08-01,AR,6695.60276
2023-08-01,AR,423.40752
2023-08-01,AR,5.64949
2023-08-01,AR,71.03152
2023-08-01,AR,6818.35076
2023-08-01,AR,6895.03177
2023-08-01,IA,5079.46371
2023-08-01,IA,673.96105
2023-08-01,IA,0.0
2023-08-01,IA,0.0
2023-08-01,IA,9.75909
2023-08-01,IA,0.07341
2023-08-01,IA,197.05063
2023-08-01,IA,5753.42476
2023-08-01,IA,673.96105
2023-08-01,IA,9.75909
2023-08-01,IA,197.12404
2023-08-01,IA,5753.42476
2023-08-01,IA,5960.30788
2023-08-01,IL,447.48736
2023-08-01,IL,15798.09786
2023-08-01,IL,81.76464
2023-08-01,IL,0.23147
2023-08-01,IL,42.17948
2023-08-01,IL,
2023-08-01,IL,197.50759
2023-08-01,IL,16245.58522
2023-08-01,IL,15879.86249
2023-08-01,IL,42.41095
2023-08-01,IL,198.64061
2023-08-01,IL,16327.34985
2023-08-01,IL,16568.40141
2023-08-01,IN,5821.90852
2023-08-01,IN,1799.85659
2023-08-01,IN,697.21616
2023-08-01,IN,0.588
2023-08-01,IN,21.1436
2023-08-01,IN,48.70857
2023-08-01,IN,372.11994
2023-08-01,IN,7621.7651
2023-08-01,IN,2497.07274
2023-08-01,IN,21.7316
2023-08-01,IN,420.82851
2023-08-01,IN,8318.98126
2023-08-01,IN,8761.54137
2023-08-01,KY,6403.49328
2023-08-01,KY,44.19471
2023-08-01,KY,0.15
2023-08-01,KY,47.76518
2023-08-01,KY,6447.68799
2023-08-01,KY,44.19471
2023-08-01,KY,0.15
2023-08-01,KY,47.76518
2023-08-01,KY,6447.68799
2023-08-01,KY,6495.60317
2023-08-01,LA,7232.74499
2023-08-01,LA,580.98663
2023-08-01,LA,311.909
2023-08-01,LA,4.55959
2023-08-01,LA,35.36838
2023-08-01,LA,2524.18853
2023-08-01,LA,7813.73162
2023-08-01,LA,892.89563
2023-08-01,LA,1.86792
2023-08-01,LA,4.55959
2023-08-01,LA,2559.55691
2023-08-01,LA,8125.64062
2023-08-01,LA,10689.75711
2023-08-01,MI,8223.36112
2023-08-01,MI,1270.71516
2023-08-01,MI,1416.73747
2023-08-01,MI,7.94298
2023-08-01,MI,55.18442
2023-08-01,MI,
2023-08-01,MI,108.07107
2023-08-01,MI,9494.07627
2023-08-01,MI,2687.45262
2023-08-01,MI,0.03119
2023-08-01,MI,63.1274
2023-08-01,MI,108.75483
2023-08-01,MI,10910.81374
2023-08-01,MI,11082.69597
2023-08-01,MN,3943.19811
2023-08-01,MN,1165.8238
2023-08-01,MN,155.6511
2023-08-01,MN,1.23364
2023-08-01,MN,24.33891
2023-08-01,MN,2.535
2023-08-01,MN,105.49439
2023-08-01,MN,5109.02192
2023-08-01,MN,1321.4749
2023-08-01,MN,25.57255
2023-08-01,MN,108.02939
2023-08-01,MN,5264.67302
2023-08-01,MN,5398.27496
2023-08-01,MO,6324.90936
2023-08-01,MO,592.25444
2023-08-01,MO,27.02505
2023-08-01,MO,0.002
2023-08-01,MO,18.80578
2023-08-01,MO,2.673
2023-08-01,MO,6917.1638
2023-08-01,MO,619.27949
2023-08-01,MO,18.80778
2023-08-01,MO,2.673
2023-08-01,MO,6944.18885
2023-08-01,MO,6965.66963
2023-08-01,MS,7500.78223
2023-08-01,MS,268.93138
2023-08-01,MS,0.0
2023-08-01,MS,173.52828
2023-08-01,MS,7769.71361
2023-08-01,MS,268.93138
2023-08-01,MS,0.0
2023-08-01,MS,173.52828
2023-08-01,MS,7769.71361
2023-08-01,MS,7943.24188
2023-08-01,MT,801.62792
2023-08-01,MT,1348.225
2023-08-01,MT,41.443
2023-08-01,MT,0.0
2023-08-01,MT,2.50313
2023-08-01,MT,2149.85292
2023-08-01,MT,1389.668
2023-08-01,MT,2.50313
2023-08-01,MT,2191.29592
2023-08-01,MT,2193.79905
2023-08-01,ND,2893.16879
2023-08-01,ND,597.664
2023-08-01,ND,0.002
2023-08-01,ND,13.05752
2023-08-01,ND,3490.83279
2023-08-01,ND,597.664
2023-08-01,ND,0.002
2023-08-01,ND,13.05752
2023-08-01,ND,3490.83279
2023-08-01,ND,3503.89231
2023-08-01,SD,1134.39362
2023-08-01,SD,567.344
2023-08-01,SD,
2023-08-01,SD,6.75707
2023-08-01,SD,1701.73762
2023-08-01,SD,567.344
2023-08-01,SD,
2023-08-01,SD,6.75707
2023-08-01,SD,1701.73762
2023-08-01,SD,1708.49583
2023-08-01,TX,11425.49277
2023-08-01,TX,40157.54671
2023-08-01,TX,4306.96845
2023-08-01,TX,4.50169
2023-08-01,TX,82.09148
2023-08-01,TX,159.71585
2023-08-01,TX,3908.16377
2023-08-01,TX,51583.03948
2023-08-01,TX,44464.51516
2023-08-01,TX,144.29571
2023-08-01,TX,86.59317
2023-08-01,TX,4067.87962
2023-08-01,TX,55890.00793
2023-08-01,TX,60044.48073
2023-08-01,WI,5436.44325
2023-08-01,WI,980.49112
2023-08-01,WI,1.88406
2023-08-01,WI,1.40082
2023-08-01,WI,9.65507
2023-08-01,WI,2.763
2023-08-01,WI,115.92229
2023-08-01,WI,6416.93437
2023-08-01,WI,982.37517
2023-08-01,WI,11.0559
2023-08-01,WI,118.68529
2023-08-01,WI,6418.81843
2023-08-01,WI,6548.55961
2023-09-01,AR,5060.99998
2023-09-01,AR,311.25286
2023-09-01,AR,120.606
2023-09-01,AR,2.223
2023-09-01,AR,3.39426
2023-09-01,AR,0.419
2023-09-01,AR,68.98917
2023-09-01,AR,5372.25283
2023-09-01,AR,431.85886
2023-09-01,AR,5.61726
2023-09-01,AR,69.40817
2023-09-01,AR,5492.85883
2023-09-01,AR,5567.88426
2023-09-01,IA,4491.31153
2023-09-01,IA,820.46929
2023-09-01,IA,0.0
2023-09-01,IA,0.038
2023-09-01,IA,10.47233
2023-09-01,IA,0.00437
2023-09-01,IA,162.64933
2023-09-01,IA,5311.78082
2023-09-01,IA,820.46929
2023-09-01,IA,10.51033
2023-09-01,IA,162.65369
2023-09-01,IA,5311.78082
2023-09-01,IA,5484.94485
2023-09-01,IL,381.95307
2023-09-01,IL,13297.33076
2023-09-01,IL,60.22529
2023-09-01,IL,0.2349
2023-09-01,IL,40.36176
2023-09-01,IL,
2023-09-01,IL,189.42383
2023-09-01,IL,13679.28383
2023-09-01,IL,13357.55605
2023-09-01,IL,40.59666
2023-09-01,IL,189.94924
2023-09-01,IL,13739.50912
2023-09-01,IL,13970.05501
2023-09-01,IN,4368.47697
2023-09-01,IN,1555.67275
2023-09-01,IN,665.09248
2023-09-01,IN,0.408
2023-09-01,IN,19.30013
2023-09-01,IN,40.14059
2023-09-01,IN,341.03769
2023-09-01,IN,5924.14972
2023-09-01,IN,2220.76524
2023-09-01,IN,19.70813
2023-09-01,IN,381.17828
2023-09-01,IN,6589.2422
2023-09-01,IN,6990.12861
2023-09-01,KY,5061.49201
2023-09-01,KY,51.67272
2023-09-01,KY,0.117
2023-09-01,KY,21.32189
2023-09-01,KY,5113.16473
2023-09-01,KY,51.67272
2023-09-01,KY,0.117
2023-09-01,KY,21.32189
2023-09-01,KY,5113.16473
2023-09-01,KY,5134.60362
2023-09-01,LA,5971.51511
2023-09-01,LA,188.46306
2023-09-01,LA,282.194
2023-09-01,LA,7.95696
2023-09-01,LA,36.81288
2023-09-01,LA,2453.46326
2023-09-01,LA,6159.97817
2023-09-01,LA,470.65706
2023-09-01,LA,1.69478
2023-09-01,LA,7.95696
2023-09-01,LA,2490.27615
2023-09-01,LA,6442.17217
2023-09-01,LA,8940.40528
2023-09-01,MI,7658.47621
2023-09-01,MI,1147.11383
2023-09-01,MI,1349.28919
2023-09-01,MI,5.72841
2023-09-01,MI,52.36447
2023-09-01,MI,
2023-09-01,MI,105.60452
2023-09-01,MI,8805.59004
2023-09-01,MI,2496.40302
2023-09-01,MI,0.02845
2023-09-01,MI,58.09288
2023-09-01,MI,106.20229
2023-09-01,MI,10154.87923
2023-09-01,MI,10319.17439
2023-09-01,MN,3275.30441
2023-09-01,MN,1093.6219
2023-09-01,MN,123.82983
2023-09-01,MN,1.26391
2023-09-01,MN,23.03708
2023-09-01,MN,2.735
2023-09-01,MN,91.32802
2023-09-01,MN,4368.92631
2023-09-01,MN,1217.45173
2023-09-01,MN,24.30099
2023-09-01,MN,94.06302
2023-09-01,MN,4492.75613
2023-09-01,MN,4611.12014
2023-09-01,MO,5074.34688
2023-09-01,MO,580.45004
2023-09-01,MO,17.79593
2023-09-01,MO,0.001
2023-09-01,MO,16.75
2023-09-01,MO,2.256
2023-09-01,MO,5654.79692
2023-09-01,MO,598.24597
2023-09-01,MO,16.751
2023-09-01,MO,2.256
2023-09-01,MO,5672.59285
2023-09-01,MO,5691.59985
2023-09-01,MS,6106.93872
2023-09-01,MS,112.66184
2023-09-01,MS,0.0
2023-09-01,MS,149.82844
2023-09-01,MS,6219.60056
2023-09-01,MS,112.66184
2023-09-01,MS,0.0
2023-09-01,MS,149.82844
2023-09-01,MS,6219.60056
2023-09-01,MS,6369.429
2023-09-01,MT,724.19452
2023-09-01,MT,1296.799
2023-09-01,MT,38.078
2023-09-01,MT,0.0
2023-09-01,MT,2.41846
2023-09-01,MT,2020.99352
2023-09-01,MT,1334.877
2023-09-01,MT,2.41846
2023-09-01,MT,2059.07152
2023-09-01,MT,2061.48998
2023-09-01,ND,2654.15272
2023-09-01,ND,659.726
2023-09-01,ND,0.0
2023-09-01,ND,14.45305
2023-09-01,ND,3313.87872
2023-09-01,ND,659.726
2023-09-01,ND,0.0
2023-09-01,ND,14.45305
2023-09-01,ND,3313.87872
2023-09-01,ND,3328.33176
2023-09-01,SD,1000.4505
2023-09-01,SD,537.625
2023-09-01,SD,
2023-09-01,SD,5.19505
2023-09-01,SD,1538.0755
2023-09-01,SD,537.625
2023-09-01,SD,
2023-09-01,SD,5.19505
2023-09-01,SD,1538.0755
2023-09-01,SD,1543.27156
2023-09-01,TX,9081.27634
2023-09-01,TX,34529.08637
2023-09-01,TX,4065.1789
2023-09-01,TX,3.46074
2023-09-01,TX,77.5073
2023-09-01,TX,153.53979
2023-09-01,TX,3731.17424
2023-09-01,TX,43610.36271
2023-09-01,TX,38594.26527
2023-09-01,TX,125.60239
2023-09-01,TX,80.96805
2023-09-01,TX,3884.71403
2023-09-01,TX,47675.54161
2023-09-01,TX,51641.22369
2023-09-01,WI,4552.69237
2023-09-01,WI,940.49131
2023-09-01,WI,1.75478
2023-09-01,WI,1.43615
2023-09-01,WI,8.65413
2023-09-01,WI,2.204
2023-09-01,WI,107.56387
2023-09-01,WI,5493.18368
2023-09-01,WI,942.24609
2023-09-01,WI,10.09028
2023-09-01,WI,109.76787
2023-09-01,WI,5494.93846
2023-09-01,WI,5614.79661
2023-10-01,AR,4197.25396
2023-10-01,AR,305.95281
2023-10-01,AR,126.088
2023-10-01,AR,1.34
2023-10-01,AR,2.01532
2023-10-01,AR,0.294
2023-10-01,AR,80.42168
2023-10-01,AR,4503.20677
2023-10-01,AR,432.04081
2023-10-01,AR,3.35532
2023-10-01,AR,80.71568
2023-10-01,AR,4629.29477
2023-10-01,AR,4713.36577
2023-10-01,IA,4312.10585
2023-10-01,IA,1110.16303
2023-10-01,IA,0.0
2023-10-01,IA,0.347
2023-10-01,IA,9.00756
2023-10-01,IA,0.00179
2023-10-01,IA,178.82598
2023-10-01,IA,5422.26888
2023-10-01,IA,1110.16303
2023-10-01,IA,9.35456
2023-10-01,IA,178.82777
2023-10-01,IA,5422.26888
2023-10-01,IA,5610.45121
2023-10-01,IL,370.86152
2023-10-01,IL,14423.99537
2023-10-01,IL,58.06331
2023-10-01,IL,0.12054
2023-10-01,IL,36.7063
2023-10-01,IL,
2023-10-01,IL,167.49178
2023-10-01,IL,14794.85688
2023-10-01,IL,14482.05868
2023-10-01,IL,36.82684
2023-10-01,IL,168.34295
2023-10-01,IL,14852.92019
2023-10-01,IL,15058.08997
2023-10-01,IN,4087.53156
2023-10-01,IN,2076.5292
2023-10-01,IN,496.54698
2023-10-01,IN,0.435
2023-10-01,IN,15.53964
2023-10-01,IN,55.8588
2023-10-01,IN,353.67078
2023-10-01,IN,6164.06076
2023-10-01,IN,2573.07618
2023-10-01,IN,15.97464
2023-10-01,IN,409.52958
2023-10-01,IN,6660.60774
2023-10-01,IN,7086.11195
2023-10-01,KY,4412.12075
2023-10-01,KY,106.5101
2023-10-01,KY,0.084
2023-10-01,KY,49.37551
2023-10-01,KY,4518.63084
2023-10-01,KY,106.5101
2023-10-01,KY,0.084
2023-10-01,KY,49.37551
2023-10-01,KY,4518.63084
2023-10-01,KY,4568.09036
2023-10-01,LA,4569.1812
2023-10-01,LA,70.19263
2023-10-01,LA,228.572
2023-10-01,LA,15.94536
2023-10-01,LA,38.78181
2023-10-01,LA,2508.78242
2023-10-01,LA,4639.37383
2023-10-01,LA,298.76463
2023-10-01,LA,1.34953
2023-10-01,LA,15.94536
2023-10-01,LA,2547.56423
2023-10-01,LA,4867.94583
2023-10-01,LA,7431.45543
2023-10-01,MI,7857.64837
2023-10-01,MI,702.36965
2023-10-01,MI,1422.31303
2023-10-01,MI,6.81073
2023-10-01,MI,48.63078
2023-10-01,MI,
2023-10-01,MI,97.31592
2023-10-01,MI,8560.01802
2023-10-01,MI,2124.68268
2023-10-01,MI,0.02508
2023-10-01,MI,55.44151
2023-10-01,MI,98.10613
2023-10-01,MI,9982.33105
2023-10-01,MI,10135.8787
2023-10-01,MN,2958.75343
2023-10-01,MN,1132.79343
2023-10-01,MN,122.17638
2023-10-01,MN,1.83826
2023-10-01,MN,24.2199
2023-10-01,MN,3.411
2023-10-01,MN,75.47812
2023-10-01,MN,4091.54685
2023-10-01,MN,1254.96981
2023-10-01,MN,26.05815
2023-10-01,MN,78.88912
2023-10-01,MN,4213.72323
2023-10-01,MN,4318.6705
2023-10-01,MO,3873.20327
2023-10-01,MO,663.00481
2023-10-01,MO,16.99788
2023-10-01,MO,0.003
2023-10-01,MO,13.7713
2023-10-01,MO,2.997
2023-10-01,MO,4536.20808
2023-10-01,MO,680.00269
2023-10-01,MO,13.7743
2023-10-01,MO,2.997
2023-10-01,MO,4553.20596
2023-10-01,MO,4569.97725
2023-10-01,MS,5719.96441
2023-10-01,MS,206.69976
2023-10-01,MS,0.0
2023-10-01,MS,153.61097
2023-10-01,MS,5926.66417
2023-10-01,MS,206.69976
2023-10-01,MS,0.0
2023-10-01,MS,153.61097
2023-10-01,MS,5926.66417
2023-10-01,MS,6080.27513
2023-10-01,MT,728.24494
2023-10-01,MT,1217.988
2023-10-01,MT,43.305
2023-10-01,MT,0.0
2023-10-01,MT,2.15908
2023-10-01,MT,1946.23294
2023-10-01,MT,1261.293
2023-10-01,MT,2.15908
2023-10-01,MT,1989.53794
2023-10-01,MT,1991.69702
2023-10-01,ND,2527.30809
2023-10-01,ND,811.111
2023-10-01,ND,0.0
2023-10-01,ND,14.54054
2023-10-01,ND,3338.41909
2023-10-01,ND,811.111
2023-10-01,ND,0.0
2023-10-01,ND,14.54054
2023-10-01,ND,3338.41909
2023-10-01,ND,3352.95963
2023-10-01,SD,760.20513
2023-10-01,SD,757.987
2023-10-01,SD,
2023-10-01,SD,3.92201
2023-10-01,SD,1518.19213
2023-10-01,SD,757.987
2023-10-01,SD,
2023-10-01,SD,3.92201
2023-10-01,SD,1518.19213
2023-10-01,SD,1522.1153
2023-10-01,TX,6227.77368
2023-10-01,TX,30215.04256
2023-10-01,TX,3143.43665
2023-10-01,TX,3.13364
2023-10-01,TX,55.26693
2023-10-01,TX,153.17763
2023-10-01,TX,3366.3053
2023-10-01,TX,36442.81624
2023-10-01,TX,33358.47921
2023-10-01,TX,118.34086
2023-10-01,TX,58.40058
2023-10-01,TX,3519.48292
2023-10-01,TX,39586.25289
2023-10-01,TX,43164.13639
2023-10-01,WI,4012.3249
2023-10-01,WI,628.856
2023-10-01,WI,1.99655
2023-10-01,WI,2.13704
2023-10-01,WI,9.97904
2023-10-01,WI,2.755
2023-10-01,WI,89.63594
2023-10-01,WI,4641.18089
2023-10-01,WI,630.85254
2023-10-01,WI,12.11608
2023-10-01,WI,92.39094
2023-10-01,WI,4643.17744
2023-10-01,WI,4747.68445
2023-11-01,AR,3799.01079
2023-11-01,AR,375.85351
2023-11-01,AR,52.272
2023-11-01,AR,1.201
2023-11-01,AR,2.10226
2023-11-01,AR,0.274
2023-11-01,AR,87.22835
2023-11-01,AR,4174.86429
2023-11-01,AR,428.12551
2023-11-01,AR,3.30326
2023-11-01,AR,87.50235
2023-11-01,AR,4227.13629
2023-11-01,AR,4317.9419
2023-11-01,IA,4396.54273
2023-11-01,IA,1184.56083
2023-11-01,IA,0.0
2023-11-01,IA,0.455
2023-11-01,IA,9.95475
2023-11-01,IA,0.00218
2023-11-01,IA,174.83033
2023-11-01,IA,5581.10356
2023-11-01,IA,1184.56083
2023-11-01,IA,10.40975
2023-11-01,IA,174.83252
2023-11-01,IA,5581.10356
2023-11-01,IA,5766.34582
2023-11-01,IL,313.77857
2023-11-01,IL,14504.21376
2023-11-01,IL,54.14318
2023-11-01,IL,0.10345
2023-11-01,IL,30.76492
2023-11-01,IL,1.06875
2023-11-01,IL,147.90785
2023-11-01,IL,14817.99233
2023-11-01,IL,14558.35694
2023-11-01,IL,30.86836
2023-11-01,IL,148.9766
2023-11-01,IL,14872.13551
2023-11-01,IL,15051.98047
2023-11-01,IN,3855.57082
2023-11-01,IN,2372.55218
2023-11-01,IN,604.57456
2023-11-01,IN,0.404
2023-11-01,IN,17.20322
2023-11-01,IN,50.85319
2023-11-01,IN,387.60423
2023-11-01,IN,6228.123
2023-11-01,IN,2977.12674
2023-11-01,IN,17.60722
2023-11-01,IN,438.45741
2023-11-01,IN,6832.69756
2023-11-01,IN,7288.76219
2023-11-01,KY,4821.86915
2023-11-01,KY,59.7486
2023-11-01,KY,0.085
2023-11-01,KY,42.85185
2023-11-01,KY,4881.61775
2023-11-01,KY,59.7486
2023-11-01,KY,0.085
2023-11-01,KY,42.85185
2023-11-01,KY,4881.61775
2023-11-01,KY,4924.55459
2023-11-01,LA,4261.2301
2023-11-01,LA,440.28647
2023-11-01,LA,260.912
2023-11-01,LA,16.49488
2023-11-01,LA,35.17305
2023-11-01,LA,2616.41542
2023-11-01,LA,4701.51656
2023-11-01,LA,701.19847
2023-11-01,LA,0.93626
2023-11-01,LA,16.49488
2023-11-01,LA,2651.58847
2023-11-01,LA,4962.42856
2023-11-01,LA,7630.51191
2023-11-01,MI,6427.53381
2023-11-01,MI,1357.0748
2023-11-01,MI,1526.0923
2023-11-01,MI,8.82008
2023-11-01,MI,48.82764
2023-11-01,MI,
2023-11-01,MI,108.52265
2023-11-01,MI,7784.60861
2023-11-01,MI,2883.1671
2023-11-01,MI,0.02434
2023-11-01,MI,57.64772
2023-11-01,MI,109.36407
2023-11-01,MI,9310.70091
2023-11-01,MI,9477.7127
2023-11-01,MN,3172.17036
2023-11-01,MN,1250.72359
2023-11-01,MN,127.9312
2023-11-01,MN,1.88143
2023-11-01,MN,18.23592
2023-11-01,MN,3.825
2023-11-01,MN,100.99461
2023-11-01,MN,4422.89395
2023-11-01,MN,1378.65479
2023-11-01,MN,20.11735
2023-11-01,MN,104.81961
2023-11-01,MN,4550.82515
2023-11-01,MN,4675.7621
2023-11-01,MO,4770.52069
2023-11-01,MO,465.7333
2023-11-01,MO,17.93747
2023-11-01,MO,0.002
2023-11-01,MO,13.31308
2023-11-01,MO,3.668
2023-11-01,MO,5236.25399
2023-11-01,MO,483.67077
2023-11-01,MO,13.31508
2023-11-01,MO,3.668
2023-11-01,MO,5254.19146
2023-11-01,MO,5271.17454
2023-11-01,MS,3836.43184
2023-11-01,MS,300.74507
2023-11-01,MS,0.0
2023-11-01,MS,126.59985
2023-11-01,MS,4137.17691
2023-11-01,MS,300.74507
2023-11-01,MS,0.0
2023-11-01,MS,126.59985
2023-11-01,MS,4137.17691
2023-11-01,MS,4263.77676
2023-11-01,MT,735.93001
2023-11-01,MT,1545.839
2023-11-01,MT,42.426
2023-11-01,MT,0.0
2023-11-01,MT,2.20357
2023-11-01,MT,2281.76901
2023-11-01,MT,1588.265
2023-11-01,MT,2.20357
2023-11-01,MT,2324.19501
2023-11-01,MT,2326.39857
2023-11-01,ND,2861.03795
2023-11-01,ND,945.519
2023-11-01,ND,0.028
2023-11-01,ND,14.69429
2023-11-01,ND,3806.55695
2023-11-01,ND,945.519
2023-11-01,ND,0.028
2023-11-01,ND,14.69429
2023-11-01,ND,3806.55695
2023-11-01,ND,3821.27924
2023-11-01,SD,846.97564
2023-11-01,SD,767.04
2023-11-01,SD,
2023-11-01,SD,4.40946
2023-11-01,SD,1614.01564
2023-11-01,SD,767.04
2023-11-01,SD,
2023-11-01,SD,4.40946
2023-11-01,SD,1614.01564
2023-11-01,SD,1618.42653
2023-11-01,TX,5113.30198
2023-11-01,TX,27085.89184
2023-11-01,TX,3474.27274
2023-11-01,TX,3.05073
2023-11-01,TX,44.42595
2023-11-01,TX,183.72001
2023-11-01,TX,3303.29899
2023-11-01,TX,32199.19382
2023-11-01,TX,30560.16458
2023-11-01,TX,130.20661
2023-11-01,TX,47.47668
2023-11-01,TX,3487.019
2023-11-01,TX,35673.46656
2023-11-01,TX,39207.96224
2023-11-01,WI,3709.51406
2023-11-01,WI,954.76284
2023-11-01,WI,2.11524
2023-11-01,WI,2.62161
2023-11-01,WI,10.37553
2023-11-01,WI,3.191
2023-11-01,WI,114.05359
2023-11-01,WI,4664.27691
2023-11-01,WI,956.87809
2023-11-01,WI,12.99714
2023-11-01,WI,117.24459
2023-11-01,WI,4666.39215
2023-11-01,WI,4796.63388
2023-12-01,AR,4330.33381
2023-12-01,AR,313.48105
2023-12-01,AR,129.251
2023-12-01,AR,0.869
2023-12-01,AR,3.16948
2023-12-01,AR,0.214
2023-12-01,AR,96.79026
2023-12-01,AR,4643.81487
2023-12-01,AR,442.73205
2023-12-01,AR,4.03848
2023-12-01,AR,97.00426
2023-12-01,AR,4773.06587
2023-12-01,AR,4874.1086
2023-12-01,IA,4632.26246
2023-12-01,IA,1097.98446
2023-12-01,IA,0.0
2023-12-01,IA,0.355
2023-12-01,IA,10.02139
2023-12-01,IA,0.00779
2023-12-01,IA,184.34521
2023-12-01,IA,5730.24692
2023-12-01,IA,1097.98446
2023-12-01,IA,10.37639
2023-12-01,IA,184.35299
2023-12-01,IA,5730.24692
2023-12-01,IA,5924.97631
2023-12-01,IL,381.8953
2023-12-01,IL,15201.09321
2023-12-01,IL,51.91198
2023-12-01,IL,0.275
2023-12-01,IL,34.05305
2023-12-01,IL,0.87857
2023-12-01,IL,163.01356
2023-12-01,IL,15582.9885
2023-12-01,IL,15253.00519
2023-12-01,IL,34.32804
2023-12-01,IL,163.89213
2023-12-01,IL,15634.90048
2023-12-01,IL,15833.12065
2023-12-01,IN,4400.74273
2023-12-01,IN,2215.99854
2023-12-01,IN,627.53133
2023-12-01,IN,0.544
2023-12-01,IN,18.97393
2023-12-01,IN,47.94905
2023-12-01,IN,424.2437
2023-12-01,IN,6616.74127
2023-12-01,IN,2843.52987
2023-12-01,IN,19.51793
2023-12-01,IN,472.19275
2023-12-01,IN,7244.2726
2023-12-01,IN,7735.98327
2023-12-01,KY,5607.89984
2023-12-01,KY,33.35359
2023-12-01,KY,0.048
2023-12-01,KY,50.90821
2023-12-01,KY,5641.25343
2023-12-01,KY,33.35359
2023-12-01,KY,0.048
2023-12-01,KY,50.90821
2023-12-01,KY,5641.25343
2023-12-01,KY,5692.20965
2023-12-01,LA,4293.92866
2023-12-01,LA,538.94929
2023-12-01,LA,187.953
2023-12-01,LA,16.01413
2023-12-01,LA,39.10698
2023-12-01,LA,2753.36732
2023-12-01,LA,4832.87795
2023-12-01,LA,726.90229
2023-12-01,LA,0.75858
2023-12-01,LA,16.01413
2023-12-01,LA,2792.4743
2023-12-01,LA,5020.83095
2023-12-01,LA,7829.31938
2023-12-01,MI,7676.1961
2023-12-01,MI,1245.96743
2023-12-01,MI,1462.04035
2023-12-01,MI,8.88629
2023-12-01,MI,52.47724
2023-12-01,MI,
2023-12-01,MI,114.06702
2023-12-01,MI,8922.16353
2023-12-01,MI,2708.00777
2023-12-01,MI,0.02878
2023-12-01,MI,61.36353
2023-12-01,MI,114.8571
2023-12-01,MI,10384.20387
2023-12-01,MI,10560.4245
2023-12-01,MN,3288.77078
2023-12-01,MN,1261.43721
2023-12-01,MN,154.58089
2023-12-01,MN,1.76572
2023-12-01,MN,16.45316
2023-12-01,MN,2.982
2023-12-01,MN,118.84661
2023-12-01,MN,4550.20799
2023-12-01,MN,1416.01811
2023-12-01,MN,18.21889
2023-12-01,MN,121.82861
2023-12-01,MN,4704.78889
2023-12-01,MN,4844.83638
2023-12-01,MO,4878.10066
2023-12-01,MO,669.40615
2023-12-01,MO,21.72708
2023-12-01,MO,0.001
2023-12-01,MO,12.95382
2023-12-01,MO,4.025
2023-12-01,MO,5547.50681
2023-12-01,MO,691.13323
2023-12-01,MO,12.95482
2023-12-01,MO,4.025
2023-12-01,MO,5569.23389
2023-12-01,MO,5586.21371
2023-12-01,MS,5367.10915
2023-12-01,MS,149.43861
2023-12-01,MS,0.0
2023-12-01,MS,175.85448
2023-12-01,MS,5516.54777
2023-12-01,MS,149.43861
2023-12-01,MS,0.0
2023-12-01,MS,175.85448
2023-12-01,MS,5516.54777
2023-12-01,MS,5692.40224
2023-12-01,MT,908.10058
2023-12-01,MT,1656.857
2023-12-01,MT,41.64
2023-12-01,MT,0.0
2023-12-01,MT,1.56587
2023-12-01,MT,2564.95758
2023-12-01,MT,1698.497
2023-12-01,MT,1.56587
2023-12-01,MT,2606.59758
2023-12-01,MT,2608.16345
2023-12-01,ND,2968.81944
2023-12-01,ND,955.883
2023-12-01,ND,0.0
2023-12-01,ND,15.08331
2023-12-01,ND,3924.70244
2023-12-01,ND,955.883
2023-12-01,ND,0.0
2023-12-01,ND,15.08331
2023-12-01,ND,3924.70244
2023-12-01,ND,3939.78575
2023-12-01,SD,683.34807
2023-12-01,SD,846.247
2023-12-01,SD,
2023-12-01,SD,5.35604
2023-12-01,SD,1529.59507
2023-12-01,SD,846.247
2023-12-01,SD,
2023-12-01,SD,5.35604
2023-12-01,SD,1529.59507
2023-12-01,SD,1534.95235
2023-12-01,TX,5629.21912
2023-12-01,TX,28552.71867
2023-12-01,TX,4093.62359
2023-12-01,TX,2.94016
2023-12-01,TX,38.35938
2023-12-01,TX,106.11492
2023-12-01,TX,3531.4868
2023-12-01,TX,34181.93779
2023-12-01,TX,32646.34227
2023-12-01,TX,126.3506
2023-12-01,TX,41.29954
2023-12-01,TX,3637.60172
2023-12-01,TX,38275.56138
2023-12-01,TX,41954.46264
2023-12-01,WI,4215.82658
2023-12-01,WI,991.62219
2023-12-01,WI,1.92864
2023-12-01,WI,1.8868
2023-12-01,WI,8.3355
2023-12-01,WI,3.024
2023-12-01,WI,116.71513
2023-12-01,WI,5207.44878
2023-12-01,WI,993.55083
2023-12-01,WI,10.22229
2023-12-01,WI,119.73913
2023-12-01,WI,5209.37742
2023-12-01,WI,5339.33884
2024-01-01,AR,5589.72111
2024-01-01,AR,402.82993
2024-01-01,AR,94.392
2024-01-01,AR,0.54
2024-01-01,AR,2.92929
2024-01-01,AR,0.189
2024-01-01,AR,78.67522
2024-01-01,AR,5992.55104
2024-01-01,AR,497.22193
2024-01-01,AR,3.46929
2024-01-01,AR,78.86422
2024-01-01,AR,6086.94304
2024-01-01,AR,6169.27655
2024-01-01,IA,5014.98685
2024-01-01,IA,935.29282
2024-01-01,IA,0.0
2024-01-01,IA,0.146
2024-01-01,IA,11.81638
2024-01-01,IA,0.00828
2024-01-01,IA,164.07731
2024-01-01,IA,5950.27967
2024-01-01,IA,935.29282
2024-01-01,IA,11.96238
2024-01-01,IA,164.08559
2024-01-01,IA,5950.27967
2024-01-01,IA,6126.32764
2024-01-01,IL,388.15444
2024-01-01,IL,16125.71237
2024-01-01,IL,64.68127
2024-01-01,IL,0.47753
2024-01-01,IL,33.76186
2024-01-01,IL,
2024-01-01,IL,180.46372
2024-01-01,IL,16513.86681
2024-01-01,IL,16190.39364
2024-01-01,IL,34.2394
2024-01-01,IL,181.68354
2024-01-01,IL,16578.54808
2024-01-01,IL,16794.47102
2024-01-01,IN,6316.26742
2024-01-01,IN,2361.36248
2024-01-01,IN,637.57408
2024-01-01,IN,0.53804
2024-01-01,IN,17.40465
2024-01-01,IN,38.60309
2024-01-01,IN,404.82801
2024-01-01,IN,8677.62989
2024-01-01,IN,2998.93655
2024-01-01,IN,17.94269
2024-01-01,IN,443.4311
2024-01-01,IN,9315.20397
2024-01-01,IN,9776.57776
2024-01-01,KY,6618.45818
2024-01-01,KY,92.76032
2024-01-01,KY,0.04
2024-01-01,KY,51.72534
2024-01-01,KY,6711.2185
2024-01-01,KY,92.76032
2024-01-01,KY,0.04
2024-01-01,KY,51.72534
2024-01-01,KY,6711.2185
2024-01-01,KY,6762.98384
2024-01-01,LA,5218.43628
2024-01-01,LA,410.46154
2024-01-01,LA,230.698
2024-01-01,LA,14.17861
2024-01-01,LA,32.83178
2024-01-01,LA,2708.20009
2024-01-01,LA,5628.89782
2024-01-01,LA,641.15954
2024-01-01,LA,1.128
2024-01-01,LA,14.17861
2024-01-01,LA,2741.03187
2024-01-01,LA,5859.59582
2024-01-01,LA,8614.8063
2024-01-01,MI,8110.46596
2024-01-01,MI,986.62778
2024-01-01,MI,1566.4767
2024-01-01,MI,8.88493
2024-01-01,MI,54.201
2024-01-01,MI,
2024-01-01,MI,111.28275
2024-01-01,MI,9097.09374
2024-01-01,MI,2553.10448
2024-01-01,MI,0.0
2024-01-01,MI,63.08593
2024-01-01,MI,112.20966
2024-01-01,MI,10663.57044
2024-01-01,MI,10838.86604
2024-01-01,MN,3805.21753
2024-01-01,MN,1004.54484
2024-01-01,MN,135.52155
2024-01-01,MN,1.82847
2024-01-01,MN,29.27701
2024-01-01,MN,3.661
2024-01-01,MN,122.1173
2024-01-01,MN,4809.76237
2024-01-01,MN,1140.06639
2024-01-01,MN,31.10548
2024-01-01,MN,125.7783
2024-01-01,MN,4945.28392
2024-01-01,MN,5102.1677
2024-01-01,MO,6670.06262
2024-01-01,MO,615.0996
2024-01-01,MO,21.0252
2024-01-01,MO,0.002
2024-01-01,MO,13.08358
2024-01-01,MO,5.08
2024-01-01,MO,7285.16222
2024-01-01,MO,636.1248
2024-01-01,MO,13.08558
2024-01-01,MO,5.08
2024-01-01,MO,7306.18742
2024-01-01,MO,7324.353
2024-01-01,MS,6610.04167
2024-01-01,MS,147.22981
2024-01-01,MS,0.0
2024-01-01,MS,0.0
2024-01-01,MS,165.69507
2024-01-01,MS,6757.27149
2024-01-01,MS,147.22981
2024-01-01,MS,0.0
2024-01-01,MS,165.69507
2024-01-01,MS,6757.27149
2024-01-01,MS,6922.96656
2024-01-01,MT,874.78779
2024-01-01,MT,1487.57646
2024-01-01,MT,36.773
2024-01-01,MT,0.116
2024-01-01,MT,1.52454
2024-01-01,MT,2362.36425
2024-01-01,MT,1524.34946
2024-01-01,MT,1.64054
2024-01-01,MT,2399.13725
2024-01-01,MT,2400.77779
2024-01-01,ND,3115.02994
2024-01-01,ND,709.907
2024-01-01,ND,0.0
2024-01-01,ND,16.41381
2024-01-01,ND,3824.93694
2024-01-01,ND,709.907
2024-01-01,ND,0.0
2024-01-01,ND,16.41381
2024-01-01,ND,3824.93694
2024-01-01,ND,3841.35074
2024-01-01,SD,922.70607
2024-01-01,SD,724.068
2024-01-01,SD,
2024-01-01,SD,5.95145
2024-01-01,SD,1646.77407
2024-01-01,SD,724.068
2024-01-01,SD,
2024-01-01,SD,5.95145
2024-01-01,SD,1646.77407
2024-01-01,SD,1652.72698
2024-01-01,TX,7970.55786
2024-01-01,TX,31538.54584
2024-01-01,TX,3962.86516
2024-01-01,TX,3.17686
2024-01-01,TX,33.19819
2024-01-01,TX,140.25016
2024-01-01,TX,3742.76772
2024-01-01,TX,39509.1037
2024-01-01,TX,35501.411
2024-01-01,TX,142.23854
2024-01-01,TX,36.37505
2024-01-01,TX,3883.01788
2024-01-01,TX,43471.96886
2024-01-01,TX,47391.36179
2024-01-01,WI,5222.19152
2024-01-01,WI,990.80141
2024-01-01,WI,2.49667
2024-01-01,WI,1.99954
2024-01-01,WI,7.32134
2024-01-01,WI,3.175
2024-01-01,WI,102.7745
2024-01-01,WI,6212.99293
2024-01-01,WI,993.29808
2024-01-01,WI,9.32088
2024-01-01,WI,105.9495
2024-01-01,WI,6215.4896
2024-01-01,WI,6330.75997
2024-02-01,AR,3728.15228
2024-02-01,AR,330.41186
2024-02-01,AR,92.749
2024-02-01,AR,0.67
2024-02-01,AR,1.59003
2024-02-01,AR,0.344
2024-02-01,AR,81.75421
2024-02-01,AR,4058.56414
2024-02-01,AR,423.16086
2024-02-01,AR,2.26003
2024-02-01,AR,82.09821
2024-02-01,AR,4151.31314
2024-02-01,AR,4235.67137
2024-02-01,IA,4315.77125
2024-02-01,IA,1170.46827
2024-02-01,IA,0.0
2024-02-01,IA,0.213
2024-02-01,IA,12.66857
2024-02-01,IA,0.0021
2024-02-01,IA,169.78179
2024-02-01,IA,5486.23951
2024-02-01,IA,1170.46827
2024-02-01,IA,12.88157
2024-02-01,IA,169.78389
2024-02-01,IA,5486.23951
2024-02-01,IA,5668.90497
2024-02-01,IL,385.00785
2024-02-01,IL,14120.2346
2024-02-01,IL,48.70175
2024-02-01,IL,0.62748
2024-02-01,IL,32.98819
2024-02-01,IL,
2024-02-01,IL,157.7049
2024-02-01,IL,14505.24245
2024-02-01,IL,14168.93634
2024-02-01,IL,33.61567
2024-02-01,IL,158.69071
2024-02-01,IL,14553.9442
2024-02-01,IL,14746.25058
2024-02-01,IN,4255.86045
2024-02-01,IN,2309.45872
2024-02-01,IN,556.96057
2024-02-01,IN,0.40725
2024-02-01,IN,16.61235
2024-02-01,IN,44.33505
2024-02-01,IN,376.28512
2024-02-01,IN,6565.31917
2024-02-01,IN,2866.41929
2024-02-01,IN,17.0196
2024-02-01,IN,420.62016
2024-02-01,IN,7122.27974
2024-02-01,IN,7559.9195
2024-02-01,KY,5035.38838
2024-02-01,KY,9.09629
2024-02-01,KY,0.102
2024-02-01,KY,42.61353
2024-02-01,KY,5044.48466
2024-02-01,KY,9.09629
2024-02-01,KY,0.102
2024-02-01,KY,42.61353
2024-02-01,KY,5044.48466
2024-02-01,KY,5087.20019
2024-02-01,LA,4173.60231
2024-02-01,LA,261.74464
2024-02-01,LA,236.684
2024-02-01,LA,7.83671
2024-02-01,LA,24.89957
2024-02-01,LA,2338.6699
2024-02-01,LA,4435.34695
2024-02-01,LA,498.42864
2024-02-01,LA,0.90172
2024-02-01,LA,7.83671
2024-02-01,LA,2363.56947
2024-02-01,LA,4672.03095
2024-02-01,LA,7043.43713
2024-02-01,MI,6673.1557
2024-02-01,MI,1279.24913
2024-02-01,MI,1455.76591
2024-02-01,MI,8.60817
2024-02-01,MI,50.51593
2024-02-01,MI,
2024-02-01,MI,104.67559
2024-02-01,MI,7952.40483
2024-02-01,MI,2735.01504
2024-02-01,MI,0.0
2024-02-01,MI,59.1241
2024-02-01,MI,105.77824
2024-02-01,MI,9408.17074
2024-02-01,MI,9573.07309
2024-02-01,MN,3171.56311
2024-02-01,MN,1180.64939
2024-02-01,MN,136.91406
2024-02-01,MN,2.74529
2024-02-01,MN,14.47568
2024-02-01,MN,3.668
2024-02-01,MN,113.24551
2024-02-01,MN,4352.2125
2024-02-01,MN,1317.56345
2024-02-01,MN,17.22097
2024-02-01,MN,116.91351
2024-02-01,MN,4489.12656
2024-02-01,MN,4623.26104
2024-02-01,MO,3943.3862
2024-02-01,MO,573.4367
2024-02-01,MO,14.70771
2024-02-01,MO,0.005
2024-02-01,MO,15.6781
2024-02-01,MO,3.784
2024-02-01,MO,4516.8229
2024-02-01,MO,588.14441
2024-02-01,MO,15.6831
2024-02-01,MO,3.784
2024-02-01,MO,4531.53061
2024-02-01,MO,4550.99771
2024-02-01,MS,5191.21038
2024-02-01,MS,170.24618
2024-02-01,MS,0.0
2024-02-01,MS,0.0
2024-02-01,MS,151.46775
2024-02-01,MS,5361.45657
2024-02-01,MS,170.24618
2024-02-01,MS,0.0
2024-02-01,MS,151.46775
2024-02-01,MS,5361.45657
2024-02-01,MS,5512.92431
2024-02-01,MT,755.92266
2024-02-01,MT,1389.27996
2024-02-01,MT,40.011
2024-02-01,MT,0.195
2024-02-01,MT,1.96016
2024-02-01,MT,2145.20262
2024-02-01,MT,1429.29096
2024-02-01,MT,2.15516
2024-02-01,MT,2185.21362
2024-02-01,MT,2187.36878
2024-02-01,ND,2738.88186
2024-02-01,ND,776.129
2024-02-01,ND,0.0
2024-02-01,ND,14.45971
2024-02-01,ND,3515.01086
2024-02-01,ND,776.129
2024-02-01,ND,0.0
2024-02-01,ND,14.45971
2024-02-01,ND,3515.01086
2024-02-01,ND,3529.47057
2024-02-01,SD,666.42867
2024-02-01,SD,835.081
2024-02-01,SD,
2024-02-01,SD,4.86585
2024-02-01,SD,1501.50967
2024-02-01,SD,835.081
2024-02-01,SD,
2024-02-01,SD,4.86585
2024-02-01,SD,1501.50967
2024-02-01,SD,1506.3766
2024-02-01,TX,5145.8701
2024-02-01,TX,26845.30308
2024-02-01,TX,3324.87693
2024-02-01,TX,2.58953
2024-02-01,TX,31.35148
2024-02-01,TX,173.97537
2024-02-01,TX,3130.42282
2024-02-01,TX,31991.17318
2024-02-01,TX,30170.18001
2024-02-01,TX,117.96441
2024-02-01,TX,33.94101
2024-02-01,TX,3304.39819
2024-02-01,TX,35316.05011
2024-02-01,TX,38654.38932
2024-02-01,WI,3528.47768
2024-02-01,WI,952.48295
2024-02-01,WI,2.53779
2024-02-01,WI,2.27393
2024-02-01,WI,7.46247
2024-02-01,WI,3.103
2024-02-01,WI,91.18235
2024-02-01,WI,4480.96063
2024-02-01,WI,955.02074
2024-02-01,WI,9.7364
2024-02-01,WI,94.28535
2024-02-01,WI,4483.49841
2024-02-01,WI,4587.52016
2024-03-01,AR,4016.30028
2024-03-01,AR,387.42848
2024-03-01,AR,127.354
2024-03-01,AR,1.669
2024-03-01,AR,2.68278
2024-03-01,AR,0.283
2024-03-01,AR,88.88522
2024-03-01,AR,4403.72876
2024-03-01,AR,514.78248
2024-03-01,AR,4.35178
2024-03-01,AR,89.16822
2024-03-01,AR,4531.08276
2024-03-01,AR,4624.60276
2024-03-01,IA,4609.04518
2024-03-01,IA,1439.55577
2024-03-01,IA,0.0
2024-03-01,IA,0.398
2024-03-01,IA,13.06135
2024-03-01,IA,0.01767
2024-03-01,IA,193.2035
2024-03-01,IA,6048.60095
2024-03-01,IA,1439.55577
2024-03-01,IA,13.45935
2024-03-01,IA,193.22117
2024-03-01,IA,6048.60095
2024-03-01,IA,6255.28147
2024-03-01,IL,379.09065
2024-03-01,IL,14519.11552
2024-03-01,IL,51.83518
2024-03-01,IL,0.80014
2024-03-01,IL,30.76359
2024-03-01,IL,
2024-03-01,IL,183.10784
2024-03-01,IL,14898.20617
2024-03-01,IL,14570.9507
2024-03-01,IL,31.56373
2024-03-01,IL,183.98594
2024-03-01,IL,14950.04135
2024-03-01,IL,15165.59101
2024-03-01,IN,4058.45163
2024-03-01,IN,2549.70164
2024-03-01,IN,522.32719
2024-03-01,IN,0.75332
2024-03-01,IN,20.18297
2024-03-01,IN,36.09936
2024-03-01,IN,376.13542
2024-03-01,IN,6608.15328
2024-03-01,IN,3072.02883
2024-03-01,IN,20.93629
2024-03-01,IN,412.23477
2024-03-01,IN,7130.48046
2024-03-01,IN,7563.65153
2024-03-01,KY,4443.93015
2024-03-01,KY,12.05082
2024-03-01,KY,0.129
2024-03-01,KY,46.46867
2024-03-01,KY,4455.98098
2024-03-01,KY,12.05082
2024-03-01,KY,0.129
2024-03-01,KY,46.46867
2024-03-01,KY,4455.98098
2024-03-01,KY,4502.57865
2024-03-01,LA,4628.20324
2024-03-01,LA,170.35954
2024-03-01,LA,165.236
2024-03-01,LA,3.06381
2024-03-01,LA,27.20946
2024-03-01,LA,2154.44354
2024-03-01,LA,4798.56278
2024-03-01,LA,335.59554
2024-03-01,LA,1.31923
2024-03-01,LA,3.06381
2024-03-01,LA,2181.653
2024-03-01,LA,4963.79878
2024-03-01,LA,7148.5156
2024-03-01,MI,5731.3542
2024-03-01,MI,1270.76895
2024-03-01,MI,1511.96715
2024-03-01,MI,9.52458
2024-03-01,MI,52.62658
2024-03-01,MI,
2024-03-01,MI,109.79441
2024-03-01,MI,7002.12315
2024-03-01,MI,2782.7361
2024-03-01,MI,0.0
2024-03-01,MI,62.15116
2024-03-01,MI,110.92093
2024-03-01,MI,8514.0903
2024-03-01,MI,8687.16239
2024-03-01,MN,3409.41477
2024-03-01,MN,1297.37393
2024-03-01,MN,144.66188
2024-03-01,MN,3.26178
2024-03-01,MN,10.69665
2024-03-01,MN,3.105
2024-03-01,MN,123.41057
2024-03-01,MN,4706.7887
2024-03-01,MN,1442.0358
2024-03-01,MN,13.95843
2024-03-01,MN,126.51557
2024-03-01,MN,4851.45057
2024-03-01,MN,4991.92457
2024-03-01,MO,3858.17528
2024-03-01,MO,505.2581
2024-03-01,MO,14.89492
2024-03-01,MO,0.037
2024-03-01,MO,16.66868
2024-03-01,MO,3.881
2024-03-01,MO,4363.43338
2024-03-01,MO,520.15302
2024-03-01,MO,16.70568
2024-03-01,MO,3.881
2024-03-01,MO,4378.3283
2024-03-01,MO,4398.91498
2024-03-01,MS,4001.98713
2024-03-01,MS,215.52244
2024-03-01,MS,0.0
2024-03-01,MS,0.0
2024-03-01,MS,165.02169
2024-03-01,MS,4217.50956
2024-03-01,MS,215.52244
2024-03-01,MS,0.0
2024-03-01,MS,165.02169
2024-03-01,MS,4217.50956
2024-03-01,MS,4382.53125
2024-03-01,MT,773.94736
2024-03-01,MT,1158.1148
2024-03-01,MT,43.905
2024-03-01,MT,0.35
2024-03-01,MT,1.18839
2024-03-01,MT,1932.06216
2024-03-01,MT,1202.0198
2024-03-01,MT,1.53839
2024-03-01,MT,1975.96716
2024-03-01,MT,1977.50555
2024-03-01,ND,2694.58285
2024-03-01,ND,826.396
2024-03-01,ND,0.0
2024-03-01,ND,16.50297
2024-03-01,ND,3520.97885
2024-03-01,ND,826.396
2024-03-01,ND,0.0
2024-03-01,ND,16.50297
2024-03-01,ND,3520.97885
2024-03-01,ND,3537.48182
2024-03-01,SD,814.53135
2024-03-01,SD,1000.116
2024-03-01,SD,
2024-03-01,SD,4.54121
2024-03-01,SD,1814.64735
2024-03-01,SD,1000.116
2024-03-01,SD,
2024-03-01,SD,4.54121
2024-03-01,SD,1814.64735
2024-03-01,SD,1819.18985
2024-03-01,TX,6091.21918
2024-03-01,TX,27512.1619
2024-03-01,TX,3609.75886
2024-03-01,TX,2.9436
2024-03-01,TX,33.57942
2024-03-01,TX,194.86496
2024-03-01,TX,3192.71521
2024-03-01,TX,33603.38108
2024-03-01,TX,31121.92076
2024-03-01,TX,109.6581
2024-03-01,TX,36.52301
2024-03-01,TX,3387.58017
2024-03-01,TX,37213.13994
2024-03-01,TX,40637.24312
2024-03-01,WI,3929.12369
2024-03-01,WI,1036.09992
2024-03-01,WI,1.68664
2024-03-01,WI,3.10221
2024-03-01,WI,6.992
2024-03-01,WI,2.905
2024-03-01,WI,90.31329
2024-03-01,WI,4965.22361
2024-03-01,WI,1037.78656
2024-03-01,WI,10.0942
2024-03-01,WI,93.21829
2024-03-01,WI,4966.91025
2024-03-01,WI,5070.22275
2024-04-01,AR,3540.69426
2024-04-01,AR,206.8453
2024-04-01,AR,88.357
2024-04-01,AR,1.713
2024-04-01,AR,2.27502
2024-04-01,AR,0.316
2024-04-01,AR,81.60226
2024-04-01,AR,3747.53955
2024-04-01,AR,295.2023
2024-04-01,AR,3.98802
2024-04-01,AR,81.91826
2024-04-01,AR,3835.89655
2024-04-01,AR,3921.80283
2024-04-01,IA,4258.85311
2024-04-01,IA,1414.58033
2024-04-01,IA,0.0
2024-04-01,IA,0.222
2024-04-01,IA,11.90165
2024-04-01,IA,0.00134
2024-04-01,IA,142.94085
2024-04-01,IA,5673.43344
2024-04-01,IA,1414.58033
2024-04-01,IA,12.12365
2024-04-01,IA,142.94219
2024-04-01,IA,5673.43344
2024-04-01,IA,5828.49928
2024-04-01,IL,180.89986
2024-04-01,IL,13454.56111
2024-04-01,IL,46.11583
2024-04-01,IL,0.39658
2024-04-01,IL,23.96326
2024-04-01,IL,0.80218
2024-04-01,IL,147.48753
2024-04-01,IL,13635.46097
2024-04-01,IL,13500.67694
2024-04-01,IL,24.35983
2024-04-01,IL,148.28971
2024-04-01,IL,13681.5768
2024-04-01,IL,13854.22634
2024-04-01,IN,3526.58411
2024-04-01,IN,2325.14219
2024-04-01,IN,599.16445
2024-04-01,IN,0.72657
2024-04-01,IN,18.3871
2024-04-01,IN,41.08662
2024-04-01,IN,365.31412
2024-04-01,IN,5851.7263
2024-04-01,IN,2924.30665
2024-04-01,IN,19.11367
2024-04-01,IN,406.40074
2024-04-01,IN,6450.89075
2024-04-01,IN,6876.40516
2024-04-01,KY,4368.11824
2024-04-01,KY,64.44597
2024-04-01,KY,0.159
2024-04-01,KY,43.37589
2024-04-01,KY,4432.56421
2024-04-01,KY,64.44597
2024-04-01,KY,0.159
2024-04-01,KY,43.37589
2024-04-01,KY,4432.56421
2024-04-01,KY,4476.09911
2024-04-01,LA,4263.0859
2024-04-01,LA,204.88431
2024-04-01,LA,241.614
2024-04-01,LA,3.33383
2024-04-01,LA,30.39181
2024-04-01,LA,2361.28922
2024-04-01,LA,4467.97021
2024-04-01,LA,446.49831
2024-04-01,LA,1.37096
2024-04-01,LA,3.33383
2024-04-01,LA,2391.68103
2024-04-01,LA,4709.58421
2024-04-01,LA,7104.59907
2024-04-01,MI,5314.30095
2024-04-01,MI,1442.3603
2024-04-01,MI,1434.52628
2024-04-01,MI,6.12397
2024-04-01,MI,45.37777
2024-04-01,MI,
2024-04-01,MI,98.45732
2024-04-01,MI,6756.66124
2024-04-01,MI,2876.88657
2024-04-01,MI,0.0
2024-04-01,MI,51.50174
2024-04-01,MI,99.39939
2024-04-01,MI,8191.18752
2024-04-01,MI,8342.08864
2024-04-01,MN,3230.41625
2024-04-01,MN,1186.79163
2024-04-01,MN,109.21944
2024-04-01,MN,3.32579
2024-04-01,MN,9.68844
2024-04-01,MN,2.395
2024-04-01,MN,102.01138
2024-04-01,MN,4417.20788
2024-04-01,MN,1296.01106
2024-04-01,MN,13.01423
2024-04-01,MN,104.40638
2024-04-01,MN,4526.42732
2024-04-01,MN,4643.84793
2024-04-01,MO,3982.99525
2024-04-01,MO,491.97552
2024-04-01,MO,13.48596
2024-04-01,MO,0.041
2024-04-01,MO,15.27324
2024-04-01,MO,3.13
2024-04-01,MO,4474.97078
2024-04-01,MO,505.46149
2024-04-01,MO,15.31424
2024-04-01,MO,3.13
2024-04-01,MO,4488.45674
2024-04-01,MO,4506.90098
2024-04-01,MS,5339.42494
2024-04-01,MS,218.80587
2024-04-01,MS,0.0
2024-04-01,MS,0.0
2024-04-01,MS,145.31957
2024-04-01,MS,5558.23081
2024-04-01,MS,218.80587
2024-04-01,MS,0.0
2024-04-01,MS,145.31957
2024-04-01,MS,5558.23081
2024-04-01,MS,5703.55038
2024-04-01,MT,907.54377
2024-04-01,MT,1197.9833
2024-04-01,MT,22.923
2024-04-01,MT,0.312
2024-04-01,MT,1.00438
2024-04-01,MT,2105.52707
2024-04-01,MT,1220.9063
2024-04-01,MT,1.31638
2024-04-01,MT,2128.45007
2024-04-01,MT,2129.76645
2024-04-01,ND,2294.32753
2024-04-01,ND,1026.535
2024-04-01,ND,0.01
2024-04-01,ND,16.96952
2024-04-01,ND,3320.86253
2024-04-01,ND,1026.535
2024-04-01,ND,0.01
2024-04-01,ND,16.96952
2024-04-01,ND,3320.86253
2024-04-01,ND,3337.84205
2024-04-01,SD,889.4554
2024-04-01,SD,1034.839
2024-04-01,SD,
2024-04-01,SD,3.57215
2024-04-01,SD,1924.2944
2024-04-01,SD,1034.839
2024-04-01,SD,
2024-04-01,SD,3.57215
2024-04-01,SD,1924.2944
2024-04-01,SD,1927.86803
2024-04-01,TX,5849.66877
2024-04-01,TX,29154.59988
2024-04-01,TX,3109.29249
2024-04-01,TX,6.67005
2024-04-01,TX,34.87845
2024-04-01,TX,137.01854
2024-04-01,TX,3059.72837
2024-04-01,TX,35004.26866
2024-04-01,TX,32263.89237
2024-04-01,TX,87.66685
2024-04-01,TX,41.5485
2024-04-01,TX,3196.74691
2024-04-01,TX,38113.56115
2024-04-01,TX,41351.85656
2024-04-01,WI,3079.0265
2024-04-01,WI,1009.75678
2024-04-01,WI,1.51732
2024-04-01,WI,3.41492
2024-04-01,WI,3.86538
2024-04-01,WI,4.129
2024-04-01,WI,106.04088
2024-04-01,WI,4088.78328
2024-04-01,WI,1011.2741
2024-04-01,WI,7.2803
2024-04-01,WI,110.16988
2024-04-01,WI,4090.30061
2024-04-01,WI,4207.75079
2024-05-01,AR,4120.16558
2024-05-01,AR,415.70106
2024-05-01,AR,92.505
2024-05-01,AR,1.63
2024-05-01,AR,2.99901
2024-05-01,AR,0.325
2024-05-01,AR,82.83953
2024-05-01,AR,4535.86665
2024-05-01,AR,508.20606
2024-05-01,AR,4.62901
2024-05-01,AR,83.16453
2024-05-01,AR,4628.37165
2024-05-01,AR,4716.16519
2024-05-01,IA,4260.43687
2024-05-01,IA,1038.02048
2024-05-01,IA,0.0
2024-05-01,IA,0.085
2024-05-01,IA,8.64028
2024-05-01,IA,0.00663
2024-05-01,IA,191.67279
2024-05-01,IA,5298.45735
2024-05-01,IA,1038.02048
2024-05-01,IA,8.72528
2024-05-01,IA,191.67942
2024-05-01,IA,5298.45735
2024-05-01,IA,5498.86205
2024-05-01,IL,249.61593
2024-05-01,IL,13863.69453
2024-05-01,IL,45.91465
2024-05-01,IL,0.56598
2024-05-01,IL,25.24647
2024-05-01,IL,1.03168
2024-05-01,IL,141.27087
2024-05-01,IL,14113.31046
2024-05-01,IL,13909.60918
2024-05-01,IL,25.81245
2024-05-01,IL,142.30255
2024-05-01,IL,14159.22511
2024-05-01,IL,14327.3401
2024-05-01,IN,4220.56898
2024-05-01,IN,1802.62205
2024-05-01,IN,593.45113
2024-05-01,IN,0.73766
2024-05-01,IN,18.97637
2024-05-01,IN,48.08287
2024-05-01,IN,381.87145
2024-05-01,IN,6023.19103
2024-05-01,IN,2396.07319
2024-05-01,IN,19.71403
2024-05-01,IN,429.95432
2024-05-01,IN,6616.64217
2024-05-01,IN,7066.31051
2024-05-01,KY,5650.846
2024-05-01,KY,79.76352
2024-05-01,KY,0.175
2024-05-01,KY,46.36182
2024-05-01,KY,5730.60951
2024-05-01,KY,79.76352
2024-05-01,KY,0.175
2024-05-01,KY,46.36182
2024-05-01,KY,5730.60951
2024-05-01,KY,5777.14633
2024-05-01,LA,5176.33528
2024-05-01,LA,540.12663
2024-05-01,LA,309.156
2024-05-01,LA,3.61988
2024-05-01,LA,39.89292
2024-05-01,LA,2452.97738
2024-05-01,LA,5716.46191
2024-05-01,LA,849.28263
2024-05-01,LA,1.38586
2024-05-01,LA,3.61988
2024-05-01,LA,2492.8703
2024-05-01,LA,6025.61791
2024-05-01,LA,8522.10808
2024-05-01,MI,6835.11984
2024-05-01,MI,1424.04604
2024-05-01,MI,1454.24163
2024-05-01,MI,7.3044
2024-05-01,MI,48.60008
2024-05-01,MI,
2024-05-01,MI,92.42364
2024-05-01,MI,8259.16588
2024-05-01,MI,2878.28767
2024-05-01,MI,0.0
2024-05-01,MI,55.90447
2024-05-01,MI,93.54147
2024-05-01,MI,9713.40751
2024-05-01,MI,9862.85345
2024-05-01,MN,3146.37922
2024-05-01,MN,1153.31896
2024-05-01,MN,100.06992
2024-05-01,MN,2.27113
2024-05-01,MN,14.18102
2024-05-01,MN,3.769
2024-05-01,MN,111.65164
2024-05-01,MN,4299.69818
2024-05-01,MN,1253.38888
2024-05-01,MN,16.45215
2024-05-01,MN,115.42064
2024-05-01,MN,4399.7681
2024-05-01,MN,4531.64089
2024-05-01,MO,5023.39922
2024-05-01,MO,389.48208
2024-05-01,MO,13.12263
2024-05-01,MO,0.045
2024-05-01,MO,16.8879
2024-05-01,MO,3.401
2024-05-01,MO,5412.8813
2024-05-01,MO,402.60471
2024-05-01,MO,16.9329
2024-05-01,MO,3.401
2024-05-01,MO,5426.00393
2024-05-01,MO,5446.33783
2024-05-01,MS,6423.54362
2024-05-01,MS,323.14636
2024-05-01,MS,0.0
2024-05-01,MS,0.0
2024-05-01,MS,165.13768
2024-05-01,MS,6746.68998
2024-05-01,MS,323.14636
2024-05-01,MS,0.0
2024-05-01,MS,165.13768
2024-05-01,MS,6746.68998
2024-05-01,MS,6911.82766
2024-05-01,MT,1359.59639
2024-05-01,MT,675.41622
2024-05-01,MT,28.931
2024-05-01,MT,0.39
2024-05-01,MT,0.72779
2024-05-01,MT,2035.01261
2024-05-01,MT,704.34722
2024-05-01,MT,1.11779
2024-05-01,MT,2063.94361
2024-05-01,MT,2065.0614
2024-05-01,ND,2415.26449
2024-05-01,ND,807.102
2024-05-01,ND,0.004
2024-05-01,ND,17.27489
2024-05-01,ND,3222.36649
2024-05-01,ND,807.102
2024-05-01,ND,0.004
2024-05-01,ND,17.27489
2024-05-01,ND,3222.36649
2024-05-01,ND,3239.64538
2024-05-01,SD,868.36505
2024-05-01,SD,866.146
2024-05-01,SD,
2024-05-01,SD,5.05236
2024-05-01,SD,1734.51105
2024-05-01,SD,866.146
2024-05-01,SD,
2024-05-01,SD,5.05236
2024-05-01,SD,1734.51105
2024-05-01,SD,1739.56461
2024-05-01,TX,8356.74729
2024-05-01,TX,32370.76161
2024-05-01,TX,4019.38255
2024-05-01,TX,6.6564
2024-05-01,TX,47.61171
2024-05-01,TX,171.33674
2024-05-01,TX,2980.93081
2024-05-01,TX,40727.5089
2024-05-01,TX,36390.14416
2024-05-01,TX,130.73381
2024-05-01,TX,54.2681
2024-05-01,TX,3152.26755
2024-05-01,TX,44746.89145
2024-05-01,TX,47953.4271
2024-05-01,WI,4137.4357
2024-05-01,WI,1030.08836
2024-05-01,WI,1.73762
2024-05-01,WI,2.11643
2024-05-01,WI,6.82719
2024-05-01,WI,3.474
2024-05-01,WI,117.12365
2024-05-01,WI,5167.52406
2024-05-01,WI,1031.82598
2024-05-01,WI,8.94362
2024-05-01,WI,120.59765
2024-05-01,WI,5169.26168
2024-05-01,WI,5298.80295
2024-06-01,AR,5644.14765
2024-06-01,AR,512.21648
2024-06-01,AR,121.23
2024-06-01,AR,2.116
2024-06-01,AR,3.6493
2024-06-01,AR,0.399
2024-06-01,AR,87.21093
2024-06-01,AR,6156.36413
2024-06-01,AR,633.44648
2024-06-01,AR,5.7653
2024-06-01,AR,87.60993
2024-06-01,AR,6277.59413
2024-06-01,AR,6370.96937
2024-06-01,IA,4584.91373
2024-06-01,IA,956.88305
2024-06-01,IA,0.0
2024-06-01,IA,0.023
2024-06-01,IA,9.74829
2024-06-01,IA,0.00613
2024-06-01,IA,199.20814
2024-06-01,IA,5541.79678
2024-06-01,IA,956.88305
2024-06-01,IA,9.77129
2024-06-01,IA,199.21427
2024-06-01,IA,5541.79678
2024-06-01,IA,5750.78233
2024-06-01,IL,321.39469
2024-06-01,IL,15451.55103
2024-06-01,IL,55.58178
2024-06-01,IL,0.66819
2024-06-01,IL,35.15078
2024-06-01,IL,1.25332
2024-06-01,IL,177.88577
2024-06-01,IL,15772.94572
2024-06-01,IL,15507.13281
2024-06-01,IL,35.81897
2024-06-01,IL,179.13909
2024-06-01,IL,15828.5275
2024-06-01,IL,16043.48556
2024-06-01,IN,5740.188
2024-06-01,IN,2070.58157
2024-06-01,IN,553.93582
2024-06-01,IN,1.74248
2024-06-01,IN,18.39431
2024-06-01,IN,53.55903
2024-06-01,IN,379.10885
2024-06-01,IN,7810.76957
2024-06-01,IN,2624.51739
2024-06-01,IN,20.13679
2024-06-01,IN,432.66787
2024-06-01,IN,8364.70539
2024-06-01,IN,8817.51006
2024-06-01,KY,6292.25392
2024-06-01,KY,35.46452
2024-06-01,KY,0.181
2024-06-01,KY,42.97223
2024-06-01,KY,6327.71844
2024-06-01,KY,35.46452
2024-06-01,KY,0.181
2024-06-01,KY,42.97223
2024-06-01,KY,6327.71844
2024-06-01,KY,6370.87168
2024-06-01,LA,6033.66188
2024-06-01,LA,527.21696
2024-06-01,LA,266.594
2024-06-01,LA,3.86182
2024-06-01,LA,42.2722
2024-06-01,LA,2137.92507
2024-06-01,LA,6560.87884
2024-06-01,LA,793.81096
2024-06-01,LA,1.64035
2024-06-01,LA,3.86182
2024-06-01,LA,2180.19727
2024-06-01,LA,6827.47284
2024-06-01,LA,9011.53193
2024-06-01,MI,7925.53752
2024-06-01,MI,1274.29363
2024-06-01,MI,1472.34217
2024-06-01,MI,8.69052
2024-06-01,MI,52.76452
2024-06-01,MI,
2024-06-01,MI,102.09267
2024-06-01,MI,9199.83115
2024-06-01,MI,2746.6358
2024-06-01,MI,0.0
2024-06-01,MI,61.45504
2024-06-01,MI,103.06312
2024-06-01,MI,10672.17332
2024-06-01,MI,10836.69148
2024-06-01,MN,3485.69309
2024-06-01,MN,1162.6181
2024-06-01,MN,108.57928
2024-06-01,MN,1.64501
2024-06-01,MN,18.79062
2024-06-01,MN,3.626
2024-06-01,MN,115.92385
2024-06-01,MN,4648.31119
2024-06-01,MN,1271.19738
2024-06-01,MN,20.43563
2024-06-01,MN,119.54985
2024-06-01,MN,4756.89047
2024-06-01,MN,4896.87595
2024-06-01,MO,5760.76107
2024-06-01,MO,545.6882
2024-06-01,MO,19.9203
2024-06-01,MO,0.045
2024-06-01,MO,16.877
2024-06-01,MO,2.543
2024-06-01,MO,6306.44927
2024-06-01,MO,565.6085
2024-06-01,MO,16.922
2024-06-01,MO,2.543
2024-06-01,MO,6326.36956
2024-06-01,MO,6345.83456
2024-06-01,MS,6393.97792
2024-06-01,MS,357.75277
2024-06-01,MS,0.0
2024-06-01,MS,0.0
2024-06-01,MS,152.71159
2024-06-01,MS,6751.73069
2024-06-01,MS,357.75277
2024-06-01,MS,0.0
2024-06-01,MS,152.71159
2024-06-01,MS,6751.73069
2024-06-01,MS,6904.44228
2024-06-01,MT,1290.02069
2024-06-01,MT,730.6873
2024-06-01,MT,39.79
2024-06-01,MT,0.539
2024-06-01,MT,2.10851
2024-06-01,MT,2020.70799
2024-06-01,MT,770.4773
2024-06-01,MT,2.64751
2024-06-01,MT,2060.49799
2024-06-01,MT,2063.1455
2024-06-01,ND,2651.09097
2024-06-01,ND,807.634
2024-06-01,ND,0.002
2024-06-01,ND,11.37621
2024-06-01,ND,3458.72497
2024-06-01,ND,807.634
2024-06-01,ND,0.002
2024-06-01,ND,11.37621
2024-06-01,ND,3458.72497
2024-06-01,ND,3470.10319
2024-06-01,SD,850.54766
2024-06-01,SD,784.276
2024-06-01,SD,
2024-06-01,SD,5.55939
2024-06-01,SD,1634.82366
2024-06-01,SD,784.276
2024-06-01,SD,
2024-06-01,SD,5.55939
2024-06-01,SD,1634.82366
2024-06-01,SD,1640.38431
2024-06-01,TX,9730.31819
2024-06-01,TX,35772.1548
2024-06-01,TX,4232.95181
2024-06-01,TX,5.9971
2024-06-01,TX,66.71677
2024-06-01,TX,153.06776
2024-06-01,TX,3177.10651
2024-06-01,TX,45502.47299
2024-06-01,TX,40005.10662
2024-06-01,TX,115.64491
2024-06-01,TX,72.71386
2024-06-01,TX,3330.17427
2024-06-01,TX,49735.4248
2024-06-01,TX,53138.31293
2024-06-01,WI,4787.79203
2024-06-01,WI,989.84372
2024-06-01,WI,1.59651
2024-06-01,WI,2.13543
2024-06-01,WI,6.1091
2024-06-01,WI,3.362
2024-06-01,WI,108.44404
2024-06-01,WI,5777.63576
2024-06-01,WI,991.44023
2024-06-01,WI,8.24453
2024-06-01,WI,111.80604
2024-06-01,WI,5779.23226
2024-06-01,WI,5899.28284
2024-07-01,AR,6009.87547
2024-07-01,AR,505.94987
2024-07-01,AR,120.099
2024-07-01,AR,2.064
2024-07-01,AR,4.18014
2024-07-01,AR,0.361
2024-07-01,AR,85.25092
2024-07-01,AR,6515.82534
2024-07-01,AR,626.04887
2024-07-01,AR,6.24414
2024-07-01,AR,85.61192
2024-07-01,AR,6635.92434
2024-07-01,AR,6727.78039
2024-07-01,IA,4555.7734
2024-07-01,IA,573.80703
2024-07-01,IA,0.0
2024-07-01,IA,0.072
2024-07-01,IA,11.20327
2024-07-01,IA,0.03611
2024-07-01,IA,218.88277
2024-07-01,IA,5129.58043
2024-07-01,IA,573.80703
2024-07-01,IA,11.27527
2024-07-01,IA,218.91887
2024-07-01,IA,5129.58043
2024-07-01,IA,5359.77456
2024-07-01,IL,491.14516
2024-07-01,IL,15641.73887
2024-07-01,IL,67.54917
2024-07-01,IL,0.45732
2024-07-01,IL,40.01255
2024-07-01,IL,
2024-07-01,IL,165.27549
2024-07-01,IL,16132.88403
2024-07-01,IL,15709.28804
2024-07-01,IL,40.46987
2024-07-01,IL,166.74196
2024-07-01,IL,16200.4332
2024-07-01,IL,16407.64503
2024-07-01,IN,6855.74675
2024-07-01,IN,1772.90346
2024-07-01,IN,596.45382
2024-07-01,IN,0.50793
2024-07-01,IN,21.29203
2024-07-01,IN,53.43132
2024-07-01,IN,385.8379
2024-07-01,IN,8628.65021
2024-07-01,IN,2369.35728
2024-07-01,IN,21.79996
2024-07-01,IN,439.26922
2024-07-01,IN,9225.10403
2024-07-01,IN,9686.1732
2024-07-01,KY,6912.50962
2024-07-01,KY,126.89946
2024-07-01,KY,0.177
2024-07-01,KY,36.82864
2024-07-01,KY,7039.40908
2024-07-01,KY,126.89946
2024-07-01,KY,0.177
2024-07-01,KY,36.82864
2024-07-01,KY,7039.40908
2024-07-01,KY,7076.41472
2024-07-01,LA,6864.6229
2024-07-01,LA,388.6084
2024-07-01,LA,297.898
2024-07-01,LA,4.35343
2024-07-01,LA,44.40689
2024-07-01,LA,2360.12596
2024-07-01,LA,7253.2313
2024-07-01,LA,686.5064
2024-07-01,LA,1.95214
2024-07-01,LA,4.35343
2024-07-01,LA,2404.53285
2024-07-01,LA,7551.1293
2024-07-01,LA,9960.01558
2024-07-01,MI,9422.70154
2024-07-01,MI,1333.1991
2024-07-01,MI,1619.60567
2024-07-01,MI,8.57936
2024-07-01,MI,56.38471
2024-07-01,MI,
2024-07-01,MI,111.60361
2024-07-01,MI,10755.90064
2024-07-01,MI,2952.80477
2024-07-01,MI,0.0
2024-07-01,MI,64.96407
2024-07-01,MI,112.57991
2024-07-01,MI,12375.50631
2024-07-01,MI,12553.05029
2024-07-01,MN,4201.78897
2024-07-01,MN,1240.16698
2024-07-01,MN,175.02363
2024-07-01,MN,0.82755
2024-07-01,MN,27.72175
2024-07-01,MN,3.974
2024-07-01,MN,126.97995
2024-07-01,MN,5441.95595
2024-07-01,MN,1415.19061
2024-07-01,MN,28.5493
2024-07-01,MN,130.95395
2024-07-01,MN,5616.97958
2024-07-01,MN,5776.48283
2024-07-01,MO,6635.26399
2024-07-01,MO,547.86196
2024-07-01,MO,23.81701
2024-07-01,MO,0.039
2024-07-01,MO,19.72846
2024-07-01,MO,2.771
2024-07-01,MO,7183.12595
2024-07-01,MO,571.67897
2024-07-01,MO,19.76746
2024-07-01,MO,2.771
2024-07-01,MO,7206.94296
2024-07-01,MO,7229.48142
2024-07-01,MS,7278.88408
2024-07-01,MS,360.79899
2024-07-01,MS,0.0
2024-07-01,MS,0.0
2024-07-01,MS,157.11202
2024-07-01,MS,7639.68307
2024-07-01,MS,360.79899
2024-07-01,MS,0.0
2024-07-01,MS,157.11202
2024-07-01,MS,7639.68307
2024-07-01,MS,7796.79509
2024-07-01,MT,1100.10488
2024-07-01,MT,1088.3909
2024-07-01,MT,36.255
2024-07-01,MT,0.511
2024-07-01,MT,2.53646
2024-07-01,MT,2188.49578
2024-07-01,MT,1124.6459
2024-07-01,MT,3.04746
2024-07-01,MT,2224.75078
2024-07-01,MT,2227.79823
2024-07-01,ND,3018.88581
2024-07-01,ND,495.5
2024-07-01,ND,0.0
2024-07-01,ND,4.08715
2024-07-01,ND,3514.38581
2024-07-01,ND,495.5
2024-07-01,ND,0.0
2024-07-01,ND,4.08715
2024-07-01,ND,3514.38581
2024-07-01,ND,3518.47296
2024-07-01,SD,983.47754
2024-07-01,SD,597.25484
2024-07-01,SD,
2024-07-01,SD,7.77094
2024-07-01,SD,1580.73237
2024-07-01,SD,597.25484
2024-07-01,SD,
2024-07-01,SD,7.77094
2024-07-01,SD,1580.73237
2024-07-01,SD,1588.5045
2024-07-01,TX,10163.21649
2024-07-01,TX,36304.36852
2024-07-01,TX,4336.56381
2024-07-01,TX,5.99597
2024-07-01,TX,58.93612
2024-07-01,TX,153.23155
2024-07-01,TX,3500.33539
2024-07-01,TX,46467.58501
2024-07-01,TX,40640.93233
2024-07-01,TX,144.72345
2024-07-01,TX,64.93209
2024-07-01,TX,3653.56695
2024-07-01,TX,50804.14882
2024-07-01,TX,54522.64785
2024-07-01,WI,5259.96427
2024-07-01,WI,987.50279
2024-07-01,WI,1.70419
2024-07-01,WI,1.06649
2024-07-01,WI,6.50933
2024-07-01,WI,3.501
2024-07-01,WI,110.01271
2024-07-01,WI,6247.46706
2024-07-01,WI,989.20698
2024-07-01,WI,7.57582
2024-07-01,WI,113.51371
2024-07-01,WI,6249.17125
2024-07-01,WI,6370.26078
2024-08-01,AR,5935.19033
2024-08-01,AR,467.29207
2024-08-01,AR,102.379
2024-08-01,AR,2.063
2024-08-01,AR,3.93757
2024-08-01,AR,0.424
2024-08-01,AR,82.08948
2024-08-01,AR,6402.4824
2024-08-01,AR,569.67107
2024-08-01,AR,6.00057
2024-08-01,AR,82.51348
2024-08-01,AR,6504.8614
2024-08-01,AR,6593.37545
2024-08-01,IA,4707.92637
2024-08-01,IA,674.38268
2024-08-01,IA,0.0
2024-08-01,IA,0.162
2024-08-01,IA,9.02272
2024-08-01,IA,0.02434
2024-08-01,IA,214.87169
2024-08-01,IA,5382.30904
2024-08-01,IA,674.38268
2024-08-01,IA,9.18472
2024-08-01,IA,214.89603
2024-08-01,IA,5382.30904
2024-08-01,IA,5606.38979
2024-08-01,IL,498.637
2024-08-01,IL,16202.85219
2024-08-01,IL,77.34656
2024-08-01,IL,0.43582
2024-08-01,IL,44.59603
2024-08-01,IL,1.45458
2024-08-01,IL,163.87353
2024-08-01,IL,16701.48919
2024-08-01,IL,16280.19875
2024-08-01,IL,45.03186
2024-08-01,IL,165.32812
2024-08-01,IL,16778.83575
2024-08-01,IL,16989.19573
2024-08-01,IN,6286.6925
2024-08-01,IN,1771.87997
2024-08-01,IN,539.67588
2024-08-01,IN,0.79714
2024-08-01,IN,20.41896
2024-08-01,IN,54.68682
2024-08-01,IN,366.2281
2024-08-01,IN,8058.57246
2024-08-01,IN,2311.55585
2024-08-01,IN,21.2161
2024-08-01,IN,420.91492
2024-08-01,IN,8598.24835
2024-08-01,IN,9040.37936
2024-08-01,KY,6778.72762
2024-08-01,KY,95.85336
2024-08-01,KY,0.173
2024-08-01,KY,32.13135
2024-08-01,KY,6874.58098
2024-08-01,KY,95.85336
2024-08-01,KY,0.173
2024-08-01,KY,32.13135
2024-08-01,KY,6874.58098
2024-08-01,KY,6906.88533
2024-08-01,LA,6739.44762
2024-08-01,LA,571.69439
2024-08-01,LA,299.521
2024-08-01,LA,3.97993
2024-08-01,LA,36.83958
2024-08-01,LA,2460.28357
2024-08-01,LA,7311.14201
2024-08-01,LA,871.21539
2024-08-01,LA,2.22882
2024-08-01,LA,3.97993
2024-08-01,LA,2497.12315
2024-08-01,LA,7610.66301
2024-08-01,LA,10111.76609
2024-08-01,MI,9011.50654
2024-08-01,MI,1320.38214
2024-08-01,MI,1586.73157
2024-08-01,MI,8.8388
2024-08-01,MI,56.52859
2024-08-01,MI,
2024-08-01,MI,112.79269
2024-08-01,MI,10331.88868
2024-08-01,MI,2907.11371
2024-08-01,MI,0.0
2024-08-01,MI,65.36738
2024-08-01,MI,113.70153
2024-08-01,MI,11918.62025
2024-08-01,MI,12097.68916
2024-08-01,MN,4009.99884
2024-08-01,MN,1259.76829
2024-08-01,MN,143.83853
2024-08-01,MN,1.19335
2024-08-01,MN,20.33112
2024-08-01,MN,7.167
2024-08-01,MN,122.15732
2024-08-01,MN,5269.76713
2024-08-01,MN,1403.60682
2024-08-01,MN,21.52447
2024-08-01,MN,129.32432
2024-08-01,MN,5413.60566
2024-08-01,MN,5564.45446
2024-08-01,MO,6255.21577
2024-08-01,MO,591.11992
2024-08-01,MO,22.45986
2024-08-01,MO,0.037
2024-08-01,MO,19.51
2024-08-01,MO,2.873
2024-08-01,MO,6846.33569
2024-08-01,MO,613.57978
2024-08-01,MO,19.547
2024-08-01,MO,2.873
2024-08-01,MO,6868.79555
2024-08-01,MO,6891.21555
2024-08-01,MS,7394.98778
2024-08-01,MS,475.12401
2024-08-01,MS,0.0
2024-08-01,MS,0.0
2024-08-01,MS,147.83178
2024-08-01,MS,7870.11178
2024-08-01,MS,475.12401
2024-08-01,MS,0.0
2024-08-01,MS,147.83178
2024-08-01,MS,7870.11178
2024-08-01,MS,8017.94356
2024-08-01,MT,893.22429
2024-08-01,MT,1336.3793
2024-08-01,MT,33.831
2024-08-01,MT,0.427
2024-08-01,MT,2.51561
2024-08-01,MT,2229.60359
2024-08-01,MT,1370.2103
2024-08-01,MT,2.94261
2024-08-01,MT,2263.43459
2024-08-01,MT,2266.3772
2024-08-01,ND,3022.97716
2024-08-01,ND,761.329
2024-08-01,ND,0.002
2024-08-01,ND,8.41506
2024-08-01,ND,3784.30616
2024-08-01,ND,761.329
2024-08-01,ND,0.002
2024-08-01,ND,8.41506
2024-08-01,ND,3784.30616
2024-08-01,ND,3792.72322
2024-08-01,SD,1119.76049
2024-08-01,SD,751.463
2024-08-01,SD,
2024-08-01,SD,7.34536
2024-08-01,SD,1871.22349
2024-08-01,SD,751.463
2024-08-01,SD,
2024-08-01,SD,7.34536
2024-08-01,SD,1871.22349
2024-08-01,SD,1878.57024
2024-08-01,TX,11181.21034
2024-08-01,TX,39337.45971
2024-08-01,TX,4612.83566
2024-08-01,TX,5.93226
2024-08-01,TX,71.57588
2024-08-01,TX,158.86958
2024-08-01,TX,3866.60974
2024-08-01,TX,50518.67005
2024-08-01,TX,43950.29537
2024-08-01,TX,166.96499
2024-08-01,TX,77.50814
2024-08-01,TX,4025.47932
2024-08-01,TX,55131.50571
2024-08-01,TX,59234.49316
2024-08-01,WI,5191.78241
2024-08-01,WI,980.65816
2024-08-01,WI,1.71314
2024-08-01,WI,1.23741
2024-08-01,WI,7.17566
2024-08-01,WI,3.74
2024-08-01,WI,104.16231
2024-08-01,WI,6172.44057
2024-08-01,WI,982.3713
2024-08-01,WI,8.41307
2024-08-01,WI,107.90231
2024-08-01,WI,6174.15371
2024-08-01,WI,6290.46909
2024-09-01,AR,4130.56087
2024-09-01,AR,470.92365
2024-09-01,AR,116.808
2024-09-01,AR,1.869
2024-09-01,AR,2.47328
2024-09-01,AR,0.293
2024-09-01,AR,85.35557
2024-09-01,AR,4601.48452
2024-09-01,AR,587.73165
2024-09-01,AR,4.34228
2024-09-01,AR,85.64857
2024-09-01,AR,4718.29252
2024-09-01,AR,4808.28337
2024-09-01,IA,4411.20597
2024-09-01,IA,888.29363
2024-09-01,IA,0.0
2024-09-01,IA,0.214
2024-09-01,IA,12.96003
2024-09-01,IA,0.00101
2024-09-01,IA,198.96386
2024-09-01,IA,5299.4996
2024-09-01,IA,888.29363
2024-09-01,IA,13.17403
2024-09-01,IA,198.96487
2024-09-01,IA,5299.4996
2024-09-01,IA,5511.6385
2024-09-01,IL,448.59159
2024-09-01,IL,14152.50164
2024-09-01,IL,60.93202
2024-09-01,IL,0.5587
2024-09-01,IL,36.74176
2024-09-01,IL,
2024-09-01,IL,152.90298
2024-09-01,IL,14601.09322
2024-09-01,IL,14213.43366
2024-09-01,IL,37.30046
2024-09-01,IL,153.98908
2024-09-01,IL,14662.02524
2024-09-01,IL,14853.31478
2024-09-01,IN,4331.69346
2024-09-01,IN,1531.64098
2024-09-01,IN,507.57856
2024-09-01,IN,0.69075
2024-09-01,IN,20.31924
2024-09-01,IN,48.53136
2024-09-01,IN,246.04149
2024-09-01,IN,5863.33444
2024-09-01,IN,2039.21955
2024-09-01,IN,21.00999
2024-09-01,IN,294.57285
2024-09-01,IN,6370.913
2024-09-01,IN,6686.49584
2024-09-01,KY,5146.61029
2024-09-01,KY,73.43765
2024-09-01,KY,0.131
2024-09-01,KY,38.68753
2024-09-01,KY,5220.04794
2024-09-01,KY,73.43765
2024-09-01,KY,0.131
2024-09-01,KY,38.68753
2024-09-01,KY,5220.04794
2024-09-01,KY,5258.86647
2024-09-01,LA,5802.68634
2024-09-01,LA,296.11209
2024-09-01,LA,209.362
2024-09-01,LA,3.53071
2024-09-01,LA,25.82955
2024-09-01,LA,2159.83654
2024-09-01,LA,6098.79843
2024-09-01,LA,505.47409
2024-09-01,LA,1.80574
2024-09-01,LA,3.53071
2024-09-01,LA,2185.66609
2024-09-01,LA,6308.16043
2024-09-01,LA,8497.35723
2024-09-01,MI,7853.56356
2024-09-01,MI,1289.20686
2024-09-01,MI,1438.5723
2024-09-01,MI,5.21209
2024-09-01,MI,49.66845
2024-09-01,MI,
2024-09-01,MI,93.7764
2024-09-01,MI,9142.77042
2024-09-01,MI,2727.77916
2024-09-01,MI,0.0
2024-09-01,MI,54.88055
2024-09-01,MI,94.77245
2024-09-01,MI,10581.34272
2024-09-01,MI,10730.99571
2024-09-01,MN,3170.8379
2024-09-01,MN,1292.16889
2024-09-01,MN,153.65069
2024-09-01,MN,1.50467
2024-09-01,MN,24.5406
2024-09-01,MN,4.102
2024-09-01,MN,116.10272
2024-09-01,MN,4463.00679
2024-09-01,MN,1445.81958
2024-09-01,MN,26.04526
2024-09-01,MN,120.20472
2024-09-01,MN,4616.65748
2024-09-01,MN,4762.90745
2024-09-01,MO,4788.96998
2024-09-01,MO,557.76793
2024-09-01,MO,19.01706
2024-09-01,MO,0.036
2024-09-01,MO,18.155
2024-09-01,MO,2.303
2024-09-01,MO,5346.7379
2024-09-01,MO,576.78498
2024-09-01,MO,18.191
2024-09-01,MO,2.303
2024-09-01,MO,5365.75496
2024-09-01,MO,5386.24896
2024-09-01,MS,6068.79843
2024-09-01,MS,441.92603
2024-09-01,MS,0.0
2024-09-01,MS,0.0
2024-09-01,MS,129.56314
2024-09-01,MS,6510.72446
2024-09-01,MS,441.92603
2024-09-01,MS,0.0
2024-09-01,MS,129.56314
2024-09-01,MS,6510.72446
2024-09-01,MS,6640.2876
2024-09-01,MT,833.65998
2024-09-01,MT,1411.06015
2024-09-01,MT,31.681
2024-09-01,MT,0.463
2024-09-01,MT,2.33046
2024-09-01,MT,2244.72014
2024-09-01,MT,1442.74115
2024-09-01,MT,2.79346
2024-09-01,MT,2276.40114
2024-09-01,MT,2279.19459
2024-09-01,ND,2493.99137
2024-09-01,ND,848.454
2024-09-01,ND,0.002
2024-09-01,ND,17.09352
2024-09-01,ND,3342.44537
2024-09-01,ND,848.454
2024-09-01,ND,0.002
2024-09-01,ND,17.09352
2024-09-01,ND,3342.44537
2024-09-01,ND,3359.54089
2024-09-01,SD,1008.55754
2024-09-01,SD,814.725
2024-09-01,SD,
2024-09-01,SD,5.68975
2024-09-01,SD,1823.28254
2024-09-01,SD,814.725
2024-09-01,SD,
2024-09-01,SD,5.68975
2024-09-01,SD,1823.28254
2024-09-01,SD,1828.97334
2024-09-01,TX,9444.40143
2024-09-01,TX,32673.19283
2024-09-01,TX,4229.64603
2024-09-01,TX,4.63575
2024-09-01,TX,64.02927
2024-09-01,TX,132.60529
2024-09-01,TX,3497.71784
2024-09-01,TX,42117.59426
2024-09-01,TX,36902.83886
2024-09-01,TX,121.05589
2024-09-01,TX,68.66501
2024-09-01,TX,3630.32314
2024-09-01,TX,46347.24029
2024-09-01,TX,50046.22844
2024-09-01,WI,4626.3544
2024-09-01,WI,940.5804
2024-09-01,WI,1.64132
2024-09-01,WI,1.43852
2024-09-01,WI,7.71591
2024-09-01,WI,3.506
2024-09-01,WI,103.91704
2024-09-01,WI,5566.9348
2024-09-01,WI,942.22172
2024-09-01,WI,9.15442
2024-09-01,WI,107.42304
2024-09-01,WI,5568.57611
2024-09-01,WI,5685.15357
2024-10-01,AR,3826.11817
2024-10-01,AR,512.01119
2024-10-01,AR,28.375
2024-10-01,AR,1.383
2024-10-01,AR,2.68505
2024-10-01,AR,0.347
2024-10-01,AR,76.03439
2024-10-01,AR,4338.12936
2024-10-01,AR,540.38619
2024-10-01,AR,4.06805
2024-10-01,AR,76.38139
2024-10-01,AR,4366.50436
2024-10-01,AR,4446.9538
2024-10-01,IA,4920.47259
2024-10-01,IA,1338.72297
2024-10-01,IA,0.0
2024-10-01,IA,0.016
2024-10-01,IA,7.85058
2024-10-01,IA,0.00152
2024-10-01,IA,184.41632
2024-10-01,IA,6259.19555
2024-10-01,IA,1338.72297
2024-10-01,IA,7.86658
2024-10-01,IA,184.41784
2024-10-01,IA,6259.19555
2024-10-01,IA,6451.47997
2024-10-01,IL,293.30133
2024-10-01,IL,14602.47636
2024-10-01,IL,55.52047
2024-10-01,IL,0.6008
2024-10-01,IL,31.6885
2024-10-01,IL,
2024-10-01,IL,123.5697
2024-10-01,IL,14895.77769
2024-10-01,IL,14657.99683
2024-10-01,IL,32.28929
2024-10-01,IL,124.82115
2024-10-01,IL,14951.29816
2024-10-01,IL,15108.4086
2024-10-01,IN,4021.79725
2024-10-01,IN,2181.07321
2024-10-01,IN,542.84207
2024-10-01,IN,0.62256
2024-10-01,IN,14.51846
2024-10-01,IN,50.8791
2024-10-01,IN,224.6264
2024-10-01,IN,6202.87046
2024-10-01,IN,2723.91528
2024-10-01,IN,15.14102
2024-10-01,IN,275.5055
2024-10-01,IN,6745.71253
2024-10-01,IN,7036.35905
2024-10-01,KY,4174.94262
2024-10-01,KY,69.48812
2024-10-01,KY,0.151
2024-10-01,KY,36.62165
2024-10-01,KY,4244.43075
2024-10-01,KY,69.48812
2024-10-01,KY,0.151
2024-10-01,KY,36.62165
2024-10-01,KY,4244.43075
2024-10-01,KY,4281.20339
2024-10-01,LA,5614.05646
2024-10-01,LA,233.04573
2024-10-01,LA,218.331
2024-10-01,LA,3.37155
2024-10-01,LA,27.93124
2024-10-01,LA,1913.96453
2024-10-01,LA,5847.10219
2024-10-01,LA,451.37673
2024-10-01,LA,1.76169
2024-10-01,LA,3.37155
2024-10-01,LA,1941.89576
2024-10-01,LA,6065.43319
2024-10-01,LA,8010.7005
2024-10-01,MI,7512.80976
2024-10-01,MI,783.29531
2024-10-01,MI,1492.69317
2024-10-01,MI,9.24256
2024-10-01,MI,53.50534
2024-10-01,MI,
2024-10-01,MI,103.81374
2024-10-01,MI,8296.10507
2024-10-01,MI,2275.98848
2024-10-01,MI,0.0
2024-10-01,MI,62.7479
2024-10-01,MI,104.8306
2024-10-01,MI,9788.79824
2024-10-01,MI,9956.37674
2024-10-01,MN,2530.54391
2024-10-01,MN,1241.00634
2024-10-01,MN,127.4134
2024-10-01,MN,2.03666
2024-10-01,MN,20.29972
2024-10-01,MN,2.552
2024-10-01,MN,102.01805
2024-10-01,MN,3771.55025
2024-10-01,MN,1368.41974
2024-10-01,MN,22.33638
2024-10-01,MN,104.57005
2024-10-01,MN,3898.96365
2024-10-01,MN,4025.87008
2024-10-01,MO,4189.48423
2024-10-01,MO,627.84873
2024-10-01,MO,13.07539
2024-10-01,MO,0.041
2024-10-01,MO,16.018
2024-10-01,MO,3.025
2024-10-01,MO,4817.33296
2024-10-01,MO,640.92412
2024-10-01,MO,16.059
2024-10-01,MO,3.025
2024-10-01,MO,4830.40835
2024-10-01,MO,4849.49235
2024-10-01,MS,5636.73182
2024-10-01,MS,265.29403
2024-10-01,MS,0.0
2024-10-01,MS,0.0
2024-10-01,MS,150.94831
2024-10-01,MS,5902.02585
2024-10-01,MS,265.29403
2024-10-01,MS,0.0
2024-10-01,MS,150.94831
2024-10-01,MS,5902.02585
2024-10-01,MS,6052.97416
2024-10-01,MT,835.61479
2024-10-01,MT,1334.95454
2024-10-01,MT,1.796
2024-10-01,MT,0.225
2024-10-01,MT,2.161
2024-10-01,MT,2170.56933
2024-10-01,MT,1336.75054
2024-10-01,MT,2.386
2024-10-01,MT,2172.36533
2024-10-01,MT,2174.75133
2024-10-01,ND,2439.25816
2024-10-01,ND,833.541
2024-10-01,ND,0.006
2024-10-01,ND,16.60202
2024-10-01,ND,3272.79916
2024-10-01,ND,833.541
2024-10-01,ND,0.006
2024-10-01,ND,16.60202
2024-10-01,ND,3272.79916
2024-10-01,ND,3289.40718
2024-10-01,SD,928.68408
2024-10-01,SD,906.449
2024-10-01,SD,
2024-10-01,SD,4.06476
2024-10-01,SD,1835.13308
2024-10-01,SD,906.449
2024-10-01,SD,
2024-10-01,SD,4.06476
2024-10-01,SD,1835.13308
2024-10-01,SD,1839.19913
2024-10-01,TX,7933.43402
2024-10-01,TX,32718.68371
2024-10-01,TX,3849.0161
2024-10-01,TX,2.52349
2024-10-01,TX,38.79847
2024-10-01,TX,118.92201
2024-10-01,TX,3175.52294
2024-10-01,TX,40652.11773
2024-10-01,TX,36567.69981
2024-10-01,TX,136.48154
2024-10-01,TX,41.32196
2024-10-01,TX,3294.44496
2024-10-01,TX,44501.13383
2024-10-01,TX,47836.90074
2024-10-01,WI,3612.92312
2024-10-01,WI,703.23295
2024-10-01,WI,1.88655
2024-10-01,WI,2.91065
2024-10-01,WI,7.29577
2024-10-01,WI,2.469
2024-10-01,WI,115.08653
2024-10-01,WI,4316.15607
2024-10-01,WI,705.11951
2024-10-01,WI,10.20642
2024-10-01,WI,117.55553
2024-10-01,WI,4318.04263
2024-10-01,WI,4445.80458
2024-11-01,AR,3762.30696
2024-11-01,AR,429.04549
2024-11-01,AR,0.0
2024-11-01,AR,0.499
2024-11-01,AR,2.47278
2024-11-01,AR,0.195
2024-11-01,AR,89.60151
2024-11-01,AR,4191.35245
2024-11-01,AR,429.04549
2024-11-01,AR,2.97178
2024-11-01,AR,89.79651
2024-11-01,AR,4191.35245
2024-11-01,AR,4284.12074
2024-11-01,IA,4697.46835
2024-11-01,IA,1140.81635
2024-11-01,IA,0.0
2024-11-01,IA,0.373
2024-11-01,IA,10.21491
2024-11-01,IA,0.00148
2024-11-01,IA,189.30493
2024-11-01,IA,5838.2847
2024-11-01,IA,1140.81635
2024-11-01,IA,10.58791
2024-11-01,IA,189.30641
2024-11-01,IA,5838.2847
2024-11-01,IA,6038.17902
2024-11-01,IL,263.59472
2024-11-01,IL,13802.42545
2024-11-01,IL,46.17764
2024-11-01,IL,0.54319
2024-11-01,IL,24.8196
2024-11-01,IL,1.02384
2024-11-01,IL,147.20732
2024-11-01,IL,14066.02017
2024-11-01,IL,13848.60309
2024-11-01,IL,25.36279
2024-11-01,IL,148.23116
2024-11-01,IL,14112.19781
2024-11-01,IL,14285.79177
2024-11-01,IN,4459.16591
2024-11-01,IN,2271.14041
2024-11-01,IN,508.02619
2024-11-01,IN,0.5077
2024-11-01,IN,17.25675
2024-11-01,IN,50.11762
2024-11-01,IN,215.80999
2024-11-01,IN,6730.30632
2024-11-01,IN,2779.1666
2024-11-01,IN,17.76445
2024-11-01,IN,265.92761
2024-11-01,IN,7238.33251
2024-11-01,IN,7522.02457
2024-11-01,KY,4238.15734
2024-11-01,KY,31.74049
2024-11-01,KY,0.073
2024-11-01,KY,46.14897
2024-11-01,KY,4269.89783
2024-11-01,KY,31.74049
2024-11-01,KY,0.073
2024-11-01,KY,46.14897
2024-11-01,KY,4269.89783
2024-11-01,KY,4316.1198
2024-11-01,LA,5342.34391
2024-11-01,LA,243.027
2024-11-01,LA,239.57
2024-11-01,LA,3.2746
2024-11-01,LA,37.48714
2024-11-01,LA,2014.58911
2024-11-01,LA,5585.37091
2024-11-01,LA,482.597
2024-11-01,LA,1.40741
2024-11-01,LA,3.2746
2024-11-01,LA,2052.07625
2024-11-01,LA,5824.94091
2024-11-01,LA,7880.29176
2024-11-01,MI,7574.63487
2024-11-01,MI,613.24578
2024-11-01,MI,1480.19016
2024-11-01,MI,8.81933
2024-11-01,MI,50.26649
2024-11-01,MI,
2024-11-01,MI,117.741
2024-11-01,MI,8187.88065
2024-11-01,MI,2093.43594
2024-11-01,MI,0.0
2024-11-01,MI,59.08582
2024-11-01,MI,118.69848
2024-11-01,MI,9668.07081
2024-11-01,MI,9845.8551
2024-11-01,MN,2954.46791
2024-11-01,MN,1191.13014
2024-11-01,MN,169.39244
2024-11-01,MN,1.82282
2024-11-01,MN,21.86407
2024-11-01,MN,3.569
2024-11-01,MN,119.96652
2024-11-01,MN,4145.59805
2024-11-01,MN,1360.52258
2024-11-01,MN,23.68689
2024-11-01,MN,123.53552
2024-11-01,MN,4314.99049
2024-11-01,MN,4462.2129
2024-11-01,MO,3699.80174
2024-11-01,MO,402.78224
2024-11-01,MO,16.46998
2024-11-01,MO,0.025
2024-11-01,MO,11.566
2024-11-01,MO,3.32
2024-11-01,MO,4102.58398
2024-11-01,MO,419.25222
2024-11-01,MO,11.591
2024-11-01,MO,3.32
2024-11-01,MO,4119.05396
2024-11-01,MO,4133.96496
2024-11-01,MS,5285.55279
2024-11-01,MS,354.52296
2024-11-01,MS,0.0
2024-11-01,MS,0.0
2024-11-01,MS,160.47383
2024-11-01,MS,5640.07575
2024-11-01,MS,354.52296
2024-11-01,MS,0.0
2024-11-01,MS,160.47383
2024-11-01,MS,5640.07575
2024-11-01,MS,5800.54958
2024-11-01,MT,927.96453
2024-11-01,MT,1345.93313
2024-11-01,MT,23.035
2024-11-01,MT,0.157
2024-11-01,MT,2.16139
2024-11-01,MT,2273.89765
2024-11-01,MT,1368.96813
2024-11-01,MT,2.31839
2024-11-01,MT,2296.93265
2024-11-01,MT,2299.25104
2024-11-01,ND,2758.27407
2024-11-01,ND,803.849
2024-11-01,ND,0.0
2024-11-01,ND,15.14967
2024-11-01,ND,3562.12307
2024-11-01,ND,803.849
2024-11-01,ND,0.0
2024-11-01,ND,15.14967
2024-11-01,ND,3562.12307
2024-11-01,ND,3577.27274
2024-11-01,SD,936.47628
2024-11-01,SD,807.37
2024-11-01,SD,
2024-11-01,SD,5.05955
2024-11-01,SD,1743.84628
2024-11-01,SD,807.37
2024-11-01,SD,
2024-11-01,SD,5.05955
2024-11-01,SD,1743.84628
2024-11-01,SD,1748.907
2024-11-01,TX,6212.67214
2024-11-01,TX,28926.69799
2024-11-01,TX,3228.09243
2024-11-01,TX,2.29701
2024-11-01,TX,33.7257
2024-11-01,TX,118.16966
2024-11-01,TX,3254.48346
2024-11-01,TX,35139.37014
2024-11-01,TX,32154.79042
2024-11-01,TX,126.04556
2024-11-01,TX,36.02271
2024-11-01,TX,3372.65312
2024-11-01,TX,38367.46256
2024-11-01,TX,41776.13839
2024-11-01,WI,3944.69053
2024-11-01,WI,951.04249
2024-11-01,WI,1.73869
2024-11-01,WI,2.33712
2024-11-01,WI,8.60175
2024-11-01,WI,3.694
2024-11-01,WI,109.59319
2024-11-01,WI,4895.73302
2024-11-01,WI,952.78118
2024-11-01,WI,10.93886
2024-11-01,WI,113.28719
2024-11-01,WI,4897.47171
2024-11-01,WI,5021.69776
2024-12-01,AR,4082.72214
2024-12-01,AR,395.48574
2024-12-01,AR,75.425
2024-12-01,AR,0.691
2024-12-01,AR,1.52875
2024-12-01,AR,0.156
2024-12-01,AR,87.47317
2024-12-01,AR,4478.20788
2024-12-01,AR,470.91074
2024-12-01,AR,2.21975
2024-12-01,AR,87.62917
2024-12-01,AR,4553.63288
2024-12-01,AR,4643.4818
2024-12-01,IA,5108.39991
2024-12-01,IA,1067.07107
2024-12-01,IA,0.0
2024-12-01,IA,0.172
2024-12-01,IA,11.34614
2024-12-01,IA,0.00439
2024-12-01,IA,181.03447
2024-12-01,IA,6175.47099
2024-12-01,IA,1067.07107
2024-12-01,IA,11.51814
2024-12-01,IA,181.03886
2024-12-01,IA,6175.47099
2024-12-01,IA,6368.02799
2024-12-01,IL,345.19478
2024-12-01,IL,15798.2069
2024-12-01,IL,49.5747
2024-12-01,IL,0.58128
2024-12-01,IL,34.33524
2024-12-01,IL,
2024-12-01,IL,208.40366
2024-12-01,IL,16143.40168
2024-12-01,IL,15847.7816
2024-12-01,IL,34.91651
2024-12-01,IL,209.32116
2024-12-01,IL,16192.97638
2024-12-01,IL,16437.21406
2024-12-01,IN,5878.90842
2024-12-01,IN,2537.37578
2024-12-01,IN,552.56258
2024-12-01,IN,0.66398
2024-12-01,IN,17.07227
2024-12-01,IN,47.75278
2024-12-01,IN,346.73777
2024-12-01,IN,8416.28421
2024-12-01,IN,3089.93836
2024-12-01,IN,17.73625
2024-12-01,IN,394.49055
2024-12-01,IN,8968.84678
2024-12-01,IN,9381.07358
2024-12-01,KY,5985.76253
2024-12-01,KY,102.48548
2024-12-01,KY,0.063
2024-12-01,KY,46.16778
2024-12-01,KY,6088.24801
2024-12-01,KY,102.48548
2024-12-01,KY,0.063
2024-12-01,KY,46.16778
2024-12-01,KY,6088.24801
2024-12-01,KY,6134.47879
2024-12-01,LA,5027.95879
2024-12-01,LA,182.97247
2024-12-01,LA,252.545
2024-12-01,LA,3.26502
2024-12-01,LA,27.46845
2024-12-01,LA,2223.49602
2024-12-01,LA,5210.93126
2024-12-01,LA,435.51747
2024-12-01,LA,1.44269
2024-12-01,LA,3.26502
2024-12-01,LA,2250.96448
2024-12-01,LA,5463.47626
2024-12-01,LA,7717.70576
2024-12-01,MI,8734.86951
2024-12-01,MI,598.73601
2024-12-01,MI,1366.44316
2024-12-01,MI,8.83968
2024-12-01,MI,51.93488
2024-12-01,MI,
2024-12-01,MI,113.60996
2024-12-01,MI,9333.60552
2024-12-01,MI,1965.17917
2024-12-01,MI,0.0
2024-12-01,MI,60.77456
2024-12-01,MI,114.56473
2024-12-01,MI,10700.04868
2024-12-01,MI,10875.38796
2024-12-01,MN,3742.74262
2024-12-01,MN,1182.4118
2024-12-01,MN,140.92817
2024-12-01,MN,1.49459
2024-12-01,MN,20.07238
2024-12-01,MN,2.793
2024-12-01,MN,123.13318
2024-12-01,MN,4925.15443
2024-12-01,MN,1323.33998
2024-12-01,MN,21.56697
2024-12-01,MN,125.92618
2024-12-01,MN,5066.0826
2024-12-01,MN,5213.57575
2024-12-01,MO,5257.80031
2024-12-01,MO,518.98702
2024-12-01,MO,18.34099
2024-12-01,MO,0.019
2024-12-01,MO,12.67
2024-12-01,MO,4.15
2024-12-01,MO,5776.78733
2024-12-01,MO,537.32801
2024-12-01,MO,12.689
2024-12-01,MO,4.15
2024-12-01,MO,5795.12832
2024-12-01,MO,5811.96732
2024-12-01,MS,6053.956
2024-12-01,MS,475.65932
2024-12-01,MS,0.0
2024-12-01,MS,0.0
2024-12-01,MS,160.30404
2024-12-01,MS,6529.61532
2024-12-01,MS,475.65932
2024-12-01,MS,0.0
2024-12-01,MS,160.30404
2024-12-01,MS,6529.61532
2024-12-01,MS,6689.91935
2024-12-01,MT,1110.90488
2024-12-01,MT,1645.79032
2024-12-01,MT,42.901
2024-12-01,MT,0.002
2024-12-01,MT,2.28732
2024-12-01,MT,2756.6952
2024-12-01,MT,1688.69132
2024-12-01,MT,2.28932
2024-12-01,MT,2799.5962
2024-12-01,MT,2801.88552
2024-12-01,ND,3095.32478
2024-12-01,ND,951.732
2024-12-01,ND,0.104
2024-12-01,ND,16.7716
2024-12-01,ND,4047.05678
2024-12-01,ND,951.732
2024-12-01,ND,0.104
2024-12-01,ND,16.7716
2024-12-01,ND,4047.05678
2024-12-01,ND,4063.93238
2024-12-01,SD,831.66786
2024-12-01,SD,864.84
2024-12-01,SD,
2024-12-01,SD,5.21982
2024-12-01,SD,1696.50786
2024-12-01,SD,864.84
2024-12-01,SD,
2024-12-01,SD,5.21982
2024-12-01,SD,1696.50786
2024-12-01,SD,1701.72902
2024-12-01,TX,6809.38258
2024-12-01,TX,29374.42227
2024-12-01,TX,3846.02025
2024-12-01,TX,5.603
2024-12-01,TX,31.84227
2024-12-01,TX,123.58015
2024-12-01,TX,3768.83778
2024-12-01,TX,36183.80485
2024-12-01,TX,33220.44252
2024-12-01,TX,131.61224
2024-12-01,TX,37.44526
2024-12-01,TX,3892.41792
2024-12-01,TX,40029.8251
2024-12-01,TX,43959.68828
2024-12-01,WI,4938.31811
2024-12-01,WI,995.05819
2024-12-01,WI,1.62371
2024-12-01,WI,2.16638
2024-12-01,WI,5.70466
2024-12-01,WI,3.276
2024-12-01,WI,122.47183
2024-12-01,WI,5933.3763
2024-12-01,WI,996.68189
2024-12-01,WI,7.87104
2024-12-01,WI,125.74783
2024-12-01,WI,5935.0
2024-12-01,WI,6068.61887
2025-01-01,AR,5193.21988
2025-01-01,AR,602.80854
2025-01-01,AR,114.554
2025-01-01,AR,0.969
2025-01-01,AR,
2025-01-01,AR,
2025-01-01,AR,83.64469
2025-01-01,AR,5796.02842
2025-01-01,AR,717.36254
2025-01-01,AR,
2025-01-01,AR,83.86294
2025-01-01,AR,5910.58242
2025-01-01,AR,5998.45537
2025-01-01,IA,5640.43903
2025-01-01,IA,1320.02598
2025-01-01,IA,0.0
2025-01-01,IA,0.25
2025-01-01,IA,11.35717
2025-01-01,IA,
2025-01-01,IA,170.72045
2025-01-01,IA,6960.46501
2025-01-01,IA,1320.02598
2025-01-01,IA,11.60717
2025-01-01,IA,171.04389
2025-01-01,IA,6960.46501
2025-01-01,IA,7143.11606
2025-01-01,IL,419.09657
2025-01-01,IL,17339.84839
2025-01-01,IL,51.39919
2025-01-01,IL,
2025-01-01,IL,34.82709
2025-01-01,IL,
2025-01-01,IL,182.71438
2025-01-01,IL,17758.94496
2025-01-01,IL,17391.24757
2025-01-01,IL,35.45501
2025-01-01,IL,184.09228
2025-01-01,IL,17810.34415
2025-01-01,IL,18029.89144
2025-01-01,IN,7808.4897
2025-01-01,IN,2609.98295
2025-01-01,IN,603.52172
2025-01-01,IN,
2025-01-01,IN,18.87747
2025-01-01,IN,42.33464
2025-01-01,IN,404.58359
2025-01-01,IN,10418.47265
2025-01-01,IN,3213.50467
2025-01-01,IN,19.54043
2025-01-01,IN,446.91822
2025-01-01,IN,11021.99437
2025-01-01,IN,11488.45302
2025-01-01,KY,7606.76988
2025-01-01,KY,121.41332
2025-01-01,KY,
2025-01-01,KY,45.79856
2025-01-01,KY,7728.1832
2025-01-01,KY,121.41332
2025-01-01,KY,
2025-01-01,KY,45.79856
2025-01-01,KY,7728.1832
2025-01-01,KY,7774.08081
2025-01-01,LA,5510.56133
2025-01-01,LA,561.0895
2025-01-01,LA,212.128
2025-01-01,LA,
2025-01-01,LA,41.36002
2025-01-01,LA,2661.68959
2025-01-01,LA,6071.65083
2025-01-01,LA,773.2175
2025-01-01,LA,1.83555
2025-01-01,LA,
2025-01-01,LA,2703.04961
2025-01-01,LA,6283.77883
2025-01-01,LA,8990.69104
2025-01-01,MI,9252.87473
2025-01-01,MI,1050.1494
2025-01-01,MI,1270.41118
2025-01-01,MI,8.82093
2025-01-01,MI,56.78735
2025-01-01,MI,
2025-01-01,MI,116.02577
2025-01-01,MI,10303.02413
2025-01-01,MI,2320.56058
2025-01-01,MI,65.60828
2025-01-01,MI,117.09791
2025-01-01,MI,11573.43531
2025-01-01,MI,11756.14149
2025-01-01,MN,4062.00313
2025-01-01,MN,1244.61342
2025-01-01,MN,138.8847
2025-01-01,MN,
2025-01-01,MN,24.26608
2025-01-01,MN,3.392
2025-01-01,MN,114.52185
2025-01-01,MN,5306.61655
2025-01-01,MN,1383.49812
2025-01-01,MN,26.88575
2025-01-01,MN,117.91385
2025-01-01,MN,5445.50125
2025-01-01,MN,5590.30085
2025-01-01,MO,5822.55533
2025-01-01,MO,683.17241
2025-01-01,MO,20.854
2025-01-01,MO,0.019
2025-01-01,MO,17.854
2025-01-01,MO,5.337
2025-01-01,MO,6505.72774
2025-01-01,MO,704.02641
2025-01-01,MO,17.873
2025-01-01,MO,5.337
2025-01-01,MO,6526.58174
2025-01-01,MO,6549.79174
2025-01-01,MS,6794.13234
2025-01-01,MS,444.32379
2025-01-01,MS,0.0
2025-01-01,MS,0.0
2025-01-01,MS,179.01141
2025-01-01,MS,7238.45613
2025-01-01,MS,444.32379
2025-01-01,MS,0.0
2025-01-01,MS,179.01141
2025-01-01,MS,7238.45613
2025-01-01,MS,7417.46754
2025-01-01,MT,1246.47246
2025-01-01,MT,1594.81165
2025-01-01,MT,44.183
2025-01-01,MT,
2025-01-01,MT,
2025-01-01,MT,2841.2841
2025-01-01,MT,1638.99465
2025-01-01,MT,
2025-01-01,MT,2885.4671
2025-01-01,MT,2887.92838
2025-01-01,ND,3188.74278
2025-01-01,ND,1205.59116
2025-01-01,ND,0.0
2025-01-01,ND,0.0
2025-01-01,ND,16.8063
2025-01-01,ND,4394.33395
2025-01-01,ND,1205.59116
2025-01-01,ND,0.0
2025-01-01,ND,16.8063
2025-01-01,ND,4394.33395
2025-01-01,ND,4411.14024
2025-01-01,SD,1068.94977
2025-01-01,SD,1124.4617
2025-01-01,SD,
2025-01-01,SD,5.19726
2025-01-01,SD,2193.41147
2025-01-01,SD,1124.4617
2025-01-01,SD,
2025-01-01,SD,5.19726
2025-01-01,SD,2193.41147
2025-01-01,SD,2198.60995
2025-01-01,TX,8686.18917
2025-01-01,TX,33650.33751
2025-01-01,TX,4193.15806
2025-01-01,TX,
2025-01-01,TX,47.39042
2025-01-01,TX,167.00437
2025-01-01,TX,3800.82842
2025-01-01,TX,42336.52667
2025-01-01,TX,37843.49556
2025-01-01,TX,133.00292
2025-01-01,TX,53.27817
2025-01-01,TX,3967.83279
2025-01-01,TX,46529.68473
2025-01-01,TX,50550.79569
2025-01-01,WI,5169.05821
2025-01-01,WI,1021.73666
2025-01-01,WI,1.84263
2025-01-01,WI,
2025-01-01,WI,6.81374
2025-01-01,WI,3.24306
2025-01-01,WI,110.73483
2025-01-01,WI,6190.79488
2025-01-01,WI,1023.57929
2025-01-01,WI,9.51428
2025-01-01,WI,113.97789
2025-01-01,WI,6192.6375
2025-01-01,WI,6316.12967
2025-02-01,AR,4036.97904
2025-02-01,AR,524.52459
2025-02-01,AR,101.658
2025-02-01,AR,1.022
2025-02-01,AR,
2025-02-01,AR,
2025-02-01,AR,88.34777
2025-02-01,AR,4561.50363
2025-02-01,AR,626.18259
2025-02-01,AR,
2025-02-01,AR,88.5741
2025-02-01,AR,4663.16163
2025-02-01,AR,4755.34371
2025-02-01,IA,5136.78843
2025-02-01,IA,1195.37148
2025-02-01,IA,0.0
2025-02-01,IA,0.234
2025-02-01,IA,10.34753
2025-02-01,IA,
2025-02-01,IA,169.37187
2025-02-01,IA,6332.15992
2025-02-01,IA,1195.37148
2025-02-01,IA,10.58153
2025-02-01,IA,169.70755
2025-02-01,IA,6332.15992
2025-02-01,IA,6512.449
2025-02-01,IL,298.41027
2025-02-01,IL,14785.46307
2025-02-01,IL,48.07027
2025-02-01,IL,
2025-02-01,IL,31.29467
2025-02-01,IL,
2025-02-01,IL,180.84772
2025-02-01,IL,15083.87334
2025-02-01,IL,14833.53334
2025-02-01,IL,31.85521
2025-02-01,IL,181.8904
2025-02-01,IL,15131.94361
2025-02-01,IL,15345.68922
2025-02-01,IN,5983.32048
2025-02-01,IN,2265.88735
2025-02-01,IN,517.07316
2025-02-01,IN,
2025-02-01,IN,17.15029
2025-02-01,IN,39.01167
2025-02-01,IN,335.2139
2025-02-01,IN,8249.20783
2025-02-01,IN,2782.9605
2025-02-01,IN,17.87307
2025-02-01,IN,374.22557
2025-02-01,IN,8766.28098
2025-02-01,IN,9158.37962
2025-02-01,KY,5991.49152
2025-02-01,KY,72.45985
2025-02-01,KY,
2025-02-01,KY,42.36632
2025-02-01,KY,6063.95137
2025-02-01,KY,72.45985
2025-02-01,KY,
2025-02-01,KY,42.36632
2025-02-01,KY,6063.95137
2025-02-01,KY,6106.41856
2025-02-01,LA,4180.62477
2025-02-01,LA,510.79149
2025-02-01,LA,220.207
2025-02-01,LA,
2025-02-01,LA,38.1227
2025-02-01,LA,2275.45259
2025-02-01,LA,4691.41626
2025-02-01,LA,730.99849
2025-02-01,LA,1.32865
2025-02-01,LA,
2025-02-01,LA,2313.57529
2025-02-01,LA,4911.62326
2025-02-01,LA,7228.46718
2025-02-01,MI,7821.36579
2025-02-01,MI,1158.55255
2025-02-01,MI,1094.80049
2025-02-01,MI,8.26306
2025-02-01,MI,50.38955
2025-02-01,MI,
2025-02-01,MI,102.80008
2025-02-01,MI,8979.91834
2025-02-01,MI,2253.35304
2025-02-01,MI,58.65261
2025-02-01,MI,103.72044
2025-02-01,MI,10074.71883
2025-02-01,MI,10237.09188
2025-02-01,MN,3747.78597
2025-02-01,MN,1102.4544
2025-02-01,MN,123.92735
2025-02-01,MN,
2025-02-01,MN,21.8976
2025-02-01,MN,3.155
2025-02-01,MN,111.06431
2025-02-01,MN,4850.24036
2025-02-01,MN,1226.38175
2025-02-01,MN,24.10628
2025-02-01,MN,114.21931
2025-02-01,MN,4974.16771
2025-02-01,MN,5112.4933
2025-02-01,MO,5750.37185
2025-02-01,MO,632.92999
2025-02-01,MO,17.7526
2025-02-01,MO,0.026
2025-02-01,MO,16.281
2025-02-01,MO,4.85
2025-02-01,MO,6383.30183
2025-02-01,MO,650.68259
2025-02-01,MO,16.307
2025-02-01,MO,4.85
2025-02-01,MO,6401.05444
2025-02-01,MO,6422.21144
2025-02-01,MS,5044.93952
2025-02-01,MS,304.32044
2025-02-01,MS,0.0
2025-02-01,MS,0.0
2025-02-01,MS,138.27427
2025-02-01,MS,5349.25996
2025-02-01,MS,304.32044
2025-02-01,MS,0.0
2025-02-01,MS,138.27427
2025-02-01,MS,5349.25996
2025-02-01,MS,5487.53423
2025-02-01,MT,961.17214
2025-02-01,MT,1386.59322
2025-02-01,MT,39.55
2025-02-01,MT,
2025-02-01,MT,2.04106
2025-02-01,MT,2347.76536
2025-02-01,MT,1426.14322
2025-02-01,MT,2.27032
2025-02-01,MT,2387.31536
2025-02-01,MT,2389.58568
2025-02-01,ND,2858.03366
2025-02-01,ND,901.78241
2025-02-01,ND,0.002
2025-02-01,ND,0.0
2025-02-01,ND,13.92532
2025-02-01,ND,3759.81608
2025-02-01,ND,901.78241
2025-02-01,ND,0.002
2025-02-01,ND,13.92532
2025-02-01,ND,3759.81608
2025-02-01,ND,3773.7434
2025-02-01,SD,870.51289
2025-02-01,SD,904.67359
2025-02-01,SD,
2025-02-01,SD,
2025-02-01,SD,1775.18648
2025-02-01,SD,904.67359
2025-02-01,SD,
2025-02-01,SD,
2025-02-01,SD,1775.18648
2025-02-01,SD,1779.84381
2025-02-01,TX,7185.74177
2025-02-01,TX,29167.40588
2025-02-01,TX,3583.9585
2025-02-01,TX,
2025-02-01,TX,31.76531
2025-02-01,TX,144.69854
2025-02-01,TX,3210.86692
2025-02-01,TX,36353.14765
2025-02-01,TX,32751.36438
2025-02-01,TX,112.68646
2025-02-01,TX,33.13927
2025-02-01,TX,3355.56546
2025-02-01,TX,39937.10615
2025-02-01,TX,43325.81087
2025-02-01,WI,4288.5276
2025-02-01,WI,918.13721
2025-02-01,WI,1.77628
2025-02-01,WI,
2025-02-01,WI,8.53596
2025-02-01,WI,2.66221
2025-02-01,WI,96.52495
2025-02-01,WI,5206.66481
2025-02-01,WI,919.91349
2025-02-01,WI,10.84472
2025-02-01,WI,99.18716
2025-02-01,WI,5208.44109
2025-02-01,WI,5318.47297
2025-03-01,AR,3640.35339
2025-03-01,AR,640.16473
2025-03-01,AR,112.941
2025-03-01,AR,-0.084
2025-03-01,AR,
2025-03-01,AR,
2025-03-01,AR,88.93116
2025-03-01,AR,4280.51813
2025-03-01,AR,753.10573
2025-03-01,AR,
2025-03-01,AR,89.25114
2025-03-01,AR,4393.45913
2025-03-01,AR,4485.19393
2025-03-01,IA,4718.63897
2025-03-01,IA,1443.94182
2025-03-01,IA,0.0
2025-03-01,IA,0.157
2025-03-01,IA,10.94067
2025-03-01,IA,
2025-03-01,IA,186.12473
2025-03-01,IA,6162.58079
2025-03-01,IA,1443.94182
2025-03-01,IA,11.09767
2025-03-01,IA,186.58837
2025-03-01,IA,6162.58079
2025-03-01,IA,6360.26682
2025-03-01,IL,210.51966
2025-03-01,IL,15070.80778
2025-03-01,IL,48.0711
2025-03-01,IL,
2025-03-01,IL,32.45045
2025-03-01,IL,1.10458
2025-03-01,IL,180.02219
2025-03-01,IL,15281.32744
2025-03-01,IL,15118.87888
2025-03-01,IL,33.23743
2025-03-01,IL,181.12677
2025-03-01,IL,15329.39854
2025-03-01,IL,15543.76274
2025-03-01,IN,5346.38344
2025-03-01,IN,2763.63539
2025-03-01,IN,507.95767
2025-03-01,IN,
2025-03-01,IN,10.75105
2025-03-01,IN,40.7165
2025-03-01,IN,300.33095
2025-03-01,IN,8110.01883
2025-03-01,IN,3271.59306
2025-03-01,IN,11.58825
2025-03-01,IN,341.04745
2025-03-01,IN,8617.9765
2025-03-01,IN,8970.6122
2025-03-01,KY,5027.48356
2025-03-01,KY,107.0744
2025-03-01,KY,
2025-03-01,KY,44.87701
2025-03-01,KY,5134.55796
2025-03-01,KY,107.0744
2025-03-01,KY,
2025-03-01,KY,44.87701
2025-03-01,KY,5134.55796
2025-03-01,KY,5179.58968
2025-03-01,LA,3782.7389
2025-03-01,LA,299.43067
2025-03-01,LA,211.856
2025-03-01,LA,
2025-03-01,LA,30.12673
2025-03-01,LA,2384.42487
2025-03-01,LA,4082.16956
2025-03-01,LA,511.28667
2025-03-01,LA,1.66588
2025-03-01,LA,
2025-03-01,LA,2414.55159
2025-03-01,LA,4294.02556
2025-03-01,LA,6711.84651
2025-03-01,MI,7021.5508
2025-03-01,MI,1576.78791
2025-03-01,MI,1079.80492
2025-03-01,MI,7.50214
2025-03-01,MI,56.8823
2025-03-01,MI,
2025-03-01,MI,105.71512
2025-03-01,MI,8598.33871
2025-03-01,MI,2656.59283
2025-03-01,MI,64.38443
2025-03-01,MI,106.6307
2025-03-01,MI,9678.14363
2025-03-01,MI,9849.15877
2025-03-01,MN,3554.07976
2025-03-01,MN,1365.40146
2025-03-01,MN,124.23271
2025-03-01,MN,
2025-03-01,MN,16.18544
2025-03-01,MN,5.384
2025-03-01,MN,110.01373
2025-03-01,MN,4919.48122
2025-03-01,MN,1489.63416
2025-03-01,MN,19.14218
2025-03-01,MN,115.39773
2025-03-01,MN,5043.71393
2025-03-01,MN,5178.25383
2025-03-01,MO,5000.02546
2025-03-01,MO,683.63295
2025-03-01,MO,17.52057
2025-03-01,MO,0.037
2025-03-01,MO,16.815
2025-03-01,MO,4.177
2025-03-01,MO,5683.65841
2025-03-01,MO,701.15351
2025-03-01,MO,16.852
2025-03-01,MO,4.177
2025-03-01,MO,5701.17898
2025-03-01,MO,5722.20798
2025-03-01,MS,5748.16439
2025-03-01,MS,492.63168
2025-03-01,MS,0.0
2025-03-01,MS,0.0
2025-03-01,MS,158.95257
2025-03-01,MS,6240.79606
2025-03-01,MS,492.63168
2025-03-01,MS,0.0
2025-03-01,MS,158.95257
2025-03-01,MS,6240.79606
2025-03-01,MS,6399.74864
2025-03-01,MT,1043.47097
2025-03-01,MT,1309.11431
2025-03-01,MT,43.77
2025-03-01,MT,
2025-03-01,MT,2.22279
2025-03-01,MT,2352.58528
2025-03-01,MT,1352.88431
2025-03-01,MT,2.69112
2025-03-01,MT,2396.35528
2025-03-01,MT,2399.0464
2025-03-01,ND,2655.16447
2025-03-01,ND,988.2774
2025-03-01,ND,0.02
2025-03-01,ND,0.0
2025-03-01,ND,15.10193
2025-03-01,ND,3643.44188
2025-03-01,ND,988.2774
2025-03-01,ND,0.02
2025-03-01,ND,15.10193
2025-03-01,ND,3643.44188
2025-03-01,ND,3658.56381
2025-03-01,SD,905.2495
2025-03-01,SD,1087.4541
2025-03-01,SD,
2025-03-01,SD,
2025-03-01,SD,1992.7036
2025-03-01,SD,1087.4541
2025-03-01,SD,
2025-03-01,SD,
2025-03-01,SD,1992.7036
2025-03-01,SD,1997.47444
2025-03-01,TX,5394.42284
2025-03-01,TX,30801.24249
2025-03-01,TX,3172.63219
2025-03-01,TX,
2025-03-01,TX,43.17922
2025-03-01,TX,155.05115
2025-03-01,TX,3506.29436
2025-03-01,TX,36195.66533
2025-03-01,TX,33973.87468
2025-03-01,TX,112.50751
2025-03-01,TX,50.10697
2025-03-01,TX,3661.3455
2025-03-01,TX,39368.29752
2025-03-01,TX,43079.74999
2025-03-01,WI,3592.07713
2025-03-01,WI,873.75116
2025-03-01,WI,
2025-03-01,WI,
2025-03-01,WI,9.8082
2025-03-01,WI,4.23151
2025-03-01,WI,98.78613
2025-03-01,WI,4465.82828
2025-03-01,WI,875.60391
2025-03-01,WI,12.99711
2025-03-01,WI,103.01764
2025-03-01,WI,4467.68103
2025-03-01,WI,4583.69578
2025-04-01,AR,3319.001
2025-04-01,AR,465.55448
2025-04-01,AR,72.976
2025-04-01,AR,0.684
2025-04-01,AR,
2025-04-01,AR,
2025-04-01,AR,77.46964
2025-04-01,AR,3784.55548
2025-04-01,AR,538.53048
2025-04-01,AR,
2025-04-01,AR,77.83519
2025-04-01,AR,3857.53148
2025-04-01,AR,3938.53811
2025-04-01,IA,4589.6769
2025-04-01,IA,1257.48582
2025-04-01,IA,0.0
2025-04-01,IA,0.31
2025-04-01,IA,7.31715
2025-04-01,IA,
2025-04-01,IA,180.10905
2025-04-01,IA,5847.16272
2025-04-01,IA,1257.48582
2025-04-01,IA,7.62715
2025-04-01,IA,180.65229
2025-04-01,IA,5847.16272
2025-04-01,IA,6035.44215
2025-04-01,IL,232.16992
2025-04-01,IL,14117.52035
2025-04-01,IL,48.0793
2025-04-01,IL,
2025-04-01,IL,27.85954
2025-04-01,IL,1.00151
2025-04-01,IL,156.93134
2025-04-01,IL,14349.69027
2025-04-01,IL,14165.59965
2025-04-01,IL,28.58613
2025-04-01,IL,157.93285
2025-04-01,IL,14397.76957
2025-04-01,IL,14584.28855
2025-04-01,IN,5082.62201
2025-04-01,IN,2098.44618
2025-04-01,IN,350.84154
2025-04-01,IN,
2025-04-01,IN,11.35752
2025-04-01,IN,51.32893
2025-04-01,IN,279.63785
2025-04-01,IN,7181.06818
2025-04-01,IN,2449.28771
2025-04-01,IN,12.11935
2025-04-01,IN,330.96678
2025-04-01,IN,7531.90972
2025-04-01,IN,7874.99584
2025-04-01,KY,4545.58699
2025-04-01,KY,176.64228
2025-04-01,KY,
2025-04-01,KY,38.01431
2025-04-01,KY,4722.22927
2025-04-01,KY,176.64228
2025-04-01,KY,
2025-04-01,KY,38.01431
2025-04-01,KY,4722.22927
2025-04-01,KY,4760.41378
2025-04-01,LA,4273.07365
2025-04-01,LA,590.41426
2025-04-01,LA,283.517
2025-04-01,LA,
2025-04-01,LA,33.07138
2025-04-01,LA,2327.16336
2025-04-01,LA,4863.48791
2025-04-01,LA,873.93126
2025-04-01,LA,1.5761
2025-04-01,LA,
2025-04-01,LA,2360.23473
2025-04-01,LA,5147.00491
2025-04-01,LA,7510.40426
2025-04-01,MI,6979.64745
2025-04-01,MI,1309.58219
2025-04-01,MI,1009.7756
2025-04-01,MI,6.89127
2025-04-01,MI,44.25165
2025-04-01,MI,
2025-04-01,MI,97.30129
2025-04-01,MI,8289.22964
2025-04-01,MI,2319.35779
2025-04-01,MI,51.14293
2025-04-01,MI,98.20744
2025-04-01,MI,9299.00523
2025-04-01,MI,9448.3556
2025-04-01,MN,3069.39506
2025-04-01,MN,1294.05799
2025-04-01,MN,104.5724
2025-04-01,MN,
2025-04-01,MN,17.11812
2025-04-01,MN,5.289
2025-04-01,MN,99.01191
2025-04-01,MN,4363.45305
2025-04-01,MN,1398.63038
2025-04-01,MN,19.50881
2025-04-01,MN,104.30091
2025-04-01,MN,4468.02544
2025-04-01,MN,4591.83516
2025-04-01,MO,4449.26512
2025-04-01,MO,524.29677
2025-04-01,MO,12.15687
2025-04-01,MO,0.031
2025-04-01,MO,16.08
2025-04-01,MO,3.851
2025-04-01,MO,4973.56189
2025-04-01,MO,536.45363
2025-04-01,MO,16.111
2025-04-01,MO,3.851
2025-04-01,MO,4985.71876
2025-04-01,MO,5005.68076
2025-04-01,MS,5040.54463
2025-04-01,MS,606.26695
2025-04-01,MS,0.0
2025-04-01,MS,0.0
2025-04-01,MS,132.44847
2025-04-01,MS,5646.81158
2025-04-01,MS,606.26695
2025-04-01,MS,0.0
2025-04-01,MS,132.44847
2025-04-01,MS,5646.81158
2025-04-01,MS,5779.26005
2025-04-01,MT,1138.80256
2025-04-01,MT,947.18835
2025-04-01,MT,41.926
2025-04-01,MT,
2025-04-01,MT,
2025-04-01,MT,2085.99091
2025-04-01,MT,989.11435
2025-04-01,MT,2.4264
2025-04-01,MT,2127.91691
2025-04-01,MT,2130.34331
2025-04-01,ND,2100.70452
2025-04-01,ND,983.50904
2025-04-01,ND,0.018
2025-04-01,ND,0.0
2025-04-01,ND,13.20863
2025-04-01,ND,3084.21356
2025-04-01,ND,983.50904
2025-04-01,ND,0.018
2025-04-01,ND,13.20863
2025-04-01,ND,3084.21356
2025-04-01,ND,3097.44018
2025-04-01,SD,952.96544
2025-04-01,SD,999.08787
2025-04-01,SD,
2025-04-01,SD,
2025-04-01,SD,1952.05332
2025-04-01,SD,999.08787
2025-04-01,SD,
2025-04-01,SD,
2025-04-01,SD,1952.05332
2025-04-01,SD,1956.18631
2025-04-01,TX,5862.11656
2025-04-01,TX,31476.74566
2025-04-01,TX,3203.52706
2025-04-01,TX,
2025-04-01,TX,40.7793
2025-04-01,TX,138.05749
2025-04-01,TX,3079.62487
2025-04-01,TX,37338.86222
2025-04-01,TX,34680.27272
2025-04-01,TX,108.92521
2025-04-01,TX,46.84306
2025-04-01,TX,3217.68236
2025-04-01,TX,40542.38928
2025-04-01,TX,43806.9147
2025-04-01,WI,3227.11085
2025-04-01,WI,847.2723
2025-04-01,WI,
2025-04-01,WI,
2025-04-01,WI,9.0595
2025-04-01,WI,3.2075
2025-04-01,WI,95.30727
2025-04-01,WI,4074.38315
2025-04-01,WI,849.12765
2025-04-01,WI,11.76032
2025-04-01,WI,98.51477
2025-04-01,WI,4076.23849
2025-04-01,WI,4186.51358
2025-05-01,AR,4175.42141
2025-05-01,AR,674.16626
2025-05-01,AR,72.326
2025-05-01,AR,-0.066
2025-05-01,AR,
2025-05-01,AR,
2025-05-01,AR,91.81467
2025-05-01,AR,4849.58767
2025-05-01,AR,746.49226
2025-05-01,AR,
2025-05-01,AR,92.2101
2025-05-01,AR,4921.91367
2025-05-01,AR,5016.7708
2025-05-01,IA,4006.78768
2025-05-01,IA,946.01359
2025-05-01,IA,0.0
2025-05-01,IA,0.053
2025-05-01,IA,8.60834
2025-05-01,IA,
2025-05-01,IA,172.8394
2025-05-01,IA,4952.80127
2025-05-01,IA,946.01359
2025-05-01,IA,8.66134
2025-05-01,IA,173.41962
2025-05-01,IA,4952.80127
2025-05-01,IA,5134.88223
2025-05-01,IL,151.27441
2025-05-01,IL,14271.16849
2025-05-01,IL,50.20018
2025-05-01,IL,
2025-05-01,IL,30.06314
2025-05-01,IL,
2025-05-01,IL,150.17072
2025-05-01,IL,14422.44289
2025-05-01,IL,14321.36866
2025-05-01,IL,30.74608
2025-05-01,IL,151.6893
2025-05-01,IL,14472.64307
2025-05-01,IL,14655.07845
2025-05-01,IN,4679.97832
2025-05-01,IN,1976.64501
2025-05-01,IN,515.60008
2025-05-01,IN,
2025-05-01,IN,11.77157
2025-05-01,IN,54.81582
2025-05-01,IN,283.70643
2025-05-01,IN,6656.62332
2025-05-01,IN,2492.24508
2025-05-01,IN,12.69455
2025-05-01,IN,338.52225
2025-05-01,IN,7172.2234
2025-05-01,IN,7523.4402
2025-05-01,KY,5147.94536
2025-05-01,KY,144.03938
2025-05-01,KY,
2025-05-01,KY,44.66268
2025-05-01,KY,5291.98474
2025-05-01,KY,144.03938
2025-05-01,KY,
2025-05-01,KY,44.66268
2025-05-01,KY,5291.98474
2025-05-01,KY,5336.82817
2025-05-01,LA,4771.03659
2025-05-01,LA,614.82188
2025-05-01,LA,315.926
2025-05-01,LA,
2025-05-01,LA,44.09805
2025-05-01,LA,2354.47985
2025-05-01,LA,5385.85847
2025-05-01,LA,930.74788
2025-05-01,LA,1.89027
2025-05-01,LA,
2025-05-01,LA,2398.57789
2025-05-01,LA,5701.78447
2025-05-01,LA,8103.82577
2025-05-01,MI,7146.34597
2025-05-01,MI,701.74469
2025-05-01,MI,1007.523
2025-05-01,MI,8.25242
2025-05-01,MI,48.53809
2025-05-01,MI,
2025-05-01,MI,97.09656
2025-05-01,MI,7848.09065
2025-05-01,MI,1709.26769
2025-05-01,MI,56.79052
2025-05-01,MI,98.18409
2025-05-01,MI,8855.61365
2025-05-01,MI,9010.58826
2025-05-01,MN,2781.37412
2025-05-01,MN,1138.61821
2025-05-01,MN,106.86783
2025-05-01,MN,
2025-05-01,MN,15.99767
2025-05-01,MN,4.64
2025-05-01,MN,95.72709
2025-05-01,MN,3919.99233
2025-05-01,MN,1245.48604
2025-05-01,MN,18.05032
2025-05-01,MN,100.36709
2025-05-01,MN,4026.86016
2025-05-01,MN,4145.27758
2025-05-01,MO,4499.00839
2025-05-01,MO,531.35411
2025-05-01,MO,14.15768
2025-05-01,MO,0.01
2025-05-01,MO,16.866
2025-05-01,MO,4.233
2025-05-01,MO,5030.3625
2025-05-01,MO,545.51179
2025-05-01,MO,16.876
2025-05-01,MO,4.233
2025-05-01,MO,5044.52018
2025-05-01,MO,5065.62918
2025-05-01,MS,5039.43108
2025-05-01,MS,527.35502
2025-05-01,MS,0.0
2025-05-01,MS,0.0
2025-05-01,MS,158.80873
2025-05-01,MS,5566.7861
2025-05-01,MS,527.35502
2025-05-01,MS,0.0
2025-05-01,MS,158.80873
2025-05-01,MS,5566.7861
2025-05-01,MS,5725.59483
2025-05-01,MT,1114.42268
2025-05-01,MT,873.92669
2025-05-01,MT,42.35
2025-05-01,MT,
2025-05-01,MT,2.06582
2025-05-01,MT,1988.34936
2025-05-01,MT,916.27669
2025-05-01,MT,2.56045
2025-05-01,MT,2030.69936
2025-05-01,MT,2033.25982
2025-05-01,ND,2136.03443
2025-05-01,ND,871.06149
2025-05-01,ND,0.016
2025-05-01,ND,0.0
2025-05-01,ND,13.50993
2025-05-01,ND,3007.09592
2025-05-01,ND,871.06149
2025-05-01,ND,0.016
2025-05-01,ND,13.50993
2025-05-01,ND,3007.09592
2025-05-01,ND,3020.62185
2025-05-01,SD,888.7375
2025-05-01,SD,792.98025
2025-05-01,SD,
2025-05-01,SD,
2025-05-01,SD,1681.71775
2025-05-01,SD,792.98025
2025-05-01,SD,
2025-05-01,SD,
2025-05-01,SD,1681.71775
2025-05-01,SD,1685.92792
2025-05-01,TX,8366.83966
2025-05-01,TX,33825.1538
2025-05-01,TX,3791.94425
2025-05-01,TX,
2025-05-01,TX,48.54796
2025-05-01,TX,155.67689
2025-05-01,TX,3250.95275
2025-05-01,TX,42191.99346
2025-05-01,TX,37617.09805
2025-05-01,TX,119.10957
2025-05-01,TX,57.75529
2025-05-01,TX,3406.62964
2025-05-01,TX,45983.9377
2025-05-01,TX,49448.32263
2025-05-01,WI,3727.21194
2025-05-01,WI,1023.70691
2025-05-01,WI,
2025-05-01,WI,
2025-05-01,WI,9.1779
2025-05-01,WI,3.66513
2025-05-01,WI,90.37612
2025-05-01,WI,4750.91885
2025-05-01,WI,1025.0982
2025-05-01,WI,11.5712
2025-05-01,WI,94.04125
2025-05-01,WI,4752.31013
2025-05-01,WI,4857.92259
2025-06-01,AR,5182.47562
2025-06-01,AR,744.16847
2025-06-01,AR,116.985
2025-06-01,AR,1.75
2025-06-01,AR,
2025-06-01,AR,
2025-06-01,AR,92.55281
2025-06-01,AR,5926.64409
2025-06-01,AR,861.15347
2025-06-01,AR,
2025-06-01,AR,92.9732
2025-06-01,AR,6043.62909
2025-06-01,AR,6141.08518
2025-06-01,IA,4785.89395
2025-06-01,IA,837.611
2025-06-01,IA,0.0
2025-06-01,IA,0.151
2025-06-01,IA,9.06647
2025-06-01,IA,
2025-06-01,IA,163.79523
2025-06-01,IA,5623.50495
2025-06-01,IA,837.611
2025-06-01,IA,9.21747
2025-06-01,IA,164.41222
2025-06-01,IA,5623.50495
2025-06-01,IA,5797.13463
2025-06-01,IL,381.76316
2025-06-01,IL,15952.72844
2025-06-01,IL,66.88592
2025-06-01,IL,
2025-06-01,IL,42.27533
2025-06-01,IL,2.51277
2025-06-01,IL,188.30999
2025-06-01,IL,16334.49159
2025-06-01,IL,16019.61436
2025-06-01,IL,43.72264
2025-06-01,IL,190.82276
2025-06-01,IL,16401.37751
2025-06-01,IL,16635.92291
2025-06-01,IN,5949.84552
2025-06-01,IN,1933.54418
2025-06-01,IN,535.04083
2025-06-01,IN,
2025-06-01,IN,13.01717
2025-06-01,IN,48.74659
2025-06-01,IN,406.81341
2025-06-01,IN,7883.3897
2025-06-01,IN,2468.58501
2025-06-01,IN,13.87852
2025-06-01,IN,455.56
2025-06-01,IN,8418.43053
2025-06-01,IN,8887.86905
2025-06-01,KY,6434.60822
2025-06-01,KY,242.24599
2025-06-01,KY,
2025-06-01,KY,45.48319
2025-06-01,KY,6676.85421
2025-06-01,KY,242.24599
2025-06-01,KY,
2025-06-01,KY,45.48319
2025-06-01,KY,6676.85421
2025-06-01,KY,6722.53081
2025-06-01,LA,5736.45938
2025-06-01,LA,715.34188
2025-06-01,LA,293.044
2025-06-01,LA,
2025-06-01,LA,38.24675
2025-06-01,LA,2384.40741
2025-06-01,LA,6451.80126
2025-06-01,LA,1008.38588
2025-06-01,LA,1.95147
2025-06-01,LA,
2025-06-01,LA,2422.65416
2025-06-01,LA,6744.84526
2025-06-01,LA,9171.01495
2025-06-01,MI,8597.87758
2025-06-01,MI,710.97909
2025-06-01,MI,1273.79663
2025-06-01,MI,8.93469
2025-06-01,MI,46.63783
2025-06-01,MI,
2025-06-01,MI,104.33531
2025-06-01,MI,9308.85667
2025-06-01,MI,1984.77572
2025-06-01,MI,55.57252
2025-06-01,MI,105.32354
2025-06-01,MI,10582.65331
2025-06-01,MI,10743.54937
2025-06-01,MN,3400.5847
2025-06-01,MN,1222.29992
2025-06-01,MN,117.43902
2025-06-01,MN,
2025-06-01,MN,31.41561
2025-06-01,MN,3.184
2025-06-01,MN,100.46886
2025-06-01,MN,4622.88462
2025-06-01,MN,1339.73894
2025-06-01,MN,33.15332
2025-06-01,MN,103.65286
2025-06-01,MN,4740.32364
2025-06-01,MN,4877.12983
2025-06-01,MO,5120.41448
2025-06-01,MO,687.16926
2025-06-01,MO,17.24201
2025-06-01,MO,0.007
2025-06-01,MO,17.676
2025-06-01,MO,3.005
2025-06-01,MO,5807.58374
2025-06-01,MO,704.41126
2025-06-01,MO,17.683
2025-06-01,MO,3.005
2025-06-01,MO,5824.82574
2025-06-01,MO,5845.51374
2025-06-01,MS,6197.66035
2025-06-01,MS,553.64139
2025-06-01,MS,0.0
2025-06-01,MS,0.0
2025-06-01,MS,155.23093
2025-06-01,MS,6751.30174
2025-06-01,MS,553.64139
2025-06-01,MS,0.0
2025-06-01,MS,155.23093
2025-06-01,MS,6751.30174
2025-06-01,MS,6906.53267
2025-06-01,MT,1047.27884
2025-06-01,MT,938.31135
2025-06-01,MT,41.403
2025-06-01,MT,
2025-06-01,MT,2.20367
2025-06-01,MT,1985.59019
2025-06-01,MT,979.71435
2025-06-01,MT,2.73966
2025-06-01,MT,2026.99319
2025-06-01,MT,2029.73285
2025-06-01,ND,2388.13039
2025-06-01,ND,693.28579
2025-06-01,ND,0.014
2025-06-01,ND,0.0
2025-06-01,ND,13.51195
2025-06-01,ND,3081.41618
2025-06-01,ND,693.28579
2025-06-01,ND,0.014
2025-06-01,ND,13.51195
2025-06-01,ND,3081.41618
2025-06-01,ND,3094.94213
2025-06-01,SD,1010.164
2025-06-01,SD,714.12565
2025-06-01,SD,
2025-06-01,SD,
2025-06-01,SD,1724.28965
2025-06-01,SD,714.12565
2025-06-01,SD,
2025-06-01,SD,
2025-06-01,SD,1724.28965
2025-06-01,SD,1728.86707
2025-06-01,TX,9344.96874
2025-06-01,TX,37083.86004
2025-06-01,TX,3852.20432
2025-06-01,TX,
2025-06-01,TX,63.30537
2025-06-01,TX,268.72853
2025-06-01,TX,3230.33673
2025-06-01,TX,46428.82878
2025-06-01,TX,40936.06435
2025-06-01,TX,232.8977
2025-06-01,TX,73.36523
2025-06-01,TX,3499.06526
2025-06-01,TX,50281.03309
2025-06-01,TX,53853.46358
2025-06-01,WI,5185.41819
2025-06-01,WI,990.54153
2025-06-01,WI,
2025-06-01,WI,
2025-06-01,WI,8.51807
2025-06-01,WI,3.11009
2025-06-01,WI,82.07303
2025-06-01,WI,6175.95972
2025-06-01,WI,991.99102
2025-06-01,WI,10.67064
2025-06-01,WI,85.18312
2025-06-01,WI,6177.40921
2025-06-01,WI,6273.26296
2025-07-01,AR,6664.92963
2025-07-01,AR,817.54946
2025-07-01,AR,34.806
2025-07-01,AR,-0.045
2025-07-01,AR,
2025-07-01,AR,
2025-07-01,AR,90.10655
2025-07-01,AR,7482.47908
2025-07-01,AR,852.35546
2025-07-01,AR,
2025-07-01,AR,90.5422
2025-07-01,AR,7517.28508
2025-07-01,AR,7610.65712
2025-07-01,IA,5540.4768
2025-07-01,IA,615.68623
2025-07-01,IA,0.0
2025-07-01,IA,0.0
2025-07-01,IA,7.08885
2025-07-01,IA,
2025-07-01,IA,180.81775
2025-07-01,IA,6156.16303
2025-07-01,IA,615.68623
2025-07-01,IA,7.08885
2025-07-01,IA,181.46402
2025-07-01,IA,6156.16303
2025-07-01,IA,6344.71591
2025-07-01,IL,731.04119
2025-07-01,IL,17504.58604
2025-07-01,IL,83.90226
2025-07-01,IL,
2025-07-01,IL,51.97977
2025-07-01,IL,
2025-07-01,IL,201.8954
2025-07-01,IL,18235.62723
2025-07-01,IL,17588.4883
2025-07-01,IL,53.97509
2025-07-01,IL,204.63861
2025-07-01,IL,18319.52949
2025-07-01,IL,18578.14319
2025-07-01,IN,8062.78419
2025-07-01,IN,1996.07778
2025-07-01,IN,540.82273
2025-07-01,IN,
2025-07-01,IN,13.18157
2025-07-01,IN,50.59017
2025-07-01,IN,353.89549
2025-07-01,IN,10058.86197
2025-07-01,IN,2536.90052
2025-07-01,IN,13.98565
2025-07-01,IN,404.48566
2025-07-01,IN,10599.68471
2025-07-01,IN,11018.15602
2025-07-01,KY,7629.12178
2025-07-01,KY,311.73023
2025-07-01,KY,
2025-07-01,KY,47.93922
2025-07-01,KY,7940.85201
2025-07-01,KY,311.73023
2025-07-01,KY,
2025-07-01,KY,47.93922
2025-07-01,KY,7940.85201
2025-07-01,KY,7988.99472
2025-07-01,LA,6778.6124
2025-07-01,LA,564.5323
2025-07-01,LA,242.322
2025-07-01,LA,
2025-07-01,LA,44.44466
2025-07-01,LA,2385.08922
2025-07-01,LA,7343.1447
2025-07-01,LA,806.8543
2025-07-01,LA,2.13896
2025-07-01,LA,
2025-07-01,LA,2429.53388
2025-07-01,LA,7585.4667
2025-07-01,LA,10018.67991
2025-07-01,MI,9546.92394
2025-07-01,MI,982.11831
2025-07-01,MI,1610.1509
2025-07-01,MI,8.78044
2025-07-01,MI,57.08899
2025-07-01,MI,
2025-07-01,MI,99.75056
2025-07-01,MI,10529.04225
2025-07-01,MI,2592.26922
2025-07-01,MI,65.86942
2025-07-01,MI,100.71012
2025-07-01,MI,12139.19316
2025-07-01,MI,12305.77269
2025-07-01,MN,4485.30266
2025-07-01,MN,1285.6139
2025-07-01,MN,148.18068
2025-07-01,MN,
2025-07-01,MN,29.21171
2025-07-01,MN,5.259
2025-07-01,MN,116.32074
2025-07-01,MN,5770.91657
2025-07-01,MN,1433.79459
2025-07-01,MN,30.58193
2025-07-01,MN,121.57974
2025-07-01,MN,5919.09725
2025-07-01,MN,6071.25892
2025-07-01,MO,6389.05269
2025-07-01,MO,667.05661
2025-07-01,MO,17.78174
2025-07-01,MO,0.039
2025-07-01,MO,19.318
2025-07-01,MO,2.364
2025-07-01,MO,7056.1093
2025-07-01,MO,684.83836
2025-07-01,MO,19.357
2025-07-01,MO,2.364
2025-07-01,MO,7073.89105
2025-07-01,MO,7095.61205
2025-07-01,MS,7533.27007
2025-07-01,MS,581.07246
2025-07-01,MS,0.0
2025-07-01,MS,0.0
2025-07-01,MS,168.09764
2025-07-01,MS,8114.34253
2025-07-01,MS,581.07246
2025-07-01,MS,0.0
2025-07-01,MS,168.09764
2025-07-01,MS,8114.34253
2025-07-01,MS,8282.44017
2025-07-01,MT,957.53166
2025-07-01,MT,1472.56384
2025-07-01,MT,36.817
2025-07-01,MT,
2025-07-01,MT,2.43057
2025-07-01,MT,2430.09549
2025-07-01,MT,1509.38084
2025-07-01,MT,3.01063
2025-07-01,MT,2466.91249
2025-07-01,MT,2469.92312
2025-07-01,ND,2975.349
2025-07-01,ND,593.17707
2025-07-01,ND,0.0
2025-07-01,ND,0.0
2025-07-01,ND,13.41284
2025-07-01,ND,3568.52606
2025-07-01,ND,593.17707
2025-07-01,ND,0.0
2025-07-01,ND,13.41284
2025-07-01,ND,3568.52606
2025-07-01,ND,3581.93891
2025-07-01,SD,1126.85424
2025-07-01,SD,668.00391
2025-07-01,SD,
2025-07-01,SD,5.52519
2025-07-01,SD,1794.85814
2025-07-01,SD,668.00391
2025-07-01,SD,
2025-07-01,SD,5.52519
2025-07-01,SD,1794.85814
2025-07-01,SD,1800.38488
2025-07-01,TX,10753.87771
2025-07-01,TX,39109.06067
2025-07-01,TX,4190.67082
2025-07-01,TX,
2025-07-01,TX,73.36552
2025-07-01,TX,284.01113
2025-07-01,TX,3551.81677
2025-07-01,TX,49862.93837
2025-07-01,TX,43299.73149
2025-07-01,TX,242.83479
2025-07-01,TX,85.91519
2025-07-01,TX,3835.8279
2025-07-01,TX,54053.6092
2025-07-01,TX,57975.35229
2025-07-01,WI,6009.87291
2025-07-01,WI,998.93276
2025-07-01,WI,1.51117
2025-07-01,WI,
2025-07-01,WI,8.36655
2025-07-01,WI,3.63577
2025-07-01,WI,98.45326
2025-07-01,WI,7008.80567
2025-07-01,WI,1000.44393
2025-07-01,WI,10.21764
2025-07-01,WI,102.08902
2025-07-01,WI,7010.31684
2025-07-01,WI,7122.6235
2025-08-01,AR,6116.83193
2025-08-01,AR,793.68588
2025-08-01,AR,0.0
2025-08-01,AR,0.807
2025-08-01,AR,
2025-08-01,AR,
2025-08-01,AR,91.55679
2025-08-01,AR,6910.51781
2025-08-01,AR,793.68588
2025-08-01,AR,
2025-08-01,AR,91.95998
2025-08-01,AR,6910.51781
2025-08-01,AR,7006.3013
2025-08-01,IA,4767.7868
2025-08-01,IA,574.25619
2025-08-01,IA,0.0
2025-08-01,IA,0.0
2025-08-01,IA,6.87612
2025-08-01,IA,
2025-08-01,IA,185.09097
2025-08-01,IA,5342.04298
2025-08-01,IA,574.25619
2025-08-01,IA,6.87612
2025-08-01,IA,185.6863
2025-08-01,IA,5342.04298
2025-08-01,IA,5534.6054
2025-08-01,IL,490.36972
2025-08-01,IL,16096.37096
2025-08-01,IL,65.92231
2025-08-01,IL,
2025-08-01,IL,40.99141
2025-08-01,IL,
2025-08-01,IL,199.41481
2025-08-01,IL,16586.74068
2025-08-01,IL,16162.29327
2025-08-01,IL,42.23533
2025-08-01,IL,201.59863
2025-08-01,IL,16652.66299
2025-08-01,IL,16896.49694
2025-08-01,IN,6594.64177
2025-08-01,IN,1972.94556
2025-08-01,IN,493.01479
2025-08-01,IN,
2025-08-01,IN,11.84832
2025-08-01,IN,51.47182
2025-08-01,IN,422.86474
2025-08-01,IN,8567.58733
2025-08-01,IN,2465.96035
2025-08-01,IN,12.6135
2025-08-01,IN,474.33656
2025-08-01,IN,9060.60212
2025-08-01,IN,9547.55217
2025-08-01,KY,6573.13377
2025-08-01,KY,286.51338
2025-08-01,KY,
2025-08-01,KY,45.71437
2025-08-01,KY,6859.64714
2025-08-01,KY,286.51338
2025-08-01,KY,
2025-08-01,KY,45.71437
2025-08-01,KY,6859.64714
2025-08-01,KY,6905.55185
2025-08-01,LA,6608.24813
2025-08-01,LA,636.88264
2025-08-01,LA,271.159
2025-08-01,LA,
2025-08-01,LA,39.69956
2025-08-01,LA,2415.6741
2025-08-01,LA,7245.13077
2025-08-01,LA,908.04164
2025-08-01,LA,2.07568
2025-08-01,LA,
2025-08-01,LA,2455.37366
2025-08-01,LA,7516.28977
2025-08-01,LA,9976.35918
2025-08-01,MI,8617.7844
2025-08-01,MI,1308.69779
2025-08-01,MI,1457.31069
2025-08-01,MI,9.42816
2025-08-01,MI,53.4947
2025-08-01,MI,
2025-08-01,MI,100.46103
2025-08-01,MI,9926.4822
2025-08-01,MI,2766.00849
2025-08-01,MI,62.92286
2025-08-01,MI,101.42622
2025-08-01,MI,11383.79289
2025-08-01,MI,11548.14197
2025-08-01,MN,4165.31109
2025-08-01,MN,1151.5348
2025-08-01,MN,140.35246
2025-08-01,MN,
2025-08-01,MN,25.79354
2025-08-01,MN,4.395
2025-08-01,MN,112.82722
2025-08-01,MN,5316.84589
2025-08-01,MN,1291.88726
2025-08-01,MN,27.004
2025-08-01,MN,117.22222
2025-08-01,MN,5457.19835
2025-08-01,MN,5601.42456
2025-08-01,MO,6342.18265
2025-08-01,MO,655.34807
2025-08-01,MO,11.02711
2025-08-01,MO,0.01
2025-08-01,MO,17.697
2025-08-01,MO,1.574
2025-08-01,MO,6997.53071
2025-08-01,MO,666.37517
2025-08-01,MO,17.707
2025-08-01,MO,1.574
2025-08-01,MO,7008.55782
2025-08-01,MO,7027.83882
2025-08-01,MS,7430.35251
2025-08-01,MS,459.62121
2025-08-01,MS,0.0
2025-08-01,MS,0.0
2025-08-01,MS,162.76163
2025-08-01,MS,7889.97372
2025-08-01,MS,459.62121
2025-08-01,MS,0.0
2025-08-01,MS,162.76163
2025-08-01,MS,7889.97372
2025-08-01,MS,8052.73534
2025-08-01,MT,1033.86883
2025-08-01,MT,1441.95755
2025-08-01,MT,37.281
2025-08-01,MT,
2025-08-01,MT,2.30944
2025-08-01,MT,2475.82637
2025-08-01,MT,1479.23855
2025-08-01,MT,2.86246
2025-08-01,MT,2513.10737
2025-08-01,MT,2515.96983
2025-08-01,ND,2660.67243
2025-08-01,ND,630.43118
2025-08-01,ND,0.0
2025-08-01,ND,0.0
2025-08-01,ND,13.01191
2025-08-01,ND,3291.1036
2025-08-01,ND,630.43118
2025-08-01,ND,0.0
2025-08-01,ND,13.01191
2025-08-01,ND,3291.1036
2025-08-01,ND,3304.11551
2025-08-01,SD,1026.00767
2025-08-01,SD,671.17819
2025-08-01,SD,
2025-08-01,SD,5.28441
2025-08-01,SD,1697.18586
2025-08-01,SD,671.17819
2025-08-01,SD,
2025-08-01,SD,5.28441
2025-08-01,SD,1697.18586
2025-08-01,SD,1702.47145
2025-08-01,TX,11213.46237
2025-08-01,TX,38488.68834
2025-08-01,TX,4546.89216
2025-08-01,TX,
2025-08-01,TX,74.81153
2025-08-01,TX,278.90274
2025-08-01,TX,3627.90828
2025-08-01,TX,49702.15071
2025-08-01,TX,43035.5805
2025-08-01,TX,241.29121
2025-08-01,TX,85.65232
2025-08-01,TX,3906.81102
2025-08-01,TX,54249.04287
2025-08-01,TX,58241.50621
2025-08-01,WI,5588.11011
2025-08-01,WI,988.34478
2025-08-01,WI,
2025-08-01,WI,
2025-08-01,WI,9.38923
2025-08-01,WI,3.5509
2025-08-01,WI,101.0537
2025-08-01,WI,6576.45489
2025-08-01,WI,989.85522
2025-08-01,WI,11.06354
2025-08-01,WI,104.6046
2025-08-01,WI,6577.96533
2025-08-01,WI,6693.63347
2025-09-01,AR,5002.54883
2025-09-01,AR,650.98844
2025-09-01,AR,97.01
2025-09-01,AR,-0.095
2025-09-01,AR,
2025-09-01,AR,
2025-09-01,AR,90.76604
2025-09-01,AR,5653.53728
2025-09-01,AR,747.99844
2025-09-01,AR,
2025-09-01,AR,91.12311
2025-09-01,AR,5750.54728
2025-09-01,AR,5844.37499
2025-09-01,IA,4376.34314
2025-09-01,IA,644.89505
2025-09-01,IA,0.0
2025-09-01,IA,0.008
2025-09-01,IA,7.59481
2025-09-01,IA,
2025-09-01,IA,193.27293
2025-09-01,IA,5021.23819
2025-09-01,IA,644.89505
2025-09-01,IA,7.60281
2025-09-01,IA,193.78745
2025-09-01,IA,5021.23819
2025-09-01,IA,5222.62845
2025-09-01,IL,537.74433
2025-09-01,IL,13853.71972
2025-09-01,IL,53.879
2025-09-01,IL,
2025-09-01,IL,37.13758
2025-09-01,IL,2.29601
2025-09-01,IL,161.00914
2025-09-01,IL,14391.46405
2025-09-01,IL,13907.59872
2025-09-01,IL,38.24746
2025-09-01,IL,163.30515
2025-09-01,IL,14445.34305
2025-09-01,IL,14646.89566
2025-09-01,IN,5641.32737
2025-09-01,IN,1939.31656
2025-09-01,IN,535.41549
2025-09-01,IN,
2025-09-01,IN,15.45284
2025-09-01,IN,43.72602
2025-09-01,IN,453.44789
2025-09-01,IN,7580.64394
2025-09-01,IN,2474.73206
2025-09-01,IN,16.11022
2025-09-01,IN,497.17391
2025-09-01,IN,8116.05943
2025-09-01,IN,8629.34356
2025-09-01,KY,5464.78572
2025-09-01,KY,297.39548
2025-09-01,KY,
2025-09-01,KY,44.51509
2025-09-01,KY,5762.1812
2025-09-01,KY,297.39548
2025-09-01,KY,
2025-09-01,KY,44.51509
2025-09-01,KY,5762.1812
2025-09-01,KY,5806.86772
2025-09-01,LA,6029.9856
2025-09-01,LA,603.00327
2025-09-01,LA,246.501
2025-09-01,LA,12.32243
2025-09-01,LA,31.84697
2025-09-01,LA,2419.88872
2025-09-01,LA,6632.98887
2025-09-01,LA,849.50427
2025-09-01,LA,2.03661
2025-09-01,LA,12.32243
2025-09-01,LA,2451.73569
2025-09-01,LA,6879.48987
2025-09-01,LA,9343.54798
2025-09-01,MI,7623.01028
2025-09-01,MI,1324.00074
2025-09-01,MI,1362.66368
2025-09-01,MI,7.10035
2025-09-01,MI,51.38319
2025-09-01,MI,
2025-09-01,MI,96.57602
2025-09-01,MI,8947.01102
2025-09-01,MI,2686.66442
2025-09-01,MI,58.48354
2025-09-01,MI,97.38047
2025-09-01,MI,10309.6747
2025-09-01,MI,10465.53871
2025-09-01,MN,3351.87899
2025-09-01,MN,1091.8325
2025-09-01,MN,130.21855
2025-09-01,MN,
2025-09-01,MN,25.00003
2025-09-01,MN,3.894
2025-09-01,MN,110.68159
2025-09-01,MN,4443.71149
2025-09-01,MN,1222.05105
2025-09-01,MN,26.10443
2025-09-01,MN,114.57559
2025-09-01,MN,4573.93004
2025-09-01,MN,4714.61005
2025-09-01,MO,5255.09664
2025-09-01,MO,558.67819
2025-09-01,MO,9.53507
2025-09-01,MO,0.0
2025-09-01,MO,17.426
2025-09-01,MO,2.434
2025-09-01,MO,5813.77483
2025-09-01,MO,568.21326
2025-09-01,MO,17.426
2025-09-01,MO,2.434
2025-09-01,MO,5823.30989
2025-09-01,MO,5843.16989
2025-09-01,MS,6077.58731
2025-09-01,MS,388.0032
2025-09-01,MS,0.0
2025-09-01,MS,0.0
2025-09-01,MS,160.00734
2025-09-01,MS,6465.59051
2025-09-01,MS,388.0032
2025-09-01,MS,0.0
2025-09-01,MS,160.00734
2025-09-01,MS,6465.59051
2025-09-01,MS,6625.59786
2025-09-01,MT,781.16239
2025-09-01,MT,1126.59699
2025-09-01,MT,31.317
2025-09-01,MT,
2025-09-01,MT,2.261
2025-09-01,MT,1907.75937
2025-09-01,MT,1157.91399
2025-09-01,MT,2.77385
2025-09-01,MT,1939.07637
2025-09-01,MT,1941.85022
2025-09-01,ND,2454.05289
2025-09-01,ND,619.18853
2025-09-01,ND,0.0
2025-09-01,ND,0.0
2025-09-01,ND,14.11226
2025-09-01,ND,3073.24142
2025-09-01,ND,619.18853
2025-09-01,ND,0.0
2025-09-01,ND,14.11226
2025-09-01,ND,3073.24142
2025-09-01,ND,3087.35368
2025-09-01,SD,842.18019
2025-09-01,SD,688.11618
2025-09-01,SD,
2025-09-01,SD,4.9269
2025-09-01,SD,1530.29638
2025-09-01,SD,688.11618
2025-09-01,SD,
2025-09-01,SD,4.9269
2025-09-01,SD,1530.29638
2025-09-01,SD,1535.22458
2025-09-01,TX,9558.12575
2025-09-01,TX,34762.46165
2025-09-01,TX,4013.96161
2025-09-01,TX,12.24165
2025-09-01,TX,74.58694
2025-09-01,TX,303.17932
2025-09-01,TX,3346.49964
2025-09-01,TX,44320.58739
2025-09-01,TX,38776.42325
2025-09-01,TX,217.75728
2025-09-01,TX,86.82859
2025-09-01,TX,3649.67895
2025-09-01,TX,48334.549
2025-09-01,TX,52071.05654
2025-09-01,WI,4610.18073
2025-09-01,WI,959.1897
2025-09-01,WI,
2025-09-01,WI,
2025-09-01,WI,8.68574
2025-09-01,WI,3.42548
2025-09-01,WI,88.27726
2025-09-01,WI,5569.37043
2025-09-01,WI,960.52949
2025-09-01,WI,10.23884
2025-09-01,WI,91.70273
2025-09-01,WI,5570.71022
2025-09-01,WI,5672.65179
2025-10-01,AR,4169.35976
2025-10-01,AR,669.77587
2025-10-01,AR,132.253
2025-10-01,AR,0.912
2025-10-01,AR,
2025-10-01,AR,
2025-10-01,AR,92.85309
2025-10-01,AR,4839.13563
2025-10-01,AR,802.02887
2025-10-01,AR,
2025-10-01,AR,93.16039
2025-10-01,AR,4971.38863
2025-10-01,AR,5068.09534
2025-10-01,IA,5191.82028
2025-10-01,IA,1161.86971
2025-10-01,IA,0.0
2025-10-01,IA,0.145
2025-10-01,IA,8.02746
2025-10-01,IA,
2025-10-01,IA,189.42781
2025-10-01,IA,6353.68998
2025-10-01,IA,1161.86971
2025-10-01,IA,8.17246
2025-10-01,IA,189.87255
2025-10-01,IA,6353.68998
2025-10-01,IA,6551.73499
2025-10-01,IL,634.32074
2025-10-01,IL,15002.42848
2025-10-01,IL,54.69872
2025-10-01,IL,
2025-10-01,IL,40.88644
2025-10-01,IL,
2025-10-01,IL,163.59563
2025-10-01,IL,15636.74922
2025-10-01,IL,15057.1272
2025-10-01,IL,42.82419
2025-10-01,IL,166.18634
2025-10-01,IL,15691.44794
2025-10-01,IL,15900.45847
2025-10-01,IN,5912.06618
2025-10-01,IN,2352.53941
2025-10-01,IN,350.3983
2025-10-01,IN,
2025-10-01,IN,17.90177
2025-10-01,IN,40.50876
2025-10-01,IN,461.92815
2025-10-01,IN,8264.60558
2025-10-01,IN,2702.93771
2025-10-01,IN,18.5353
2025-10-01,IN,502.4369
2025-10-01,IN,8615.00388
2025-10-01,IN,9135.97609
2025-10-01,KY,4793.61729
2025-10-01,KY,257.90048
2025-10-01,KY,
2025-10-01,KY,38.38802
2025-10-01,KY,5051.51777
2025-10-01,KY,257.90048
2025-10-01,KY,
2025-10-01,KY,38.38802
2025-10-01,KY,5051.51777
2025-10-01,KY,5090.04944
2025-10-01,LA,5526.56728
2025-10-01,LA,404.30582
2025-10-01,LA,247.679
2025-10-01,LA,15.45307
2025-10-01,LA,25.49878
2025-10-01,LA,2400.96127
2025-10-01,LA,5930.8731
2025-10-01,LA,651.98482
2025-10-01,LA,1.87642
2025-10-01,LA,15.45307
2025-10-01,LA,2426.46004
2025-10-01,LA,6178.5521
2025-10-01,LA,8620.46521
2025-10-01,MI,7125.98147
2025-10-01,MI,1223.54638
2025-10-01,MI,1525.95756
2025-10-01,MI,8.27417
2025-10-01,MI,54.50479
2025-10-01,MI,
2025-10-01,MI,108.79369
2025-10-01,MI,8349.52786
2025-10-01,MI,2749.50394
2025-10-01,MI,62.77896
2025-10-01,MI,109.63174
2025-10-01,MI,9875.48541
2025-10-01,MI,10047.89611
2025-10-01,MN,3091.71218
2025-10-01,MN,1320.80813
2025-10-01,MN,133.14458
2025-10-01,MN,
2025-10-01,MN,25.15027
2025-10-01,MN,3.931
2025-10-01,MN,109.65426
2025-10-01,MN,4412.52031
2025-10-01,MN,1453.95271
2025-10-01,MN,27.21476
2025-10-01,MN,113.58526
2025-10-01,MN,4545.66489
2025-10-01,MN,4686.46491
2025-10-01,MO,4867.67988
2025-10-01,MO,620.69141
2025-10-01,MO,
2025-10-01,MO,0.007
2025-10-01,MO,16.655
2025-10-01,MO,2.698
2025-10-01,MO,5488.37129
2025-10-01,MO,629.09165
2025-10-01,MO,16.662
2025-10-01,MO,2.698
2025-10-01,MO,5496.77153
2025-10-01,MO,5516.13153
2025-10-01,MS,5625.5923
2025-10-01,MS,297.39611
2025-10-01,MS,0.0
2025-10-01,MS,0.0
2025-10-01,MS,162.64135
2025-10-01,MS,5922.98841
2025-10-01,MS,297.39611
2025-10-01,MS,0.0
2025-10-01,MS,162.64135
2025-10-01,MS,5922.98841
2025-10-01,MS,6085.62976
2025-10-01,MT,954.70836
2025-10-01,MT,1465.10716
2025-10-01,MT,33.622
2025-10-01,MT,
2025-10-01,MT,2.20288
2025-10-01,MT,2419.81552
2025-10-01,MT,1498.72916
2025-10-01,MT,2.61301
2025-10-01,MT,2453.43752
2025-10-01,MT,2456.05053
2025-10-01,ND,2532.01474
2025-10-01,ND,1010.43958
2025-10-01,ND,0.026
2025-10-01,ND,0.0
2025-10-01,ND,12.37352
2025-10-01,ND,3542.45433
2025-10-01,ND,1010.43958
2025-10-01,ND,0.026
2025-10-01,ND,12.37352
2025-10-01,ND,3542.45433
2025-10-01,ND,3554.85385
2025-10-01,SD,791.18984
2025-10-01,SD,1096.14945
2025-10-01,SD,
2025-10-01,SD,
2025-10-01,SD,1887.33929
2025-10-01,SD,1096.14945
2025-10-01,SD,
2025-10-01,SD,
2025-10-01,SD,1887.33929
2025-10-01,SD,1892.60583
2025-10-01,TX,7910.65479
2025-10-01,TX,33807.58657
2025-10-01,TX,3577.20782
2025-10-01,TX,
2025-10-01,TX,68.18951
2025-10-01,TX,275.67996
2025-10-01,TX,3294.13296
2025-10-01,TX,41718.24136
2025-10-01,TX,37384.79439
2025-10-01,TX,197.52404
2025-10-01,TX,81.0823
2025-10-01,TX,3569.81292
2025-10-01,TX,45295.44918
2025-10-01,TX,48946.34439
2025-10-01,WI,3578.00213
2025-10-01,WI,1014.18894
2025-10-01,WI,
2025-10-01,WI,
2025-10-01,WI,8.91804
2025-10-01,WI,2.86297
2025-10-01,WI,89.40249
2025-10-01,WI,4592.19107
2025-10-01,WI,1015.93925
2025-10-01,WI,11.25877
2025-10-01,WI,92.26546
2025-10-01,WI,4593.94138
2025-10-01,WI,4697.46561
2025-11-01,AR,4736.13842
2025-11-01,AR,254.36048
2025-11-01,AR,126.357
2025-11-01,AR,0.995
2025-11-01,AR,
2025-11-01,AR,
2025-11-01,AR,95.03022
2025-11-01,AR,4990.4989
2025-11-01,AR,380.71748
2025-11-01,AR,
2025-11-01,AR,95.26696
2025-11-01,AR,5116.8559
2025-11-01,AR,5215.70979
2025-11-01,IA,4915.45414
2025-11-01,IA,1178.5501
2025-11-01,IA,0.0
2025-11-01,IA,0.0
2025-11-01,IA,10.43711
2025-11-01,IA,
2025-11-01,IA,180.29595
2025-11-01,IA,6094.00424
2025-11-01,IA,1178.5501
2025-11-01,IA,10.43711
2025-11-01,IA,180.62597
2025-11-01,IA,6094.00424
2025-11-01,IA,6285.06731
2025-11-01,IL,537.57191
2025-11-01,IL,14244.08643
2025-11-01,IL,50.81903
2025-11-01,IL,
2025-11-01,IL,33.48428
2025-11-01,IL,
2025-11-01,IL,176.85434
2025-11-01,IL,14781.65834
2025-11-01,IL,14294.90546
2025-11-01,IL,34.34377
2025-11-01,IL,178.37891
2025-11-01,IL,14832.47737
2025-11-01,IL,15045.20004
2025-11-01,IN,4585.48201
2025-11-01,IN,2214.69639
2025-11-01,IN,490.31025
2025-11-01,IN,
2025-11-01,IN,17.87234
2025-11-01,IN,44.01023
2025-11-01,IN,385.62195
2025-11-01,IN,6800.1784
2025-11-01,IN,2705.00664
2025-11-01,IN,18.5044
2025-11-01,IN,429.63218
2025-11-01,IN,7290.48865
2025-11-01,IN,7738.62523
2025-11-01,KY,5165.69387
2025-11-01,KY,161.79885
2025-11-01,KY,
2025-11-01,KY,42.65423
2025-11-01,KY,5327.49272
2025-11-01,KY,161.79885
2025-11-01,KY,
2025-11-01,KY,42.65423
2025-11-01,KY,5327.49272
2025-11-01,KY,5370.26448
2025-11-01,LA,5187.04902
2025-11-01,LA,408.49736
2025-11-01,LA,232.373
2025-11-01,LA,14.92846
2025-11-01,LA,17.25138
2025-11-01,LA,2397.92719
2025-11-01,LA,5595.54637
2025-11-01,LA,640.87036
2025-11-01,LA,1.91677
2025-11-01,LA,14.92846
2025-11-01,LA,2415.17856
2025-11-01,LA,5827.91937
2025-11-01,LA,8258.0264
2025-11-01,MI,7921.81476
2025-11-01,MI,1479.24279
2025-11-01,MI,1219.30647
2025-11-01,MI,8.88382
2025-11-01,MI,52.5095
2025-11-01,MI,
2025-11-01,MI,103.80116
2025-11-01,MI,9401.05755
2025-11-01,MI,2698.54926
2025-11-01,MI,61.39332
2025-11-01,MI,104.77675
2025-11-01,MI,10620.36402
2025-11-01,MI,10786.5341
2025-11-01,MN,3186.85734
2025-11-01,MN,1257.70922
2025-11-01,MN,133.33796
2025-11-01,MN,
2025-11-01,MN,26.2303
2025-11-01,MN,3.027
2025-11-01,MN,116.06047
2025-11-01,MN,4444.56656
2025-11-01,MN,1391.04718
2025-11-01,MN,28.61889
2025-11-01,MN,119.08747
2025-11-01,MN,4577.90452
2025-11-01,MN,4725.61088
2025-11-01,MO,4878.90449
2025-11-01,MO,466.44901
2025-11-01,MO,10.72508
2025-11-01,MO,0.009
2025-11-01,MO,15.94
2025-11-01,MO,3.248
2025-11-01,MO,5345.35349
2025-11-01,MO,477.17409
2025-11-01,MO,15.949
2025-11-01,MO,3.248
2025-11-01,MO,5356.07857
2025-11-01,MO,5375.27557
2025-11-01,MS,4615.64681
2025-11-01,MS,494.40747
2025-11-01,MS,0.0
2025-11-01,MS,0.0
2025-11-01,MS,164.72908
2025-11-01,MS,5110.05428
2025-11-01,MS,494.40747
2025-11-01,MS,0.0
2025-11-01,MS,164.72908
2025-11-01,MS,5110.05428
2025-11-01,MS,5274.78336
2025-11-01,MT,1080.07527
2025-11-01,MT,1497.45642
2025-11-01,MT,30.208
2025-11-01,MT,
2025-11-01,MT,2.21241
2025-11-01,MT,2577.53169
2025-11-01,MT,1527.66442
2025-11-01,MT,2.58363
2025-11-01,MT,2607.73969
2025-11-01,MT,2610.32331
2025-11-01,ND,2772.42205
2025-11-01,ND,929.6417
2025-11-01,ND,0.02
2025-11-01,ND,0.0
2025-11-01,ND,13.44557
2025-11-01,ND,3702.06376
2025-11-01,ND,929.6417
2025-11-01,ND,0.02
2025-11-01,ND,13.44557
2025-11-01,ND,3702.06376
2025-11-01,ND,3715.52932
2025-11-01,SD,947.06708
2025-11-01,SD,833.66237
2025-11-01,SD,
2025-11-01,SD,
2025-11-01,SD,1780.72945
2025-11-01,SD,833.66237
2025-11-01,SD,
2025-11-01,SD,
2025-11-01,SD,1780.72945
2025-11-01,SD,1785.6893
2025-11-01,TX,5470.88953
2025-11-01,TX,31026.98177
2025-11-01,TX,3180.49228
2025-11-01,TX,
2025-11-01,TX,58.47529
2025-11-01,TX,242.30487
2025-11-01,TX,3480.04031
2025-11-01,TX,36497.8713
2025-11-01,TX,34207.47406
2025-11-01,TX,174.627
2025-11-01,TX,71.28484
2025-11-01,TX,3722.34518
2025-11-01,TX,39678.36359
2025-11-01,TX,43471.9936
2025-11-01,WI,4092.37273
2025-11-01,WI,985.58201
2025-11-01,WI,
2025-11-01,WI,
2025-11-01,WI,8.83544
2025-11-01,WI,2.24714
2025-11-01,WI,102.08693
2025-11-01,WI,5077.95473
2025-11-01,WI,987.47219
2025-11-01,WI,11.40443
2025-11-01,WI,104.33407
2025-11-01,WI,5079.84492
2025-11-01,WI,5195.58342
2025-12-01,AR,5091.02748
2025-12-01,AR,210.29192
2025-12-01,AR,131.404
2025-12-01,AR,0.0
2025-12-01,AR,
2025-12-01,AR,
2025-12-01,AR,89.78096
2025-12-01,AR,5301.3194
2025-12-01,AR,341.69592
2025-12-01,AR,
2025-12-01,AR,89.96872
2025-12-01,AR,5432.7234
2025-12-01,AR,5525.50146
2025-12-01,IA,5777.56892
2025-12-01,IA,1348.16388
2025-12-01,IA,0.0
2025-12-01,IA,0.0
2025-12-01,IA,11.0609
2025-12-01,IA,
2025-12-01,IA,173.22103
2025-12-01,IA,7125.7328
2025-12-01,IA,1348.16388
2025-12-01,IA,11.0609
2025-12-01,IA,173.48786
2025-12-01,IA,7125.7328
2025-12-01,IA,7310.28155
2025-12-01,IL,604.14935
2025-12-01,IL,16675.99483
2025-12-01,IL,50.02249
2025-12-01,IL,
2025-12-01,IL,35.15105
2025-12-01,IL,
2025-12-01,IL,179.24173
2025-12-01,IL,17280.14417
2025-12-01,IL,16726.01732
2025-12-01,IL,35.9285
2025-12-01,IL,180.68984
2025-12-01,IL,17330.16667
2025-12-01,IL,17546.785
2025-12-01,IN,6025.88765
2025-12-01,IN,2748.08243
2025-12-01,IN,525.18225
2025-12-01,IN,
2025-12-01,IN,20.16675
2025-12-01,IN,41.93698
2025-12-01,IN,428.09449
2025-12-01,IN,8773.97008
2025-12-01,IN,3273.26467
2025-12-01,IN,20.77086
2025-12-01,IN,470.03146
2025-12-01,IN,9299.15232
2025-12-01,IN,9789.95464
2025-12-01,KY,6522.17709
2025-12-01,KY,145.77176
2025-12-01,KY,
2025-12-01,KY,48.39478
2025-12-01,KY,6667.94885
2025-12-01,KY,145.77176
2025-12-01,KY,
2025-12-01,KY,48.39478
2025-12-01,KY,6667.94885
2025-12-01,KY,6716.43177
2025-12-01,LA,5387.62675
2025-12-01,LA,447.86565
2025-12-01,LA,228.009
2025-12-01,LA,15.46767
2025-12-01,LA,34.35418
2025-12-01,LA,2473.70379
2025-12-01,LA,5835.4924
2025-12-01,LA,675.87465
2025-12-01,LA,1.6413
2025-12-01,LA,15.46767
2025-12-01,LA,2508.05797
2025-12-01,LA,6063.5014
2025-12-01,LA,8587.02703
2025-12-01,MI,8657.95513
2025-12-01,MI,1499.37753
2025-12-01,MI,1397.85208
2025-12-01,MI,9.2345
2025-12-01,MI,55.28884
2025-12-01,MI,
2025-12-01,MI,113.99945
2025-12-01,MI,10157.33265
2025-12-01,MI,2897.22961
2025-12-01,MI,64.52333
2025-12-01,MI,115.10876
2025-12-01,MI,11555.18474
2025-12-01,MI,11734.81683
2025-12-01,MN,4065.96043
2025-12-01,MN,1372.07041
2025-12-01,MN,135.03827
2025-12-01,MN,
2025-12-01,MN,25.86751
2025-12-01,MN,2.54531
2025-12-01,MN,107.95667
2025-12-01,MN,5438.03084
2025-12-01,MN,1507.10868
2025-12-01,MN,28.72526
2025-12-01,MN,110.50198
2025-12-01,MN,5573.06911
2025-12-01,MN,5712.29635
2025-12-01,MO,6070.69448
2025-12-01,MO,521.41889
2025-12-01,MO,11.59564
2025-12-01,MO,0.0
2025-12-01,MO,16.134
2025-12-01,MO,3.91802
2025-12-01,MO,6592.11337
2025-12-01,MO,533.01453
2025-12-01,MO,16.134
2025-12-01,MO,3.91802
2025-12-01,MO,6603.70901
2025-12-01,MO,6623.76103
2025-12-01,MS,5479.79332
2025-12-01,MS,449.85986
2025-12-01,MS,0.0
2025-12-01,MS,0.0
2025-12-01,MS,161.14163
2025-12-01,MS,5929.65318
2025-12-01,MS,449.85986
2025-12-01,MS,0.0
2025-12-01,MS,161.14163
2025-12-01,MS,5929.65318
2025-12-01,MS,6090.79481
2025-12-01,MT,1443.49341
2025-12-01,MT,1157.48366
2025-12-01,MT,35.93
2025-12-01,MT,
2025-12-01,MT,
2025-12-01,MT,2600.97707
2025-12-01,MT,1193.41366
2025-12-01,MT,
2025-12-01,MT,2636.90707
2025-12-01,MT,2639.28011
2025-12-01,ND,3111.88204
2025-12-01,ND,1093.44456
2025-12-01,ND,0.036
2025-12-01,ND,0.0
2025-12-01,ND,13.35658
2025-12-01,ND,4205.3266
2025-12-01,ND,1093.44456
2025-12-01,ND,0.036
2025-12-01,ND,13.35658
2025-12-01,ND,4205.3266
2025-12-01,ND,4218.71918
2025-12-01,SD,1149.93689
2025-12-01,SD,967.17541
2025-12-01,SD,
2025-12-01,SD,
2025-12-01,SD,2117.1123
2025-12-01,SD,967.17541
2025-12-01,SD,
2025-12-01,SD,
2025-12-01,SD,2117.1123
2025-12-01,SD,2122.20404
2025-12-01,TX,6574.82968
2025-12-01,TX,32015.62867
2025-12-01,TX,3634.89887
2025-12-01,TX,7.29766
2025-12-01,TX,57.92569
2025-12-01,TX,227.60395
2025-12-01,TX,3632.62637
2025-12-01,TX,38590.45835
2025-12-01,TX,35650.52753
2025-12-01,TX,171.96525
2025-12-01,TX,65.22336
2025-12-01,TX,3860.23032
2025-12-01,TX,42225.35721
2025-12-01,TX,46150.81089
2025-12-01,WI,4662.52666
2025-12-01,WI,1017.50012
2025-12-01,WI,1.75928
2025-12-01,WI,
2025-12-01,WI,10.19757
2025-12-01,WI,
2025-12-01,WI,106.76407
2025-12-01,WI,5680.02678
2025-12-01,WI,1019.25939
2025-12-01,WI,13.07699
2025-12-01,WI,109.45884
2025-12-01,WI,5681.78605
2025-12-01,WI,5804.32188
2026-01-01,AR,5481.20563
2026-01-01,AR,290.82228
2026-01-01,AR,92.86
2026-01-01,AR,-0.004
2026-01-01,AR,
2026-01-01,AR,
2026-01-01,AR,83.6035
2026-01-01,AR,5772.02791
2026-01-01,AR,383.68228
2026-01-01,AR,
2026-01-01,AR,83.81506
2026-01-01,AR,5864.88791
2026-01-01,AR,5951.43526
2026-01-01,IA,5426.12903
2026-01-01,IA,1269.86161
2026-01-01,IA,0.0
2026-01-01,IA,0.0
2026-01-01,IA,10.9788
2026-01-01,IA,
2026-01-01,IA,179.87998
2026-01-01,IA,6695.99065
2026-01-01,IA,1269.86161
2026-01-01,IA,10.9788
2026-01-01,IA,180.18896
2026-01-01,IA,6695.99065
2026-01-01,IA,6887.1584
2026-01-01,IL,659.46252
2026-01-01,IL,17204.88511
2026-01-01,IL,63.7564
2026-01-01,IL,
2026-01-01,IL,36.20142
2026-01-01,IL,
2026-01-01,IL,197.17641
2026-01-01,IL,17864.34764
2026-01-01,IL,17268.64152
2026-01-01,IL,36.98195
2026-01-01,IL,198.98751
2026-01-01,IL,17928.10404
2026-01-01,IL,18164.07349
2026-01-01,IN,7471.56221
2026-01-01,IN,2832.19756
2026-01-01,IN,562.03539
2026-01-01,IN,
2026-01-01,IN,20.84884
2026-01-01,IN,37.23082
2026-01-01,IN,453.17713
2026-01-01,IN,10303.75976
2026-01-01,IN,3394.23295
2026-01-01,IN,21.48851
2026-01-01,IN,490.40795
2026-01-01,IN,10865.79515
2026-01-01,IN,11377.69161
2026-01-01,KY,6894.03681
2026-01-01,KY,238.87481
2026-01-01,KY,
2026-01-01,KY,49.7698
2026-01-01,KY,7132.91162
2026-01-01,KY,238.87481
2026-01-01,KY,
2026-01-01,KY,49.7698
2026-01-01,KY,7132.91162
2026-01-01,KY,7182.78222
2026-01-01,LA,5527.09494
2026-01-01,LA,696.56207
2026-01-01,LA,223.221
2026-01-01,LA,13.47549
2026-01-01,LA,41.16908
2026-01-01,LA,2422.25341
2026-01-01,LA,6223.657
2026-01-01,LA,919.78307
2026-01-01,LA,1.7232
2026-01-01,LA,13.47549
2026-01-01,LA,2463.42249
2026-01-01,LA,6446.878
2026-01-01,LA,8923.77599
2026-01-01,MI,8903.65078
2026-01-01,MI,1538.45063
2026-01-01,MI,1468.00063
2026-01-01,MI,8.18921
2026-01-01,MI,58.80743
2026-01-01,MI,
2026-01-01,MI,118.03524
2026-01-01,MI,10442.10141
2026-01-01,MI,3006.45126
2026-01-01,MI,66.99664
2026-01-01,MI,119.03671
2026-01-01,MI,11910.10204
2026-01-01,MI,12096.13539
2026-01-01,MN,4177.32233
2026-01-01,MN,1289.86075
2026-01-01,MN,141.82281
2026-01-01,MN,
2026-01-01,MN,26.20674
2026-01-01,MN,9.77033
2026-01-01,MN,111.36285
2026-01-01,MN,5467.18308
2026-01-01,MN,1431.68356
2026-01-01,MN,28.77685
2026-01-01,MN,121.13318
2026-01-01,MN,5609.00589
2026-01-01,MN,5758.91591
2026-01-01,MO,6496.62325
2026-01-01,MO,770.22909
2026-01-01,MO,11.65385
2026-01-01,MO,0.005
2026-01-01,MO,16.461
2026-01-01,MO,4.519
2026-01-01,MO,7266.85234
2026-01-01,MO,781.88294
2026-01-01,MO,16.466
2026-01-01,MO,4.519
2026-01-01,MO,7278.50619
2026-01-01,MO,7299.49119
2026-01-01,MS,6338.47642
2026-01-01,MS,383.21468
2026-01-01,MS,0.0
2026-01-01,MS,0.0
2026-01-01,MS,167.48917
2026-01-01,MS,6721.69109
2026-01-01,MS,383.21468
2026-01-01,MS,0.0
2026-01-01,MS,167.48917
2026-01-01,MS,6721.69109
2026-01-01,MS,6889.18027
2026-01-01,MT,1685.43636
2026-01-01,MT,1404.76915
2026-01-01,MT,34.59
2026-01-01,MT,
2026-01-01,MT,
2026-01-01,MT,3090.20551
2026-01-01,MT,1439.35915
2026-01-01,MT,
2026-01-01,MT,3124.79551
2026-01-01,MT,3126.95605
2026-01-01,ND,3172.91789
2026-01-01,ND,1071.98784
2026-01-01,ND,0.072
2026-01-01,ND,0.0
2026-01-01,ND,13.37156
2026-01-01,ND,4244.90573
2026-01-01,ND,1071.98784
2026-01-01,ND,0.072
2026-01-01,ND,13.37156
2026-01-01,ND,4244.90573
2026-01-01,ND,4258.34929
2026-01-01,SD,1265.92967
2026-01-01,SD,905.28423
2026-01-01,SD,
2026-01-01,SD,
2026-01-01,SD,
2026-01-01,SD,2171.21391
2026-01-01,SD,905.28423
2026-01-01,SD,
2026-01-01,SD,6.26223
2026-01-01,SD,2171.21391
2026-01-01,SD,2177.47752
2026-01-01,TX,7934.97741
2026-01-01,TX,33403.3428
2026-01-01,TX,3746.57658
2026-01-01,TX,9.04757
2026-01-01,TX,49.71864
2026-01-01,TX,248.61506
2026-01-01,TX,3584.16454
2026-01-01,TX,41338.32021
2026-01-01,TX,37149.91937
2026-01-01,TX,181.25713
2026-01-01,TX,58.76621
2026-01-01,TX,3832.7796
2026-01-01,TX,45084.89678
2026-01-01,TX,48976.4426
2026-01-01,WI,4693.3654
2026-01-01,WI,1025.97851
2026-01-01,WI,
2026-01-01,WI,
2026-01-01,WI,9.25299
2026-01-01,WI,3.39842
2026-01-01,WI,100.27791
2026-01-01,WI,5719.3439
2026-01-01,WI,1027.23411
2026-01-01,WI,11.90976
2026-01-01,WI,103.67633
2026-01-01,WI,5720.5995
2026-01-01,WI,5836.18559
2026-02-01,AR,4659.962
2026-02-01,AR,309.79119
2026-02-01,AR,73.963
2026-02-01,AR,0.0
2026-02-01,AR,
2026-02-01,AR,
2026-02-01,AR,87.88759
2026-02-01,AR,4969.75319
2026-02-01,AR,383.75419
2026-02-01,AR,
2026-02-01,AR,88.12929
2026-02-01,AR,5043.71619
2026-02-01,AR,5134.18931
2026-02-01,IA,5039.64928
2026-02-01,IA,1161.95954
2026-02-01,IA,0.0
2026-02-01,IA,0.0
2026-02-01,IA,8.53448
2026-02-01,IA,
2026-02-01,IA,167.74844
2026-02-01,IA,6201.60881
2026-02-01,IA,1161.95954
2026-02-01,IA,8.53448
2026-02-01,IA,168.10898
2026-02-01,IA,6201.60881
2026-02-01,IA,6378.25227
2026-02-01,IL,608.16474
2026-02-01,IL,14003.26128
2026-02-01,IL,46.51879
2026-02-01,IL,
2026-02-01,IL,30.95005
2026-02-01,IL,
2026-02-01,IL,184.26425
2026-02-01,IL,14611.42602
2026-02-01,IL,14049.78008
2026-02-01,IL,31.71445
2026-02-01,IL,185.8724
2026-02-01,IL,14657.94481
2026-02-01,IL,14875.53166
2026-02-01,IN,6323.26919
2026-02-01,IN,2503.13415
2026-02-01,IN,505.34509
2026-02-01,IN,
2026-02-01,IN,19.76956
2026-02-01,IN,37.76354
2026-02-01,IN,400.66859
2026-02-01,IN,8826.40334
2026-02-01,IN,3008.47923
2026-02-01,IN,20.36249
2026-02-01,IN,438.43212
2026-02-01,IN,9331.74843
2026-02-01,IN,9790.54303
2026-02-01,KY,5803.88456
2026-02-01,KY,210.36843
2026-02-01,KY,
2026-02-01,KY,42.36594
2026-02-01,KY,6014.25298
2026-02-01,KY,210.36843
2026-02-01,KY,
2026-02-01,KY,42.36594
2026-02-01,KY,6014.25298
2026-02-01,KY,6056.73485
2026-02-01,LA,4870.68261
2026-02-01,LA,661.29616
2026-02-01,LA,195.853
2026-02-01,LA,10.89046
2026-02-01,LA,42.72537
2026-02-01,LA,2063.11275
2026-02-01,LA,5531.97877
2026-02-01,LA,857.14916
2026-02-01,LA,1.56979
2026-02-01,LA,10.89046
2026-02-01,LA,2105.83813
2026-02-01,LA,5727.83177
2026-02-01,LA,7844.56035
2026-02-01,MI,7034.59897
2026-02-01,MI,1309.83952
2026-02-01,MI,1433.74214
2026-02-01,MI,7.43023
2026-02-01,MI,53.2893
2026-02-01,MI,
2026-02-01,MI,105.03282
2026-02-01,MI,8344.43849
2026-02-01,MI,2743.58166
2026-02-01,MI,60.71952
2026-02-01,MI,105.87089
2026-02-01,MI,9778.18063
2026-02-01,MI,9944.77104
2026-02-01,MN,3282.79244
2026-02-01,MN,1165.6249
2026-02-01,MN,134.22219
2026-02-01,MN,
2026-02-01,MN,17.85937
2026-02-01,MN,3.00764
2026-02-01,MN,102.21074
2026-02-01,MN,4448.41734
2026-02-01,MN,1299.84709
2026-02-01,MN,19.89386
2026-02-01,MN,105.21838
2026-02-01,MN,4582.63953
2026-02-01,MN,4707.75177
2026-02-01,MO,4726.17
2026-02-01,MO,690.98308
2026-02-01,MO,10.16869
2026-02-01,MO,0.006
2026-02-01,MO,16.357
2026-02-01,MO,3.937
2026-02-01,MO,5417.15307
2026-02-01,MO,701.15177
2026-02-01,MO,16.363
2026-02-01,MO,3.937
2026-02-01,MO,5427.32176
2026-02-01,MO,5447.62176
2026-02-01,MS,5073.80251
2026-02-01,MS,378.9556
2026-02-01,MS,0.0
2026-02-01,MS,0.0
2026-02-01,MS,139.85754
2026-02-01,MS,5452.75812
2026-02-01,MS,378.9556
2026-02-01,MS,0.0
2026-02-01,MS,139.85754
2026-02-01,MS,5452.75812
2026-02-01,MS,5592.61566
2026-02-01,MT,1336.58551
2026-02-01,MT,1046.13019
2026-02-01,MT,39.449
2026-02-01,MT,
2026-02-01,MT,1.99654
2026-02-01,MT,2382.71569
2026-02-01,MT,1085.57919
2026-02-01,MT,2.34284
2026-02-01,MT,2422.16469
2026-02-01,MT,2424.50753
2026-02-01,ND,2714.17859
2026-02-01,ND,972.33493
2026-02-01,ND,0.01
2026-02-01,ND,0.0
2026-02-01,ND,11.93161
2026-02-01,ND,3686.51352
2026-02-01,ND,972.33493
2026-02-01,ND,0.01
2026-02-01,ND,11.93161
2026-02-01,ND,3686.51352
2026-02-01,ND,3698.45513
2026-02-01,SD,1014.81409
2026-02-01,SD,851.22028
2026-02-01,SD,
2026-02-01,SD,
2026-02-01,SD,4.90074
2026-02-01,SD,1866.03437
2026-02-01,SD,851.22028
2026-02-01,SD,
2026-02-01,SD,6.04169
2026-02-01,SD,1866.03437
2026-02-01,SD,1872.07698
2026-02-01,TX,6519.87993
2026-02-01,TX,28729.79997
2026-02-01,TX,3163.88017
2026-02-01,TX,10.40009
2026-02-01,TX,44.26753
2026-02-01,TX,248.06739
2026-02-01,TX,3108.32298
2026-02-01,TX,35249.6799
2026-02-01,TX,31893.68013
2026-02-01,TX,176.63395
2026-02-01,TX,54.66762
2026-02-01,TX,3356.39038
2026-02-01,TX,38413.56006
2026-02-01,TX,41824.61805
2026-02-01,WI,4079.39966
2026-02-01,WI,934.77342
2026-02-01,WI,
2026-02-01,WI,
2026-02-01,WI,7.6332
2026-02-01,WI,3.1564
2026-02-01,WI,91.56915
2026-02-01,WI,5014.17308
2026-02-01,WI,935.84209
2026-02-01,WI,9.86252
2026-02-01,WI,94.72554
2026-02-01,WI,5015.24175
2026-02-01,WI,5119.82981
2026-03-01,AR,4185.8288
2026-03-01,AR,708.56624
2026-03-01,AR,5.966
2026-03-01,AR,0.0
2026-03-01,AR,
2026-03-01,AR,
2026-03-01,AR,69.96193
2026-03-01,AR,4894.39504
2026-03-01,AR,714.53224
2026-03-01,AR,
2026-03-01,AR,70.29114
2026-03-01,AR,4900.36104
2026-03-01,AR,4973.02893
2026-03-01,IA,4947.90035
2026-03-01,IA,1354.11629
2026-03-01,IA,0.0
2026-03-01,IA,0.01
2026-03-01,IA,7.70325
2026-03-01,IA,
2026-03-01,IA,168.45766
2026-03-01,IA,6302.01664
2026-03-01,IA,1354.11629
2026-03-01,IA,7.71325
2026-03-01,IA,168.94066
2026-03-01,IA,6302.01664
2026-03-01,IA,6478.67055
2026-03-01,IL,549.34606
2026-03-01,IL,14667.01847
2026-03-01,IL,50.33419
2026-03-01,IL,
2026-03-01,IL,36.26293
2026-03-01,IL,
2026-03-01,IL,183.31596
2026-03-01,IL,15216.36453
2026-03-01,IL,14717.35266
2026-03-01,IL,37.47775
2026-03-01,IL,185.54862
2026-03-01,IL,15266.69872
2026-03-01,IL,15489.72509
2026-03-01,IN,5450.14342
2026-03-01,IN,2807.5186
2026-03-01,IN,474.30724
2026-03-01,IN,
2026-03-01,IN,17.02499
2026-03-01,IN,41.04612
2026-03-01,IN,466.6268
2026-03-01,IN,8257.66201
2026-03-01,IN,3281.82584
2026-03-01,IN,17.8503
2026-03-01,IN,507.67291
2026-03-01,IN,8731.96925
2026-03-01,IN,9257.49247
2026-03-01,KY,4373.94119
2026-03-01,KY,219.89299
2026-03-01,KY,
2026-03-01,KY,43.75008
2026-03-01,KY,4593.83418
2026-03-01,KY,219.89299
2026-03-01,KY,
2026-03-01,KY,43.75008
2026-03-01,KY,4593.83418
2026-03-01,KY,4637.74137
2026-03-01,LA,5110.03366
2026-03-01,LA,738.13607
2026-03-01,LA,0.0
2026-03-01,LA,12.81661
2026-03-01,LA,42.96179
2026-03-01,LA,2099.73768
2026-03-01,LA,5848.16973
2026-03-01,LA,738.13607
2026-03-01,LA,1.60102
2026-03-01,LA,12.81661
2026-03-01,LA,2142.69947
2026-03-01,LA,5848.16973
2026-03-01,LA,8003.68581
2026-03-01,MI,6151.56108
2026-03-01,MI,952.35122
2026-03-01,MI,1281.90233
2026-03-01,MI,8.91411
2026-03-01,MI,57.12
2026-03-01,MI,
2026-03-01,MI,111.95971
2026-03-01,MI,7103.9123
2026-03-01,MI,2234.25355
2026-03-01,MI,66.0341
2026-03-01,MI,112.91346
2026-03-01,MI,8385.81463
2026-03-01,MI,8564.76219
2026-03-01,MN,3138.2668
2026-03-01,MN,1454.5983
2026-03-01,MN,134.40705
2026-03-01,MN,
2026-03-01,MN,17.87282
2026-03-01,MN,9.59312
2026-03-01,MN,117.97583
2026-03-01,MN,4592.86511
2026-03-01,MN,1589.00536
2026-03-01,MN,20.68862
2026-03-01,MN,127.56895
2026-03-01,MN,4727.27216
2026-03-01,MN,4875.52972
2026-03-01,MO,4489.01572
2026-03-01,MO,979.33759
2026-03-01,MO,10.75856
2026-03-01,MO,0.004
2026-03-01,MO,17.58
2026-03-01,MO,3.838
2026-03-01,MO,5468.35331
2026-03-01,MO,990.09615
2026-03-01,MO,17.584
2026-03-01,MO,3.838
2026-03-01,MO,5479.11187
2026-03-01,MO,5500.53387
2026-03-01,MS,4745.64654
2026-03-01,MS,564.12669
2026-03-01,MS,0.0
2026-03-01,MS,0.0
2026-03-01,MS,157.68833
2026-03-01,MS,5309.77323
2026-03-01,MS,564.12669
2026-03-01,MS,0.0
2026-03-01,MS,157.68833
2026-03-01,MS,5309.77323
2026-03-01,MS,5467.46156
2026-03-01,MT,1443.29888
2026-03-01,MT,975.70138
2026-03-01,MT,43.663
2026-03-01,MT,
2026-03-01,MT,
2026-03-01,MT,2419.00026
2026-03-01,MT,1019.36438
2026-03-01,MT,
2026-03-01,MT,2462.66326
2026-03-01,MT,2464.4915
2026-03-01,ND,2731.22206
2026-03-01,ND,1111.13063
2026-03-01,ND,0.014
2026-03-01,ND,0.0
2026-03-01,ND,11.75573
2026-03-01,ND,3842.35268
2026-03-01,ND,1111.13063
2026-03-01,ND,0.014
2026-03-01,ND,11.75573
2026-03-01,ND,3842.35268
2026-03-01,ND,3854.12241
2026-03-01,SD,1104.87259
2026-03-01,SD,1073.25204
2026-03-01,SD,
2026-03-01,SD,
2026-03-01,SD,
2026-03-01,SD,2178.12462
2026-03-01,SD,1073.25204
2026-03-01,SD,
2026-03-01,SD,6.49197
2026-03-01,SD,2178.12462
2026-03-01,SD,2184.61794
2026-03-01,TX,6060.15655
2026-03-01,TX,33803.87316
2026-03-01,TX,3279.73081
2026-03-01,TX,
2026-03-01,TX,43.06947
2026-03-01,TX,282.75185
2026-03-01,TX,3376.62498
2026-03-01,TX,39864.02971
2026-03-01,TX,37083.60397
2026-03-01,TX,200.74188
2026-03-01,TX,54.94964
2026-03-01,TX,3659.37682
2026-03-01,TX,43143.76053
2026-03-01,TX,46858.08699
2026-03-01,WI,3891.75782
2026-03-01,WI,779.48132
2026-03-01,WI,
2026-03-01,WI,
2026-03-01,WI,9.31653
2026-03-01,WI,3.65943
2026-03-01,WI,106.26967
2026-03-01,WI,4671.23914
2026-03-01,WI,780.72262
2026-03-01,WI,12.37681
2026-03-01,WI,109.9291
2026-03-01,WI,4672.48043
2026-03-01,WI,4794.78634
2026-04-01,AR,3454.87266
2026-04-01,AR,757.96226
2026-04-01,AR,43.53
2026-04-01,AR,1.53648
2026-04-01,AR,
2026-04-01,AR,
2026-04-01,AR,73.34979
2026-04-01,AR,4212.83492
2026-04-01,AR,801.49226
2026-04-01,AR,
2026-04-01,AR,73.6971
2026-04-01,AR,4256.36492
2026-04-01,AR,4334.02841
2026-04-01,IA,4918.67351
2026-04-01,IA,1388.97799
2026-04-01,IA,0.0
2026-04-01,IA,0.007
2026-04-01,IA,7.50139
2026-04-01,IA,
2026-04-01,IA,173.58751
2026-04-01,IA,6307.6515
2026-04-01,IA,1388.97799
2026-04-01,IA,7.50839
2026-04-01,IA,174.1004
2026-04-01,IA,6307.6515
2026-04-01,IA,6489.26029
2026-04-01,IL,606.56697
2026-04-01,IL,14395.26205
2026-04-01,IL,49.95511
2026-04-01,IL,
2026-04-01,IL,29.0473
2026-04-01,IL,
2026-04-01,IL,147.75219
2026-04-01,IL,15001.82902
2026-04-01,IL,14445.21716
2026-04-01,IL,30.07352
2026-04-01,IL,150.17888
2026-04-01,IL,15051.78414
2026-04-01,IL,15232.03654
2026-04-01,IN,5487.24484
2026-04-01,IN,2746.99637
2026-04-01,IN,472.59924
2026-04-01,IN,
2026-04-01,IN,16.58322
2026-04-01,IN,49.55096
2026-04-01,IN,415.24636
2026-04-01,IN,8234.24122
2026-04-01,IN,3219.59562
2026-04-01,IN,17.33863
2026-04-01,IN,464.79731
2026-04-01,IN,8706.84046
2026-04-01,IN,9188.97639
2026-04-01,KY,4761.52557
2026-04-01,KY,265.96871
2026-04-01,KY,
2026-04-01,KY,33.18552
2026-04-01,KY,5027.49428
2026-04-01,KY,265.96871
2026-04-01,KY,
2026-04-01,KY,33.18552
2026-04-01,KY,5027.49428
2026-04-01,KY,5060.85038
2026-04-01,LA,5206.32127
2026-04-01,LA,656.16629
2026-04-01,LA,230.572
2026-04-01,LA,15.4375
2026-04-01,LA,26.35167
2026-04-01,LA,2237.40355
2026-04-01,LA,5862.48757
2026-04-01,LA,886.73829
2026-04-01,LA,1.79631
2026-04-01,LA,15.4375
2026-04-01,LA,2263.75521
2026-04-01,LA,6093.05957
2026-04-01,LA,8372.25227
2026-04-01,MI,5158.46709
2026-04-01,MI,1456.32935
2026-04-01,MI,1219.13523
2026-04-01,MI,1.44765
2026-04-01,MI,50.76726
2026-04-01,MI,
2026-04-01,MI,104.31051
2026-04-01,MI,6614.79644
2026-04-01,MI,2675.46458
2026-04-01,MI,52.21491
2026-04-01,MI,105.23299
2026-04-01,MI,7833.93167
2026-04-01,MI,7991.37957
2026-04-01,MN,2950.69869
2026-04-01,MN,1254.91784
2026-04-01,MN,117.19848
2026-04-01,MN,
2026-04-01,MN,16.4232
2026-04-01,MN,3.97883
2026-04-01,MN,106.20827
2026-04-01,MN,4205.61653
2026-04-01,MN,1372.11632
2026-04-01,MN,18.99053
2026-04-01,MN,110.1871
2026-04-01,MN,4322.81501
2026-04-01,MN,4451.99265
2026-04-01,MO,4050.86543
2026-04-01,MO,939.26868
2026-04-01,MO,9.05271
2026-04-01,MO,0.008
2026-04-01,MO,16.175
2026-04-01,MO,3.383
2026-04-01,MO,4990.13411
2026-04-01,MO,948.32139
2026-04-01,MO,16.183
2026-04-01,MO,3.383
2026-04-01,MO,4999.18682
2026-04-01,MO,5018.75282
2026-04-01,MS,5033.62932
2026-04-01,MS,632.69118
2026-04-01,MS,0.0
2026-04-01,MS,0.0
2026-04-01,MS,121.22468
2026-04-01,MS,5666.3205
2026-04-01,MS,632.69118
2026-04-01,MS,0.0
2026-04-01,MS,121.22468
2026-04-01,MS,5666.3205
2026-04-01,MS,5787.54518
2026-04-01,MT,1259.86664
2026-04-01,MT,890.5607
2026-04-01,MT,42.467
2026-04-01,MT,
2026-04-01,MT,1.46486
2026-04-01,MT,2150.42734
2026-04-01,MT,933.0277
2026-04-01,MT,
2026-04-01,MT,2192.89434
2026-04-01,MT,2194.88904
2026-04-01,ND,2340.22092
2026-04-01,ND,1108.88952
2026-04-01,ND,0.008
2026-04-01,ND,0.0
2026-04-01,ND,11.16506
2026-04-01,ND,3449.11044
2026-04-01,ND,1108.88952
2026-04-01,ND,0.008
2026-04-01,ND,11.16506
2026-04-01,ND,3449.11044
2026-04-01,ND,3460.2835
2026-04-01,SD,839.46186
2026-04-01,SD,922.80404
2026-04-01,SD,
2026-04-01,SD,
2026-04-01,SD,
2026-04-01,SD,1762.2659
2026-04-01,SD,922.80404
2026-04-01,SD,
2026-04-01,SD,
2026-04-01,SD,1762.2659
2026-04-01,SD,1768.18335
2026-04-01,TX,5787.93231
2026-04-01,TX,34507.16063
2026-04-01,TX,3075.78094
2026-04-01,TX,21.76295
2026-04-01,TX,48.14301
2026-04-01,TX,282.89464
2026-04-01,TX,3233.91696
2026-04-01,TX,40295.09294
2026-04-01,TX,37582.94157
2026-04-01,TX,208.94151
2026-04-01,TX,69.90597
2026-04-01,TX,3516.8116
2026-04-01,TX,43370.87388
2026-04-01,TX,46957.59145
2026-04-01,WI,3030.90492
2026-04-01,WI,835.78936
2026-04-01,WI,
2026-04-01,WI,
2026-04-01,WI,12.422
2026-04-01,WI,2.91121
2026-04-01,WI,89.23809
2026-04-01,WI,3866.69429
2026-04-01,WI,836.86273
2026-04-01,WI,15.32435
2026-04-01,WI,92.14931
2026-04-01,WI,3867.76765
2026-04-01,WI,3975.2413
2026-05-01,AR,3951.93783
2026-05-01,AR,740.04496
2026-05-01,AR,88.25
2026-05-01,AR,1.30661
2026-05-01,AR,
2026-05-01,AR,
2026-05-01,AR,88.78608
2026-05-01,AR,4691.9828
2026-05-01,AR,828.29496
2026-05-01,AR,
2026-05-01,AR,89.17822
2026-05-01,AR,4780.2328
2026-05-01,AR,4873.33128
2026-05-01,IA,4437.47913
2026-05-01,IA,1103.65341
2026-05-01,IA,0.0
2026-05-01,IA,0.0
2026-05-01,IA,7.38782
2026-05-01,IA,
2026-05-01,IA,171.2872
2026-05-01,IA,5541.13255
2026-05-01,IA,1103.65341
2026-05-01,IA,7.38782
2026-05-01,IA,171.86336
2026-05-01,IA,5541.13255
2026-05-01,IA,5720.38372
2026-05-01,IL,284.1554
2026-05-01,IL,14280.72861
2026-05-01,IL,55.23617
2026-05-01,IL,
2026-05-01,IL,31.45152
2026-05-01,IL,
2026-05-01,IL,161.5276
2026-05-01,IL,14564.88401
2026-05-01,IL,14335.96478
2026-05-01,IL,32.74282
2026-05-01,IL,163.8771
2026-05-01,IL,14620.12018
2026-05-01,IL,14816.74009
2026-05-01,IN,4567.93983
2026-05-01,IN,2355.23407
2026-05-01,IN,376.25901
2026-05-01,IN,
2026-05-01,IN,16.91821
2026-05-01,IN,56.00999
2026-05-01,IN,289.13252
2026-05-01,IN,6923.1739
2026-05-01,IN,2731.49308
2026-05-01,IN,17.70432
2026-05-01,IN,345.14251
2026-05-01,IN,7299.43291
2026-05-01,IN,7662.27974
2026-05-01,KY,5157.74702
2026-05-01,KY,274.16108
2026-05-01,KY,
2026-05-01,KY,39.18593
2026-05-01,KY,5431.9081
2026-05-01,KY,274.16108
2026-05-01,KY,
2026-05-01,KY,39.18593
2026-05-01,KY,5431.9081
2026-05-01,KY,5471.28121
2026-05-01,LA,5641.71573
2026-05-01,LA,761.97314
2026-05-01,LA,247.359
2026-05-01,LA,16.30177
2026-05-01,LA,47.57586
2026-05-01,LA,2416.67922
2026-05-01,LA,6403.68886
2026-05-01,LA,1009.33214
2026-05-01,LA,1.78997
2026-05-01,LA,16.30177
2026-05-01,LA,2464.25509
2026-05-01,LA,6651.04786
2026-05-01,LA,9131.60472
2026-05-01,MI,6654.34124
2026-05-01,MI,1654.87923
2026-05-01,MI,1312.22546
2026-05-01,MI,
2026-05-01,MI,53.80281
2026-05-01,MI,
2026-05-01,MI,97.93884
2026-05-01,MI,8309.22047
2026-05-01,MI,2967.10469
2026-05-01,MI,53.8994
2026-05-01,MI,98.90059
2026-05-01,MI,9621.44593
2026-05-01,MI,9774.24593
2026-05-01,MN,3125.54416
2026-05-01,MN,1201.60234
2026-05-01,MN,106.35125
2026-05-01,MN,
2026-05-01,MN,12.47751
2026-05-01,MN,5.58857
2026-05-01,MN,114.12477
2026-05-01,MN,4327.1465
2026-05-01,MN,1307.95359
2026-05-01,MN,14.61083
2026-05-01,MN,119.71334
2026-05-01,MN,4433.49775
2026-05-01,MN,4567.82191
2026-05-01,MO,4700.42291
2026-05-01,MO,975.9154
2026-05-01,MO,
2026-05-01,MO,0.0
2026-05-01,MO,12.692
2026-05-01,MO,3.161
2026-05-01,MO,5676.33831
2026-05-01,MO,985.08824
2026-05-01,MO,12.692
2026-05-01,MO,3.161
2026-05-01,MO,5685.51114
2026-05-01,MO,5701.36414
2026-05-01,MS,5722.25882
2026-05-01,MS,534.98441
2026-05-01,MS,0.0
2026-05-01,MS,0.0
2026-05-01,MS,147.36205
2026-05-01,MS,6257.24323
2026-05-01,MS,534.98441
2026-05-01,MS,0.0
2026-05-01,MS,147.36205
2026-05-01,MS,6257.24323
2026-05-01,MS,6404.60527
2026-05-01,MT,1264.28501
2026-05-01,MT,743.9667
2026-05-01,MT,43.471
2026-05-01,MT,
2026-05-01,MT,
2026-05-01,MT,2008.25171
2026-05-01,MT,787.4377
2026-05-01,MT,
2026-05-01,MT,2051.72271
2026-05-01,MT,2053.07104
2026-05-01,ND,2531.43814
2026-05-01,ND,1057.80928
2026-05-01,ND,0.0
2026-05-01,ND,0.0
2026-05-01,ND,12.09071
2026-05-01,ND,3589.24743
2026-05-01,ND,1057.80928
2026-05-01,ND,0.0
2026-05-01,ND,12.09071
2026-05-01,ND,3589.24743
2026-05-01,ND,3601.33814
2026-05-01,SD,856.5805
2026-05-01,SD,940.17309
2026-05-01,SD,
2026-05-01,SD,
2026-05-01,SD,
2026-05-01,SD,1796.75359
2026-05-01,SD,940.17309
2026-05-01,SD,
2026-05-01,SD,
2026-05-01,SD,1796.75359
2026-05-01,SD,1802.77971
2026-05-01,TX,7086.85879
2026-05-01,TX,36766.18034
2026-05-01,TX,3317.76946
2026-05-01,TX,31.32869
2026-05-01,TX,45.41157
2026-05-01,TX,301.06851
2026-05-01,TX,3141.4021
2026-05-01,TX,43853.03912
2026-05-01,TX,40083.9498
2026-05-01,TX,216.76835
2026-05-01,TX,76.74026
2026-05-01,TX,3442.47061
2026-05-01,TX,47170.80858
2026-05-01,TX,50690.01944
2026-05-01,WI,3421.60444
2026-05-01,WI,1058.63152
2026-05-01,WI,
2026-05-01,WI,
2026-05-01,WI,11.08436
2026-05-01,WI,3.43207
2026-05-01,WI,83.94493
2026-05-01,WI,4480.23596
2026-05-01,WI,1059.47809
2026-05-01,WI,13.60881
2026-05-01,WI,87.377
2026-05-01,WI,4481.08253
2026-05-01,WI,4582.06834
2026-06-01,AR,5357.68948
2026-06-01,AR,861.23104
2026-06-01,AR,118.255
2026-06-01,AR,1.3905
2026-06-01,AR,
2026-06-01,AR,
2026-06-01,AR,84.26874
2026-06-01,AR,6218.92052
2026-06-01,AR,979.48604
2026-06-01,AR,
2026-06-01,AR,84.67897
2026-06-01,AR,6337.17552
2026-06-01,AR,6425.85773
2026-06-01,IA,4980.93554
2026-06-01,IA,952.26515
2026-06-01,IA,0.0
2026-06-01,IA,0.0
2026-06-01,IA,7.5793
2026-06-01,IA,
2026-06-01,IA,197.61819
2026-06-01,IA,5933.20069
2026-06-01,IA,952.26515
2026-06-01,IA,7.5793
2026-06-01,IA,198.2256
2026-06-01,IA,5933.20069
2026-06-01,IA,6139.00559
2026-06-01,IL,681.39254
2026-06-01,IL,15720.15113
2026-06-01,IL,55.17306
2026-06-01,IL,
2026-06-01,IL,31.74095
2026-06-01,IL,
2026-06-01,IL,181.65203
2026-06-01,IL,16401.54367
2026-06-01,IL,15775.32419
2026-06-01,IL,32.75603
2026-06-01,IL,184.14398
2026-06-01,IL,16456.71673
2026-06-01,IL,16673.61674
2026-06-01,IN,5306.10326
2026-06-01,IN,2336.34189
2026-06-01,IN,498.72298
2026-06-01,IN,
2026-06-01,IN,16.45908
2026-06-01,IN,47.13839
2026-06-01,IN,195.57498
2026-06-01,IN,7642.44515
2026-06-01,IN,2835.06487
2026-06-01,IN,17.21941
2026-06-01,IN,242.71337
2026-06-01,IN,8141.16813
2026-06-01,IN,8401.1009
2026-06-01,KY,5840.60962
2026-06-01,KY,301.61914
2026-06-01,KY,
2026-06-01,KY,39.06458
2026-06-01,KY,6142.22876
2026-06-01,KY,301.61914
2026-06-01,KY,
2026-06-01,KY,39.06458
2026-06-01,KY,6142.22876
2026-06-01,KY,6181.48946
2026-06-01,LA,6378.83684
2026-06-01,LA,893.83482
2026-06-01,LA,225.68
2026-06-01,LA,15.15454
2026-06-01,LA,44.08418
2026-06-01,LA,2221.77032
2026-06-01,LA,7272.67167
2026-06-01,LA,1119.51482
2026-06-01,LA,2.05332
2026-06-01,LA,15.15454
2026-06-01,LA,2265.85451
2026-06-01,LA,7498.35167
2026-06-01,LA,9779.36071
2026-06-01,MI,6814.40844
2026-06-01,MI,1570.41537
2026-06-01,MI,1260.56342
2026-06-01,MI,1.26271
2026-06-01,MI,54.80551
2026-06-01,MI,
2026-06-01,MI,102.24619
2026-06-01,MI,8384.82382
2026-06-01,MI,2830.97879
2026-06-01,MI,56.06821
2026-06-01,MI,103.28456
2026-06-01,MI,9645.38724
2026-06-01,MI,9804.74
2026-06-01,MN,3459.38705
2026-06-01,MN,1179.86302
2026-06-01,MN,116.35603
2026-06-01,MN,
2026-06-01,MN,17.28491
2026-06-01,MN,5.07773
2026-06-01,MN,109.52194
2026-06-01,MN,4639.25006
2026-06-01,MN,1296.21905
2026-06-01,MN,19.4919
2026-06-01,MN,114.59967
2026-06-01,MN,4755.60609
2026-06-01,MN,4889.69766
2026-06-01,MO,5118.13688
2026-06-01,MO,919.90212
2026-06-01,MO,
2026-06-01,MO,0.004
2026-06-01,MO,16.049
2026-06-01,MO,2.616
2026-06-01,MO,6038.039
2026-06-01,MO,929.62914
2026-06-01,MO,16.053
2026-06-01,MO,2.616
2026-06-01,MO,6047.76601
2026-06-01,MO,6066.43501
2026-06-01,MS,6240.94186
2026-06-01,MS,503.64264
2026-06-01,MS,0.0
2026-06-01,MS,0.0
2026-06-01,MS,154.57557
2026-06-01,MS,6744.5845
2026-06-01,MS,503.64264
2026-06-01,MS,0.0
2026-06-01,MS,154.57557
2026-06-01,MS,6744.5845
2026-06-01,MS,6899.16007
2026-06-01,MT,1322.74792
2026-06-01,MT,886.93171
2026-06-01,MT,13.972
2026-06-01,MT,
2026-06-01,MT,
2026-06-01,MT,2209.67963
2026-06-01,MT,900.90371
2026-06-01,MT,
2026-06-01,MT,2223.65163
2026-06-01,MT,2225.7257
2026-06-01,ND,2741.69582
2026-06-01,ND,960.13626
2026-06-01,ND,0.0
2026-06-01,ND,0.0
2026-06-01,ND,11.97005
2026-06-01,ND,3701.83207
2026-06-01,ND,960.13626
2026-06-01,ND,0.0
2026-06-01,ND,11.97005
2026-06-01,ND,3701.83207
2026-06-01,ND,3713.80212
2026-06-01,SD,995.36911
2026-06-01,SD,801.94392
2026-06-01,SD,
2026-06-01,SD,
2026-06-01,SD,
2026-06-01,SD,1797.31303
2026-06-01,SD,801.94392
2026-06-01,SD,
2026-06-01,SD,
2026-06-01,SD,1797.31303
2026-06-01,SD,1803.6566
2026-06-01,TX,9072.27631
2026-06-01,TX,41482.5259
2026-06-01,TX,3751.75882
2026-06-01,TX,42.47593
2026-06-01,TX,56.68108
2026-06-01,TX,296.50684
2026-06-01,TX,3142.44621
2026-06-01,TX,50554.80221
2026-06-01,TX,45234.28471
2026-06-01,TX,203.33175
2026-06-01,TX,99.15701
2026-06-01,TX,3438.95305
2026-06-01,TX,54306.56102
2026-06-01,TX,57844.67108
2026-06-01,WI,4424.03009
2026-06-01,WI,1021.51893
2026-06-01,WI,
2026-06-01,WI,
2026-06-01,WI,9.48914
2026-06-01,WI,3.06709
2026-06-01,WI,81.07245
2026-06-01,WI,5445.54902
2026-06-01,WI,1022.49613
2026-06-01,WI,11.81596
2026-06-01,WI,84.13955
2026-06-01,WI,5446.52622
2026-06-01,WI,5542.48173
